power_VDD_CPU_GPU_CV_w,power_VDD_IN_w,power_VDD_SOC_w,ram_used_mb,raw,temperature_cpu_c,temperature_gpu_c,temperature_soc0_c,temperature_soc1_c,temperature_soc2_c,temperature_tj_c,timestamp_ns
0.515,5.277,1.505,2751,"09-12-2026 13:15:33 RAM 2751/7620MB (lfb 8x4MB) SWAP 418/3810MB (cached 0MB) CPU [1%@960,1%@960,1%@960,3%@960,0%@729,0%@729] GR3D_FREQ 34% cpu@52.718C soc2@51.843C soc0@52.562C gpu@53.25C tj@53.593C soc1@53.593C VDD_IN 5277mW/5277mW VDD_CPU_GPU_CV 515mW/515mW VDD_SOC 1505mW/1505mW",52.718,53.25,52.562,53.593,51.843,53.593,1789215333873764485
0.515,5.277,1.505,2751,"09-12-2026 13:15:34 RAM 2751/7620MB (lfb 8x4MB) SWAP 418/3810MB (cached 0MB) CPU [0%@729,0%@729,1%@729,0%@729,0%@729,0%@729] GR3D_FREQ 0% cpu@52.718C soc2@51.812C soc0@52.625C gpu@52.781C tj@53.656C soc1@53.656C VDD_IN 5277mW/5277mW VDD_CPU_GPU_CV 515mW/515mW VDD_SOC 1505mW/1505mW",52.718,52.781,52.625,53.656,51.812,53.656,1789215334881653421
0.515,5.237,1.505,2751,"09-12-2026 13:15:35 RAM 2751/7620MB (lfb 8x4MB) SWAP 418/3810MB (cached 0MB) CPU [2%@729,0%@729,0%@729,0%@729,0%@729,0%@729] GR3D_FREQ 0% cpu@52.75C soc2@51.75C soc0@52.656C gpu@53C tj@53.687C soc1@53.687C VDD_IN 5237mW/5264mW VDD_CPU_GPU_CV 515mW/515mW VDD_SOC 1505mW/1505mW",52.75,53.0,52.656,53.687,51.75,53.687,1789215335887881576
0.515,5.237,1.505,2751,"09-12-2026 13:15:36 RAM 2751/7620MB (lfb 8x4MB) SWAP 418/3810MB (cached 0MB) CPU [1%@729,0%@729,1%@729,1%@729,0%@729,0%@729] GR3D_FREQ 0% cpu@52.875C soc2@51.75C soc0@52.718C gpu@52.968C tj@53.468C soc1@53.531C VDD_IN 5237mW/5257mW VDD_CPU_GPU_CV 515mW/515mW VDD_SOC 1505mW/1505mW",52.875,52.968,52.718,53.531,51.75,53.468,1789215336893046521
0.515,5.237,1.505,2751,"09-12-2026 13:15:37 RAM 2751/7620MB (lfb 8x4MB) SWAP 418/3810MB (cached 0MB) CPU [0%@729,0%@729,0%@729,0%@729,0%@729,0%@729] GR3D_FREQ 0% cpu@52.843C soc2@51.781C soc0@52.531C gpu@52.656C tj@53.593C soc1@53.593C VDD_IN 5237mW/5253mW VDD_CPU_GPU_CV 515mW/515mW VDD_SOC 1505mW/1505mW",52.843,52.656,52.531,53.593,51.781,53.593,1789215337900645984
0.515,5.237,1.505,2751,"09-12-2026 13:15:38 RAM 2751/7620MB (lfb 8x4MB) SWAP 418/3810MB (cached 0MB) CPU [1%@729,0%@729,2%@729,0%@729,0%@729,0%@729] GR3D_FREQ 0% cpu@52.718C soc2@51.781C soc0@52.625C gpu@52.718C tj@53.5C soc1@53.5C VDD_IN 5237mW/5250mW VDD_CPU_GPU_CV 515mW/515mW VDD_SOC 1505mW/1505mW",52.718,52.718,52.625,53.5,51.781,53.5,1789215338906119273
0.515,5.237,1.505,2751,"09-12-2026 13:15:39 RAM 2751/7620MB (lfb 8x4MB) SWAP 418/3810MB (cached 0MB) CPU [1%@1728,0%@1728,1%@1728,0%@1728,0%@729,0%@729] GR3D_FREQ 0% cpu@52.75C soc2@51.656C soc0@52.593C gpu@52.687C tj@53.718C soc1@53.718C VDD_IN 5237mW/5248mW VDD_CPU_GPU_CV 515mW/515mW VDD_SOC 1505mW/1505mW",52.75,52.687,52.593,53.718,51.656,53.718,1789215339912463069
0.515,5.237,1.505,2751,"09-12-2026 13:15:40 RAM 2751/7620MB (lfb 8x4MB) SWAP 418/3810MB (cached 0MB) CPU [1%@1728,1%@1728,2%@1728,0%@1728,0%@729,0%@729] GR3D_FREQ 0% cpu@52.687C soc2@51.718C soc0@52.593C gpu@52.781C tj@53.437C soc1@53.437C VDD_IN 5237mW/5247mW VDD_CPU_GPU_CV 515mW/515mW VDD_SOC 1505mW/1505mW",52.687,52.781,52.593,53.437,51.718,53.437,1789215340919458021
0.515,5.237,1.505,2751,"09-12-2026 13:15:41 RAM 2751/7620MB (lfb 8x4MB) SWAP 418/3810MB (cached 0MB) CPU [0%@729,0%@729,1%@729,1%@729,0%@729,0%@729] GR3D_FREQ 0% cpu@52.812C soc2@51.625C soc0@52.406C gpu@52.906C tj@53.406C soc1@53.406C VDD_IN 5237mW/5246mW VDD_CPU_GPU_CV 515mW/515mW VDD_SOC 1505mW/1505mW",52.812,52.906,52.406,53.406,51.625,53.406,1789215341925615004
0.475,5.237,1.505,2751,"09-12-2026 13:15:42 RAM 2751/7620MB (lfb 8x4MB) SWAP 418/3810MB (cached 0MB) CPU [1%@729,0%@729,0%@729,0%@729,0%@729,0%@729] GR3D_FREQ 0% cpu@52.562C soc2@51.593C soc0@52.437C gpu@52.812C tj@53.406C soc1@53.406C VDD_IN 5237mW/5245mW VDD_CPU_GPU_CV 475mW/511mW VDD_SOC 1505mW/1505mW",52.562,52.812,52.437,53.406,51.593,53.406,1789215342931902479
0.475,5.237,1.505,2751,"09-12-2026 13:15:43 RAM 2751/7620MB (lfb 8x4MB) SWAP 418/3810MB (cached 0MB) CPU [1%@729,1%@729,0%@729,0%@729,0%@729,0%@729] GR3D_FREQ 0% cpu@52.625C soc2@51.5C soc0@52.437C gpu@52.687C tj@53.593C soc1@53.593C VDD_IN 5237mW/5244mW VDD_CPU_GPU_CV 475mW/508mW VDD_SOC 1505mW/1505mW",52.625,52.687,52.437,53.593,51.5,53.593,1789215343939448697
0.475,5.237,1.505,2751,"09-12-2026 13:15:44 RAM 2751/7620MB (lfb 8x4MB) SWAP 418/3810MB (cached 0MB) CPU [0%@729,0%@729,0%@729,1%@729,0%@729,0%@729] GR3D_FREQ 0% cpu@52.687C soc2@51.562C soc0@52.375C gpu@52.656C tj@53.375C soc1@53.375C VDD_IN 5237mW/5244mW VDD_CPU_GPU_CV 475mW/505mW VDD_SOC 1505mW/1505mW",52.687,52.656,52.375,53.375,51.562,53.375,1789215344946176854
0.515,5.237,1.505,2751,"09-12-2026 13:15:45 RAM 2751/7620MB (lfb 8x4MB) SWAP 418/3810MB (cached 0MB) CPU [1%@729,0%@729,0%@729,0%@729,0%@729,0%@729] GR3D_FREQ 0% cpu@52.406C soc2@51.531C soc0@52.437C gpu@52.75C tj@53.406C soc1@53.406C VDD_IN 5237mW/5243mW VDD_CPU_GPU_CV 515mW/506mW VDD_SOC 1505mW/1505mW",52.406,52.75,52.437,53.406,51.531,53.406,1789215345952242871
0.515,5.237,1.505,2751,"09-12-2026 13:15:46 RAM 2751/7620MB (lfb 8x4MB) SWAP 418/3810MB (cached 0MB) CPU [0%@729,0%@729,1%@729,0%@729,0%@729,0%@729] GR3D_FREQ 0% cpu@52.406C soc2@51.531C soc0@52.312C gpu@52.687C tj@53.437C soc1@53.437C VDD_IN 5237mW/5243mW VDD_CPU_GPU_CV 515mW/506mW VDD_SOC 1505mW/1505mW",52.406,52.687,52.312,53.437,51.531,53.437,1789215346959607189
0.515,5.237,1.505,2751,"09-12-2026 13:15:47 RAM 2751/7620MB (lfb 8x4MB) SWAP 418/3810MB (cached 0MB) CPU [1%@1728,0%@1728,0%@1728,0%@1728,0%@729,0%@729] GR3D_FREQ 0% cpu@52.593C soc2@51.437C soc0@52.375C gpu@52.687C tj@53.562C soc1@53.562C VDD_IN 5237mW/5242mW VDD_CPU_GPU_CV 515mW/507mW VDD_SOC 1505mW/1505mW",52.593,52.687,52.375,53.562,51.437,53.562,1789215347965645039
0.515,5.237,1.505,2752,"09-12-2026 13:15:48 RAM 2752/7620MB (lfb 8x4MB) SWAP 418/3810MB (cached 0MB) CPU [0%@729,0%@729,0%@729,0%@729,0%@729,0%@729] GR3D_FREQ 0% cpu@52.718C soc2@51.437C soc0@52.437C gpu@52.5C tj@53.312C soc1@53.312C VDD_IN 5237mW/5242mW VDD_CPU_GPU_CV 515mW/508mW VDD_SOC 1505mW/1505mW",52.718,52.5,52.437,53.312,51.437,53.312,1789215348972615326
0.515,5.237,1.505,2752,"09-12-2026 13:15:49 RAM 2752/7620MB (lfb 8x4MB) SWAP 418/3810MB (cached 0MB) CPU [0%@729,0%@1728,0%@1728,0%@1728,0%@729,0%@729] GR3D_FREQ 0% cpu@52.468C soc2@51.437C soc0@52.281C gpu@52.593C tj@53.25C soc1@53.25C VDD_IN 5237mW/5242mW VDD_CPU_GPU_CV 515mW/508mW VDD_SOC 1505mW/1505mW",52.468,52.593,52.281,53.25,51.437,53.25,1789215349978583758
0.515,5.237,1.505,2752,"09-12-2026 13:15:50 RAM 2752/7620MB (lfb 8x4MB) SWAP 418/3810MB (cached 0MB) CPU [1%@729,0%@729,0%@729,1%@729,0%@729,0%@729] GR3D_FREQ 0% cpu@52.5C soc2@51.437C soc0@52.312C gpu@52.562C tj@53.375C soc1@53.375C VDD_IN 5237mW/5241mW VDD_CPU_GPU_CV 515mW/508mW VDD_SOC 1505mW/1505mW",52.5,52.562,52.312,53.375,51.437,53.375,1789215350986074035
0.515,5.237,1.505,2752,"09-12-2026 13:15:51 RAM 2752/7620MB (lfb 8x4MB) SWAP 418/3810MB (cached 0MB) CPU [1%@729,0%@729,0%@729,0%@729,0%@729,0%@729] GR3D_FREQ 0% cpu@52.625C soc2@51.437C soc0@52.375C gpu@52.718C tj@53.343C soc1@53.343C VDD_IN 5237mW/5241mW VDD_CPU_GPU_CV 515mW/509mW VDD_SOC 1505mW/1505mW",52.625,52.718,52.375,53.343,51.437,53.343,1789215351992735436
0.515,5.237,1.505,2752,"09-12-2026 13:15:52 RAM 2752/7620MB (lfb 8x4MB) SWAP 418/3810MB (cached 0MB) CPU [0%@729,0%@729,1%@729,0%@729,0%@729,0%@729] GR3D_FREQ 0% cpu@52.531C soc2@51.406C soc0@52.25C gpu@52.718C tj@53.218C soc1@53.218C VDD_IN 5237mW/5241mW VDD_CPU_GPU_CV 515mW/509mW VDD_SOC 1505mW/1505mW",52.531,52.718,52.25,53.218,51.406,53.218,1789215353000110468
0.515,5.237,1.505,2752,"09-12-2026 13:15:54 RAM 2752/7620MB (lfb 8x4MB) SWAP 418/3810MB (cached 0MB) CPU [1%@729,0%@729,0%@729,0%@729,0%@729,0%@729] GR3D_FREQ 0% cpu@52.375C soc2@51.468C soc0@52.187C gpu@52.437C tj@53.281C soc1@53.281C VDD_IN 5237mW/5241mW VDD_CPU_GPU_CV 515mW/509mW VDD_SOC 1505mW/1505mW",52.375,52.437,52.187,53.281,51.468,53.281,1789215354006279302
0.515,5.237,1.505,2752,"09-12-2026 13:15:55 RAM 2752/7620MB (lfb 8x4MB) SWAP 418/3810MB (cached 0MB) CPU [0%@729,1%@729,0%@729,0%@729,0%@729,0%@729] GR3D_FREQ 0% cpu@52.406C soc2@51.406C soc0@52.281C gpu@52.406C tj@53.312C soc1@53.312C VDD_IN 5237mW/5241mW VDD_CPU_GPU_CV 515mW/510mW VDD_SOC 1505mW/1505mW",52.406,52.406,52.281,53.312,51.406,53.312,1789215355013214764
0.515,5.237,1.505,2752,"09-12-2026 13:15:56 RAM 2752/7620MB (lfb 8x4MB) SWAP 418/3810MB (cached 0MB) CPU [0%@729,0%@729,0%@729,0%@729,0%@729,0%@729] GR3D_FREQ 0% cpu@52.687C soc2@51.375C soc0@52.25C gpu@52.656C tj@53.125C soc1@53.125C VDD_IN 5237mW/5240mW VDD_CPU_GPU_CV 515mW/510mW VDD_SOC 1505mW/1505mW",52.687,52.656,52.25,53.125,51.375,53.125,1789215356020373723
0.515,5.237,1.505,2756,"09-12-2026 13:15:57 RAM 2756/7620MB (lfb 8x4MB) SWAP 418/3810MB (cached 0MB) CPU [1%@729,0%@729,1%@729,0%@729,0%@729,0%@729] GR3D_FREQ 0% cpu@52.531C soc2@51.343C soc0@52.218C gpu@52.687C tj@53.156C soc1@53.156C VDD_IN 5237mW/5240mW VDD_CPU_GPU_CV 515mW/510mW VDD_SOC 1505mW/1505mW",52.531,52.687,52.218,53.156,51.343,53.156,1789215357027025378
0.475,5.237,1.505,2756,"09-12-2026 13:15:58 RAM 2756/7620MB (lfb 8x4MB) SWAP 418/3810MB (cached 0MB) CPU [1%@729,0%@729,0%@729,0%@729,0%@729,0%@729] GR3D_FREQ 0% cpu@52.218C soc2@51.312C soc0@52.218C gpu@52.687C tj@53.156C soc1@53.156C VDD_IN 5237mW/5240mW VDD_CPU_GPU_CV 475mW/509mW VDD_SOC 1505mW/1505mW",52.218,52.687,52.218,53.156,51.312,53.156,1789215358032519163
0.475,5.237,1.505,2756,"09-12-2026 13:15:59 RAM 2756/7620MB (lfb 8x4MB) SWAP 418/3810MB (cached 0MB) CPU [1%@729,0%@729,1%@729,0%@729,0%@729,0%@729] GR3D_FREQ 0% cpu@52.281C soc2@51.25C soc0@52.093C gpu@52.625C tj@53.187C soc1@53.187C VDD_IN 5237mW/5240mW VDD_CPU_GPU_CV 475mW/507mW VDD_SOC 1505mW/1505mW",52.281,52.625,52.093,53.187,51.25,53.187,1789215359038023462
0.515,5.237,1.505,2756,"09-12-2026 13:16:00 RAM 2756/7620MB (lfb 8x4MB) SWAP 418/3810MB (cached 0MB) CPU [1%@729,0%@729,1%@729,0%@729,0%@729,0%@729] GR3D_FREQ 7% cpu@52.406C soc2@51.281C soc0@52.25C gpu@52.343C tj@53.031C soc1@53.031C VDD_IN 5237mW/5240mW VDD_CPU_GPU_CV 515mW/508mW VDD_SOC 1505mW/1505mW",52.406,52.343,52.25,53.031,51.281,53.031,1789215360045061387
0.515,5.237,1.505,2756,"09-12-2026 13:16:01 RAM 2756/7620MB (lfb 8x4MB) SWAP 418/3810MB (cached 0MB) CPU [1%@729,0%@729,0%@729,0%@729,0%@729,0%@729] GR3D_FREQ 0% cpu@52.562C soc2@51.281C soc0@52.062C gpu@52.437C tj@53.093C soc1@53.093C VDD_IN 5237mW/5240mW VDD_CPU_GPU_CV 515mW/508mW VDD_SOC 1505mW/1505mW",52.562,52.437,52.062,53.093,51.281,53.093,1789215361052050939
0.515,5.277,1.505,2756,"09-12-2026 13:16:02 RAM 2756/7620MB (lfb 8x4MB) SWAP 418/3810MB (cached 0MB) CPU [1%@729,0%@729,1%@729,1%@729,0%@729,0%@729] GR3D_FREQ 0% cpu@52.187C soc2@51.281C soc0@52.093C gpu@52.437C tj@53.093C soc1@53.093C VDD_IN 5277mW/5241mW VDD_CPU_GPU_CV 515mW/508mW VDD_SOC 1505mW/1505mW",52.187,52.437,52.093,53.093,51.281,53.093,1789215362057813943
0.515,5.277,1.505,2756,"09-12-2026 13:16:03 RAM 2756/7620MB (lfb 8x4MB) SWAP 418/3810MB (cached 0MB) CPU [8%@729,2%@729,0%@729,0%@729,0%@729,0%@729] GR3D_FREQ 0% cpu@52.312C soc2@51.156C soc0@52.093C gpu@52.625C tj@53.156C soc1@53.156C VDD_IN 5277mW/5242mW VDD_CPU_GPU_CV 515mW/508mW VDD_SOC 1505mW/1505mW",52.312,52.625,52.093,53.156,51.156,53.156,1789215363065237210
0.515,5.237,1.505,2756,"09-12-2026 13:16:04 RAM 2756/7620MB (lfb 8x4MB) SWAP 418/3810MB (cached 0MB) CPU [0%@729,1%@729,0%@729,0%@729,0%@729,0%@729] GR3D_FREQ 0% cpu@52.375C soc2@51.125C soc0@52.125C gpu@52.593C tj@52.875C soc1@52.875C VDD_IN 5237mW/5242mW VDD_CPU_GPU_CV 515mW/509mW VDD_SOC 1505mW/1505mW",52.375,52.593,52.125,52.875,51.125,52.875,1789215364071209777
0.475,5.237,1.505,2756,"09-12-2026 13:16:05 RAM 2756/7620MB (lfb 8x4MB) SWAP 418/3810MB (cached 0MB) CPU [1%@729,1%@1728,1%@1728,0%@1728,0%@729,0%@729] GR3D_FREQ 0% cpu@52.25C soc2@51.187C soc0@52.093C gpu@52.187C tj@53C soc1@53C VDD_IN 5237mW/5242mW VDD_CPU_GPU_CV 475mW/508mW VDD_SOC 1505mW/1505mW",52.25,52.187,52.093,53.0,51.187,53.0,1789215365077390096
0.475,5.237,1.505,2756,"09-12-2026 13:16:06 RAM 2756/7620MB (lfb 8x4MB) SWAP 418/3810MB (cached 0MB) CPU [0%@729,0%@729,1%@729,3%@729,0%@729,0%@729] GR3D_FREQ 0% cpu@52.031C soc2@51.187C soc0@51.937C gpu@52.312C tj@53.062C soc1@53.062C VDD_IN 5237mW/5242mW VDD_CPU_GPU_CV 475mW/507mW VDD_SOC 1505mW/1505mW",52.031,52.312,51.937,53.062,51.187,53.062,1789215366083546271
0.515,5.237,1.505,2756,"09-12-2026 13:16:07 RAM 2756/7620MB (lfb 8x4MB) SWAP 418/3810MB (cached 0MB) CPU [1%@729,0%@729,0%@729,0%@729,0%@729,0%@729] GR3D_FREQ 0% cpu@52.093C soc2@51.093C soc0@52C gpu@52.343C tj@53.031C soc1@53.031C VDD_IN 5237mW/5242mW VDD_CPU_GPU_CV 515mW/507mW VDD_SOC 1505mW/1505mW",52.093,52.343,52.0,53.031,51.093,53.031,1789215367090394861
0.475,5.237,1.505,2756,"09-12-2026 13:16:08 RAM 2756/7620MB (lfb 8x4MB) SWAP 418/3810MB (cached 0MB) CPU [0%@729,1%@729,1%@729,0%@729,0%@729,0%@729] GR3D_FREQ 0% cpu@52.125C soc2@51.031C soc0@52.062C gpu@52.281C tj@52.906C soc1@52.906C VDD_IN 5237mW/5242mW VDD_CPU_GPU_CV 475mW/506mW VDD_SOC 1505mW/1505mW",52.125,52.281,52.062,52.906,51.031,52.906,1789215368097044248
0.515,5.237,1.505,2756,"09-12-2026 13:16:09 RAM 2756/7620MB (lfb 8x4MB) SWAP 418/3810MB (cached 0MB) CPU [0%@729,0%@729,0%@729,0%@729,0%@729,0%@729] GR3D_FREQ 0% cpu@52.25C soc2@51.062C soc0@52C gpu@52.156C tj@53C soc1@53C VDD_IN 5237mW/5241mW VDD_CPU_GPU_CV 515mW/506mW VDD_SOC 1505mW/1505mW",52.25,52.156,52.0,53.0,51.062,53.0,1789215369102743885
0.515,5.277,1.505,2756,"09-12-2026 13:16:10 RAM 2756/7620MB (lfb 8x4MB) SWAP 418/3810MB (cached 0MB) CPU [1%@729,1%@729,0%@729,3%@729,0%@729,0%@729] GR3D_FREQ 0% cpu@52.093C soc2@51.062C soc0@51.875C gpu@52.125C tj@52.906C soc1@52.906C VDD_IN 5277mW/5242mW VDD_CPU_GPU_CV 515mW/506mW VDD_SOC 1505mW/1505mW",52.093,52.125,51.875,52.906,51.062,52.906,1789215370108775547
0.515,5.237,1.505,2756,"09-12-2026 13:16:11 RAM 2756/7620MB (lfb 8x4MB) SWAP 418/3810MB (cached 0MB) CPU [1%@729,0%@729,0%@729,1%@729,0%@729,0%@729] GR3D_FREQ 0% cpu@52.031C soc2@51.031C soc0@51.937C gpu@52.187C tj@52.968C soc1@52.968C VDD_IN 5237mW/5242mW VDD_CPU_GPU_CV 515mW/507mW VDD_SOC 1505mW/1505mW",52.031,52.187,51.937,52.968,51.031,52.968,1789215371115323028
0.515,5.237,1.505,2756,"09-12-2026 13:16:12 RAM 2756/7620MB (lfb 8x4MB) SWAP 418/3810MB (cached 0MB) CPU [1%@729,0%@729,1%@729,0%@729,0%@729,0%@729] GR3D_FREQ 0% cpu@52.156C soc2@51.031C soc0@51.937C gpu@52.218C tj@52.843C soc1@52.843C VDD_IN 5237mW/5242mW VDD_CPU_GPU_CV 515mW/507mW VDD_SOC 1505mW/1505mW",52.156,52.218,51.937,52.843,51.031,52.843,1789215372122474180
0.515,5.237,1.505,2756,"09-12-2026 13:16:13 RAM 2756/7620MB (lfb 8x4MB) SWAP 418/3810MB (cached 0MB) CPU [0%@729,0%@729,0%@1728,1%@1728,0%@729,0%@729] GR3D_FREQ 0% cpu@52C soc2@50.937C soc0@51.968C gpu@52.156C tj@52.875C soc1@52.875C VDD_IN 5237mW/5242mW VDD_CPU_GPU_CV 515mW/507mW VDD_SOC 1505mW/1505mW",52.0,52.156,51.968,52.875,50.937,52.875,1789215373128480073
0.515,5.237,1.505,2756,"09-12-2026 13:16:14 RAM 2756/7620MB (lfb 8x4MB) SWAP 418/3810MB (cached 0MB) CPU [1%@729,0%@729,0%@729,0%@729,0%@729,0%@729] GR3D_FREQ 0% cpu@51.968C soc2@51C soc0@51.781C gpu@52.125C tj@52.875C soc1@52.875C VDD_IN 5237mW/5242mW VDD_CPU_GPU_CV 515mW/507mW VDD_SOC 1505mW/1505mW",51.968,52.125,51.781,52.875,51.0,52.875,1789215374135249207
0.515,5.237,1.505,2756,"09-12-2026 13:16:15 RAM 2756/7620MB (lfb 8x4MB) SWAP 418/3810MB (cached 0MB) CPU [0%@729,0%@729,0%@729,1%@729,0%@729,0%@729] GR3D_FREQ 0% cpu@51.968C soc2@50.875C soc0@51.906C gpu@52.062C tj@52.937C soc1@52.937C VDD_IN 5237mW/5242mW VDD_CPU_GPU_CV 515mW/507mW VDD_SOC 1505mW/1505mW",51.968,52.062,51.906,52.937,50.875,52.937,1789215375142669504
0.515,5.237,1.505,2756,"09-12-2026 13:16:16 RAM 2756/7620MB (lfb 8x4MB) SWAP 418/3810MB (cached 0MB) CPU [1%@729,1%@729,0%@729,0%@729,0%@729,1%@729] GR3D_FREQ 0% cpu@52.125C soc2@50.937C soc0@51.875C gpu@52.062C tj@52.781C soc1@52.781C VDD_IN 5237mW/5242mW VDD_CPU_GPU_CV 515mW/508mW VDD_SOC 1505mW/1505mW",52.125,52.062,51.875,52.781,50.937,52.781,1789215376147971829
0.515,5.237,1.505,2756,"09-12-2026 13:16:17 RAM 2756/7620MB (lfb 8x4MB) SWAP 418/3810MB (cached 0MB) CPU [0%@729,1%@729,0%@729,1%@729,0%@729,0%@729] GR3D_FREQ 0% cpu@52.062C soc2@50.968C soc0@51.968C gpu@52.187C tj@52.781C soc1@52.781C VDD_IN 5237mW/5242mW VDD_CPU_GPU_CV 515mW/508mW VDD_SOC 1505mW/1505mW",52.062,52.187,51.968,52.781,50.968,52.781,1789215377154654070
0.515,5.237,1.505,2756,"09-12-2026 13:16:18 RAM 2756/7620MB (lfb 8x4MB) SWAP 418/3810MB (cached 0MB) CPU [0%@1728,0%@1728,0%@1728,0%@1728,0%@729,0%@729] GR3D_FREQ 0% cpu@51.75C soc2@50.906C soc0@51.687C gpu@52.156C tj@52.781C soc1@52.781C VDD_IN 5237mW/5241mW VDD_CPU_GPU_CV 515mW/508mW VDD_SOC 1505mW/1505mW",51.75,52.156,51.687,52.781,50.906,52.781,1789215378160921823
0.515,5.237,1.505,2756,"09-12-2026 13:16:19 RAM 2756/7620MB (lfb 8x4MB) SWAP 418/3810MB (cached 0MB) CPU [1%@729,0%@729,0%@729,1%@729,0%@729,0%@729] GR3D_FREQ 0% cpu@51.843C soc2@50.906C soc0@51.75C gpu@52C tj@52.875C soc1@52.875C VDD_IN 5237mW/5241mW VDD_CPU_GPU_CV 515mW/508mW VDD_SOC 1505mW/1505mW",51.843,52.0,51.75,52.875,50.906,52.875,1789215379170658841
0.475,5.237,1.505,2756,"09-12-2026 13:16:20 RAM 2756/7620MB (lfb 8x4MB) SWAP 418/3810MB (cached 0MB) CPU [0%@729,1%@729,0%@729,0%@729,0%@729,0%@729] GR3D_FREQ 0% cpu@51.906C soc2@50.843C soc0@51.812C gpu@51.875C tj@52.687C soc1@52.687C VDD_IN 5237mW/5241mW VDD_CPU_GPU_CV 475mW/507mW VDD_SOC 1505mW/1505mW",51.906,51.875,51.812,52.687,50.843,52.687,1789215380176640588
0.475,5.237,1.505,2756,"09-12-2026 13:16:21 RAM 2756/7620MB (lfb 8x4MB) SWAP 418/3810MB (cached 0MB) CPU [0%@729,0%@729,0%@729,0%@729,0%@729,0%@729] GR3D_FREQ 0% cpu@51.968C soc2@50.843C soc0@51.656C gpu@52.156C tj@52.718C soc1@52.718C VDD_IN 5237mW/5241mW VDD_CPU_GPU_CV 475mW/507mW VDD_SOC 1505mW/1505mW",51.968,52.156,51.656,52.718,50.843,52.718,1789215381184897615
0.515,5.237,1.505,2756,"09-12-2026 13:16:22 RAM 2756/7620MB (lfb 8x4MB) SWAP 418/3810MB (cached 0MB) CPU [0%@729,0%@729,0%@729,1%@729,0%@729,0%@729] GR3D_FREQ 0% cpu@51.875C soc2@50.781C soc0@51.656C gpu@52.156C tj@52.75C soc1@52.75C VDD_IN 5237mW/5241mW VDD_CPU_GPU_CV 515mW/507mW VDD_SOC 1505mW/1505mW",51.875,52.156,51.656,52.75,50.781,52.75,1789215382192198046
0.515,5.237,1.505,2756,"09-12-2026 13:16:23 RAM 2756/7620MB (lfb 8x4MB) SWAP 418/3810MB (cached 0MB) CPU [1%@729,1%@729,1%@729,1%@729,0%@729,0%@729] GR3D_FREQ 0% cpu@52.156C soc2@50.812C soc0@51.875C gpu@51.906C tj@52.781C soc1@52.781C VDD_IN 5237mW/5241mW VDD_CPU_GPU_CV 515mW/507mW VDD_SOC 1505mW/1505mW",52.156,51.906,51.875,52.781,50.812,52.781,1789215383200115110
0.515,5.237,1.505,2756,"09-12-2026 13:16:24 RAM 2756/7620MB (lfb 8x4MB) SWAP 418/3810MB (cached 0MB) CPU [0%@729,0%@729,0%@729,1%@729,0%@729,0%@729] GR3D_FREQ 0% cpu@51.906C soc2@50.843C soc0@51.593C gpu@51.968C tj@52.687C soc1@52.687C VDD_IN 5237mW/5241mW VDD_CPU_GPU_CV 515mW/507mW VDD_SOC 1505mW/1505mW",51.906,51.968,51.593,52.687,50.843,52.687,1789215384205753961
0.515,5.237,1.505,2757,"09-12-2026 13:16:25 RAM 2757/7620MB (lfb 8x4MB) SWAP 418/3810MB (cached 0MB) CPU [2%@729,0%@729,0%@729,1%@729,0%@729,0%@729] GR3D_FREQ 0% cpu@51.812C soc2@50.812C soc0@51.718C gpu@52.156C tj@52.781C soc1@52.781C VDD_IN 5237mW/5241mW VDD_CPU_GPU_CV 515mW/507mW VDD_SOC 1505mW/1505mW",51.812,52.156,51.718,52.781,50.812,52.781,1789215385212671632
0.475,5.237,1.505,2757,"09-12-2026 13:16:26 RAM 2757/7620MB (lfb 8x4MB) SWAP 418/3810MB (cached 0MB) CPU [0%@729,1%@729,0%@729,0%@729,0%@729,0%@729] GR3D_FREQ 0% cpu@52.031C soc2@50.843C soc0@51.75C gpu@52.156C tj@52.593C soc1@52.593C VDD_IN 5237mW/5241mW VDD_CPU_GPU_CV 475mW/507mW VDD_SOC 1505mW/1505mW",52.031,52.156,51.75,52.593,50.843,52.593,1789215386220079650
0.515,5.237,1.505,2757,"09-12-2026 13:16:27 RAM 2757/7620MB (lfb 8x4MB) SWAP 418/3810MB (cached 0MB) CPU [0%@729,0%@729,0%@729,0%@729,0%@729,0%@729] GR3D_FREQ 0% cpu@51.843C soc2@50.75C soc0@51.5C gpu@51.843C tj@52.625C soc1@52.625C VDD_IN 5237mW/5241mW VDD_CPU_GPU_CV 515mW/507mW VDD_SOC 1505mW/1505mW",51.843,51.843,51.5,52.625,50.75,52.625,1789215387227940540
0.515,5.237,1.505,2757,"09-12-2026 13:16:28 RAM 2757/7620MB (lfb 8x4MB) SWAP 418/3810MB (cached 0MB) CPU [1%@729,0%@729,0%@729,1%@729,0%@729,0%@729] GR3D_FREQ 0% cpu@51.687C soc2@50.687C soc0@51.562C gpu@52.031C tj@52.781C soc1@52.781C VDD_IN 5237mW/5241mW VDD_CPU_GPU_CV 515mW/507mW VDD_SOC 1505mW/1505mW",51.687,52.031,51.562,52.781,50.687,52.781,1789215388235171751
0.515,5.237,1.505,2757,"09-12-2026 13:16:29 RAM 2757/7620MB (lfb 8x4MB) SWAP 418/3810MB (cached 0MB) CPU [0%@729,0%@729,0%@729,1%@729,0%@729,0%@729] GR3D_FREQ 0% cpu@51.906C soc2@50.625C soc0@51.718C gpu@52.125C tj@52.562C soc1@52.562C VDD_IN 5237mW/5241mW VDD_CPU_GPU_CV 515mW/507mW VDD_SOC 1505mW/1505mW",51.906,52.125,51.718,52.562,50.625,52.562,1789215389244110084
0.515,5.237,1.505,2757,"09-12-2026 13:16:30 RAM 2757/7620MB (lfb 8x4MB) SWAP 418/3810MB (cached 0MB) CPU [0%@729,0%@729,0%@729,2%@729,0%@729,0%@729] GR3D_FREQ 0% cpu@51.625C soc2@50.781C soc0@51.531C gpu@51.812C tj@52.625C soc1@52.625C VDD_IN 5237mW/5241mW VDD_CPU_GPU_CV 515mW/507mW VDD_SOC 1505mW/1505mW",51.625,51.812,51.531,52.625,50.781,52.625,1789215390252097104
0.475,5.237,1.505,2757,"09-12-2026 13:16:31 RAM 2757/7620MB (lfb 8x4MB) SWAP 418/3810MB (cached 0MB) CPU [1%@729,1%@729,0%@729,0%@729,0%@729,0%@729] GR3D_FREQ 0% cpu@51.656C soc2@50.718C soc0@51.562C gpu@52C tj@52.687C soc1@52.687C VDD_IN 5237mW/5240mW VDD_CPU_GPU_CV 475mW/507mW VDD_SOC 1505mW/1505mW",51.656,52.0,51.562,52.687,50.718,52.687,1789215391259198225
0.475,5.237,1.505,2757,"09-12-2026 13:16:32 RAM 2757/7620MB (lfb 8x4MB) SWAP 418/3810MB (cached 0MB) CPU [0%@729,0%@729,1%@729,0%@729,0%@729,0%@729] GR3D_FREQ 0% cpu@51.718C soc2@50.75C soc0@51.593C gpu@52.031C tj@52.656C soc1@52.531C VDD_IN 5237mW/5240mW VDD_CPU_GPU_CV 475mW/506mW VDD_SOC 1505mW/1505mW",51.718,52.031,51.593,52.531,50.75,52.656,1789215392265554232
0.515,5.237,1.505,2758,"09-12-2026 13:16:33 RAM 2758/7620MB (lfb 8x4MB) SWAP 418/3810MB (cached 0MB) CPU [1%@729,0%@729,0%@729,0%@729,0%@729,0%@729] GR3D_FREQ 0% cpu@51.937C soc2@50.656C soc0@51.781C gpu@51.843C tj@52.531C soc1@52.531C VDD_IN 5237mW/5240mW VDD_CPU_GPU_CV 515mW/506mW VDD_SOC 1505mW/1505mW",51.937,51.843,51.781,52.531,50.656,52.531,1789215393273790884
0.475,5.237,1.505,2758,"09-12-2026 13:16:34 RAM 2758/7620MB (lfb 8x4MB) SWAP 418/3810MB (cached 0MB) CPU [0%@729,1%@729,2%@729,0%@729,0%@729,0%@729] GR3D_FREQ 0% cpu@51.593C soc2@50.562C soc0@51.531C gpu@52.031C tj@52.625C soc1@52.625C VDD_IN 5237mW/5240mW VDD_CPU_GPU_CV 475mW/506mW VDD_SOC 1505mW/1505mW",51.593,52.031,51.531,52.625,50.562,52.625,1789215394283607028
0.515,5.237,1.507,2758,"09-12-2026 13:16:35 RAM 2758/7620MB (lfb 8x4MB) SWAP 418/3810MB (cached 0MB) CPU [1%@729,1%@729,0%@729,0%@729,0%@729,0%@729] GR3D_FREQ 0% cpu@51.937C soc2@50.593C soc0@51.593C gpu@51.968C tj@52.5C soc1@52.5C VDD_IN 5237mW/5240mW VDD_CPU_GPU_CV 515mW/506mW VDD_SOC 1507mW/1505mW",51.937,51.968,51.593,52.5,50.593,52.5,1789215395290163831
0.515,5.237,1.505,2758,"09-12-2026 13:16:36 RAM 2758/7620MB (lfb 8x4MB) SWAP 418/3810MB (cached 0MB) CPU [0%@729,0%@729,0%@729,0%@729,0%@729,0%@729] GR3D_FREQ 0% cpu@51.812C soc2@50.687C soc0@51.437C gpu@51.718C tj@52.531C soc1@52.531C VDD_IN 5237mW/5240mW VDD_CPU_GPU_CV 515mW/506mW VDD_SOC 1505mW/1505mW",51.812,51.718,51.437,52.531,50.687,52.531,1789215396296349352
0.515,5.237,1.505,2758,"09-12-2026 13:16:37 RAM 2758/7620MB (lfb 8x4MB) SWAP 418/3810MB (cached 0MB) CPU [0%@729,1%@729,1%@729,0%@729,0%@729,0%@729] GR3D_FREQ 0% cpu@51.687C soc2@50.625C soc0@51.531C gpu@51.687C tj@52.625C soc1@52.625C VDD_IN 5237mW/5240mW VDD_CPU_GPU_CV 515mW/506mW VDD_SOC 1505mW/1505mW",51.687,51.687,51.531,52.625,50.625,52.625,1789215397303989681
0.515,5.237,1.505,2758,"09-12-2026 13:16:38 RAM 2758/7620MB (lfb 8x4MB) SWAP 418/3810MB (cached 0MB) CPU [0%@729,0%@729,0%@729,0%@729,0%@729,0%@729] GR3D_FREQ 0% cpu@51.812C soc2@50.625C soc0@51.562C gpu@52.031C tj@52.437C soc1@52.437C VDD_IN 5237mW/5240mW VDD_CPU_GPU_CV 515mW/506mW VDD_SOC 1505mW/1505mW",51.812,52.031,51.562,52.437,50.625,52.437,1789215398314258513
0.475,5.237,1.507,2758,"09-12-2026 13:16:39 RAM 2758/7620MB (lfb 8x4MB) SWAP 418/3810MB (cached 0MB) CPU [0%@729,0%@729,1%@729,0%@729,0%@729,0%@729] GR3D_FREQ 0% cpu@51.531C soc2@50.593C soc0@51.406C gpu@51.718C tj@52.562C soc1@52.531C VDD_IN 5237mW/5240mW VDD_CPU_GPU_CV 475mW/506mW VDD_SOC 1507mW/1505mW",51.531,51.718,51.406,52.531,50.593,52.562,1789215399323583650
0.475,5.237,1.505,2758,"09-12-2026 13:16:40 RAM 2758/7620MB (lfb 8x4MB) SWAP 418/3810MB (cached 0MB) CPU [0%@729,0%@729,0%@729,0%@729,0%@729,0%@729] GR3D_FREQ 0% cpu@51.531C soc2@50.531C soc0@51.5C gpu@51.937C tj@52.593C soc1@52.593C VDD_IN 5237mW/5240mW VDD_CPU_GPU_CV 475mW/505mW VDD_SOC 1505mW/1505mW",51.531,51.937,51.5,52.593,50.531,52.593,1789215400329769140
0.475,5.237,1.505,2758,"09-12-2026 13:16:41 RAM 2758/7620MB (lfb 8x4MB) SWAP 418/3810MB (cached 0MB) CPU [1%@729,0%@729,0%@729,0%@729,0%@729,0%@729] GR3D_FREQ 0% cpu@51.718C soc2@50.593C soc0@51.5C gpu@51.718C tj@52.375C soc1@52.375C VDD_IN 5237mW/5240mW VDD_CPU_GPU_CV 475mW/505mW VDD_SOC 1505mW/1505mW",51.718,51.718,51.5,52.375,50.593,52.375,1789215401339641361
0.475,5.237,1.505,2758,"09-12-2026 13:16:42 RAM 2758/7620MB (lfb 8x4MB) SWAP 418/3810MB (cached 0MB) CPU [1%@729,0%@729,0%@729,0%@729,1%@729,0%@729] GR3D_FREQ 0% cpu@51.531C soc2@50.531C soc0@51.406C gpu@51.937C tj@52.562C soc1@52.562C VDD_IN 5237mW/5240mW VDD_CPU_GPU_CV 475mW/505mW VDD_SOC 1505mW/1505mW",51.531,51.937,51.406,52.562,50.531,52.562,1789215402346386576
0.475,5.237,1.505,2758,"09-12-2026 13:16:43 RAM 2758/7620MB (lfb 8x4MB) SWAP 418/3810MB (cached 0MB) CPU [0%@1728,0%@1728,0%@1728,0%@1728,0%@729,0%@729] GR3D_FREQ 0% cpu@51.5C soc2@50.468C soc0@51.406C gpu@51.875C tj@52.625C soc1@52.625C VDD_IN 5237mW/5240mW VDD_CPU_GPU_CV 475mW/504mW VDD_SOC 1505mW/1505mW",51.5,51.875,51.406,52.625,50.468,52.625,1789215403352646034
0.475,5.237,1.505,2758,"09-12-2026 13:16:44 RAM 2758/7620MB (lfb 8x4MB) SWAP 418/3810MB (cached 0MB) CPU [0%@729,0%@729,0%@729,0%@729,0%@729,0%@729] GR3D_FREQ 0% cpu@51.687C soc2@50.531C soc0@51.468C gpu@51.687C tj@52.312C soc1@52.312C VDD_IN 5237mW/5240mW VDD_CPU_GPU_CV 475mW/504mW VDD_SOC 1505mW/1505mW",51.687,51.687,51.468,52.312,50.531,52.312,1789215404360611528
0.475,5.237,1.505,2759,"09-12-2026 13:16:45 RAM 2759/7620MB (lfb 8x4MB) SWAP 418/3810MB (cached 0MB) CPU [1%@729,0%@729,0%@729,0%@729,0%@729,1%@729] GR3D_FREQ 0% cpu@51.468C soc2@50.562C soc0@51.343C gpu@51.656C tj@52.406C soc1@52.406C VDD_IN 5237mW/5240mW VDD_CPU_GPU_CV 475mW/503mW VDD_SOC 1505mW/1505mW",51.468,51.656,51.343,52.406,50.562,52.406,1789215405370993342
0.475,5.237,1.505,2759,"09-12-2026 13:16:46 RAM 2759/7620MB (lfb 8x4MB) SWAP 418/3810MB (cached 0MB) CPU [0%@729,0%@729,0%@729,0%@729,1%@729,1%@729] GR3D_FREQ 0% cpu@51.593C soc2@50.468C soc0@51.437C gpu@51.593C tj@52.593C soc1@52.375C VDD_IN 5237mW/5240mW VDD_CPU_GPU_CV 475mW/503mW VDD_SOC 1505mW/1505mW",51.593,51.593,51.437,52.375,50.468,52.593,1789215406379906253
0.475,5.237,1.505,2759,"09-12-2026 13:16:47 RAM 2759/7620MB (lfb 8x4MB) SWAP 418/3810MB (cached 0MB) CPU [0%@729,0%@729,0%@729,0%@729,0%@729,0%@729] GR3D_FREQ 0% cpu@51.781C soc2@50.468C soc0@51.312C gpu@51.656C tj@52.312C soc1@52.312C VDD_IN 5237mW/5240mW VDD_CPU_GPU_CV 475mW/503mW VDD_SOC 1505mW/1505mW",51.781,51.656,51.312,52.312,50.468,52.312,1789215407386519929
0.475,5.237,1.505,2759,"09-12-2026 13:16:48 RAM 2759/7620MB (lfb 8x4MB) SWAP 418/3810MB (cached 0MB) CPU [0%@729,0%@729,0%@729,0%@729,0%@729,0%@729] GR3D_FREQ 0% cpu@51.437C soc2@50.5C soc0@51.25C gpu@51.875C tj@52.437C soc1@52.437C VDD_IN 5237mW/5240mW VDD_CPU_GPU_CV 475mW/502mW VDD_SOC 1505mW/1505mW",51.437,51.875,51.25,52.437,50.5,52.437,1789215408392373195
0.475,5.237,1.505,2759,"09-12-2026 13:16:49 RAM 2759/7620MB (lfb 8x4MB) SWAP 418/3810MB (cached 0MB) CPU [2%@729,0%@729,0%@729,0%@729,1%@729,0%@729] GR3D_FREQ 0% cpu@51.531C soc2@50.468C soc0@51.312C gpu@51.781C tj@52.437C soc1@52.437C VDD_IN 5237mW/5240mW VDD_CPU_GPU_CV 475mW/502mW VDD_SOC 1505mW/1505mW",51.531,51.781,51.312,52.437,50.468,52.437,1789215409399477183
0.475,5.237,1.505,2759,"09-12-2026 13:16:50 RAM 2759/7620MB (lfb 8x4MB) SWAP 418/3810MB (cached 0MB) CPU [0%@729,0%@729,0%@729,0%@729,0%@729,1%@729] GR3D_FREQ 0% cpu@51.718C soc2@50.343C soc0@51.343C gpu@51.406C tj@52.281C soc1@52.281C VDD_IN 5237mW/5240mW VDD_CPU_GPU_CV 475mW/501mW VDD_SOC 1505mW/1505mW",51.718,51.406,51.343,52.281,50.343,52.281,1789215410406330481
0.475,5.237,1.507,2759,"09-12-2026 13:16:51 RAM 2759/7620MB (lfb 8x4MB) SWAP 418/3810MB (cached 0MB) CPU [0%@729,0%@729,0%@729,0%@729,0%@729,0%@729] GR3D_FREQ 0% cpu@51.437C soc2@50.406C soc0@51.25C gpu@51.593C tj@52.343C soc1@52.343C VDD_IN 5237mW/5240mW VDD_CPU_GPU_CV 475mW/501mW VDD_SOC 1507mW/1505mW",51.437,51.593,51.25,52.343,50.406,52.343,1789215411412821396
0.475,5.237,1.505,2759,"09-12-2026 13:16:52 RAM 2759/7620MB (lfb 8x4MB) SWAP 418/3810MB (cached 0MB) CPU [1%@729,0%@1728,0%@1728,0%@1728,0%@729,1%@729] GR3D_FREQ 0% cpu@51.375C soc2@50.468C soc0@51.312C gpu@51.562C tj@52.375C soc1@52.375C VDD_IN 5237mW/5240mW VDD_CPU_GPU_CV 475mW/501mW VDD_SOC 1505mW/1505mW",51.375,51.562,51.312,52.375,50.468,52.375,1789215412418997518
0.475,5.237,1.505,2759,"09-12-2026 13:16:53 RAM 2759/7620MB (lfb 8x4MB) SWAP 418/3810MB (cached 0MB) CPU [0%@729,0%@729,0%@729,0%@729,1%@729,0%@729] GR3D_FREQ 0% cpu@51.468C soc2@50.281C soc0@51.312C gpu@51.562C tj@52.343C soc1@52.343C VDD_IN 5237mW/5239mW VDD_CPU_GPU_CV 475mW/501mW VDD_SOC 1505mW/1505mW",51.468,51.562,51.312,52.343,50.281,52.343,1789215413425934710
0.475,5.237,1.505,2759,"09-12-2026 13:16:54 RAM 2759/7620MB (lfb 8x4MB) SWAP 418/3810MB (cached 0MB) CPU [0%@729,0%@729,0%@729,0%@729,0%@729,1%@729] GR3D_FREQ 0% cpu@51.718C soc2@50.375C soc0@51.406C gpu@51.375C tj@52.156C soc1@52.156C VDD_IN 5237mW/5239mW VDD_CPU_GPU_CV 475mW/500mW VDD_SOC 1505mW/1505mW",51.718,51.375,51.406,52.156,50.375,52.156,1789215414432751241
0.475,5.237,1.505,2759,"09-12-2026 13:16:55 RAM 2759/7620MB (lfb 8x4MB) SWAP 418/3810MB (cached 0MB) CPU [1%@729,0%@729,0%@729,0%@729,2%@729,0%@729] GR3D_FREQ 0% cpu@51.468C soc2@50.375C soc0@51.218C gpu@51.343C tj@52.218C soc1@52.218C VDD_IN 5237mW/5239mW VDD_CPU_GPU_CV 475mW/500mW VDD_SOC 1505mW/1505mW",51.468,51.343,51.218,52.218,50.375,52.218,1789215415439530387
0.475,5.237,1.505,2759,"09-12-2026 13:16:56 RAM 2759/7620MB (lfb 8x4MB) SWAP 418/3810MB (cached 0MB) CPU [0%@729,0%@729,0%@729,0%@729,0%@729,0%@729] GR3D_FREQ 0% cpu@51.437C soc2@50.406C soc0@51.25C gpu@51.5C tj@52.281C soc1@52.343C VDD_IN 5237mW/5239mW VDD_CPU_GPU_CV 475mW/500mW VDD_SOC 1505mW/1505mW",51.437,51.5,51.25,52.343,50.406,52.281,1789215416447707407
0.475,5.237,1.505,2759,"09-12-2026 13:16:57 RAM 2759/7620MB (lfb 8x4MB) SWAP 418/3810MB (cached 0MB) CPU [1%@729,0%@1728,0%@1728,0%@1728,0%@729,0%@729] GR3D_FREQ 0% cpu@51.625C soc2@50.25C soc0@51.343C gpu@51.593C tj@52.187C soc1@52.187C VDD_IN 5237mW/5239mW VDD_CPU_GPU_CV 475mW/499mW VDD_SOC 1505mW/1505mW",51.625,51.593,51.343,52.187,50.25,52.187,1789215417453119031
0.515,5.237,1.505,2759,"09-12-2026 13:16:58 RAM 2759/7620MB (lfb 8x4MB) SWAP 418/3810MB (cached 0MB) CPU [0%@729,0%@729,0%@729,0%@729,0%@729,0%@729] GR3D_FREQ 0% cpu@51.437C soc2@50.375C soc0@51.218C gpu@51.375C tj@52.156C soc1@52.156C VDD_IN 5237mW/5239mW VDD_CPU_GPU_CV 515mW/499mW VDD_SOC 1505mW/1505mW",51.437,51.375,51.218,52.156,50.375,52.156,1789215418462988768
0.475,5.237,1.505,2760,"09-12-2026 13:16:59 RAM 2760/7620MB (lfb 8x4MB) SWAP 418/3810MB (cached 0MB) CPU [0%@729,0%@729,0%@729,0%@729,1%@729,0%@729] GR3D_FREQ 0% cpu@51.375C soc2@50.312C soc0@51.156C gpu@51.375C tj@52.218C soc1@52.218C VDD_IN 5237mW/5239mW VDD_CPU_GPU_CV 475mW/499mW VDD_SOC 1505mW/1505mW",51.375,51.375,51.156,52.218,50.312,52.218,1789215419467547871
0.515,5.277,1.505,2760,"09-12-2026 13:17:00 RAM 2760/7620MB (lfb 8x4MB) SWAP 418/3810MB (cached 0MB) CPU [1%@1728,0%@1728,0%@1728,0%@1728,1%@729,8%@729] GR3D_FREQ 0% cpu@51.312C soc2@50.281C soc0@51.218C gpu@51.625C tj@52.375C soc1@52.375C VDD_IN 5277mW/5240mW VDD_CPU_GPU_CV 515mW/499mW VDD_SOC 1505mW/1505mW",51.312,51.625,51.218,52.375,50.281,52.375,1789215420474720789
0.515,5.317,1.505,2760,"09-12-2026 13:17:01 RAM 2760/7620MB (lfb 8x4MB) SWAP 418/3810MB (cached 0MB) CPU [0%@1728,2%@1728,0%@1728,0%@1728,0%@729,1%@729] GR3D_FREQ 0% cpu@51.343C soc2@50.218C soc0@51.25C gpu@51.531C tj@52.031C soc1@52.031C VDD_IN 5317mW/5241mW VDD_CPU_GPU_CV 515mW/500mW VDD_SOC 1505mW/1505mW",51.343,51.531,51.25,52.031,50.218,52.031,1789215421482067097
0.475,5.237,1.505,2760,"09-12-2026 13:17:02 RAM 2760/7620MB (lfb 8x4MB) SWAP 418/3810MB (cached 0MB) CPU [0%@729,0%@729,0%@1728,1%@1728,0%@729,0%@729] GR3D_FREQ 0% cpu@51.437C soc2@50.281C soc0@51.125C gpu@51.5C tj@52.218C soc1@52.218C VDD_IN 5237mW/5241mW VDD_CPU_GPU_CV 475mW/499mW VDD_SOC 1505mW/1505mW",51.437,51.5,51.125,52.218,50.281,52.218,1789215422489262983
0.475,5.237,1.505,2760,"09-12-2026 13:17:03 RAM 2760/7620MB (lfb 8x4MB) SWAP 418/3810MB (cached 0MB) CPU [0%@729,0%@729,1%@729,0%@729,0%@729,0%@729] GR3D_FREQ 0% cpu@51.218C soc2@50.281C soc0@51.093C gpu@51.343C tj@52.187C soc1@52.187C VDD_IN 5237mW/5241mW VDD_CPU_GPU_CV 475mW/499mW VDD_SOC 1505mW/1505mW",51.218,51.343,51.093,52.187,50.281,52.187,1789215423495135839
0.475,5.237,1.505,2760,"09-12-2026 13:17:04 RAM 2760/7620MB (lfb 8x4MB) SWAP 418/3810MB (cached 0MB) CPU [0%@729,0%@729,0%@729,0%@729,1%@729,0%@729] GR3D_FREQ 0% cpu@51.25C soc2@50.125C soc0@51.156C gpu@51.343C tj@52.187C soc1@52.187C VDD_IN 5237mW/5241mW VDD_CPU_GPU_CV 475mW/499mW VDD_SOC 1505mW/1505mW",51.25,51.343,51.156,52.187,50.125,52.187,1789215424500559361
0.475,5.237,1.505,2760,"09-12-2026 13:17:05 RAM 2760/7620MB (lfb 8x4MB) SWAP 418/3810MB (cached 0MB) CPU [0%@729,0%@729,0%@1728,0%@1728,0%@729,0%@729] GR3D_FREQ 0% cpu@51.375C soc2@50.187C soc0@51.156C gpu@51.5C tj@52.156C soc1@52.156C VDD_IN 5237mW/5240mW VDD_CPU_GPU_CV 475mW/498mW VDD_SOC 1505mW/1505mW",51.375,51.5,51.156,52.156,50.187,52.156,1789215425508641503
0.475,5.237,1.505,2760,"09-12-2026 13:17:06 RAM 2760/7620MB (lfb 8x4MB) SWAP 418/3810MB (cached 0MB) CPU [1%@729,0%@729,0%@729,0%@729,0%@729,0%@729] GR3D_FREQ 0% cpu@51.156C soc2@50.25C soc0@51.093C gpu@51.468C tj@52.093C soc1@52.093C VDD_IN 5237mW/5240mW VDD_CPU_GPU_CV 475mW/498mW VDD_SOC 1505mW/1505mW",51.156,51.468,51.093,52.093,50.25,52.093,1789215426514749025
0.475,5.237,1.505,2760,"09-12-2026 13:17:07 RAM 2760/7620MB (lfb 8x4MB) SWAP 418/3810MB (cached 0MB) CPU [0%@729,0%@729,0%@1728,0%@1728,0%@729,1%@729] GR3D_FREQ 0% cpu@51.187C soc2@50.218C soc0@51.062C gpu@51.437C tj@52.125C soc1@52.156C VDD_IN 5237mW/5240mW VDD_CPU_GPU_CV 475mW/498mW VDD_SOC 1505mW/1505mW",51.187,51.437,51.062,52.156,50.218,52.125,1789215427520653671
0.475,5.237,1.505,2760,"09-12-2026 13:17:08 RAM 2760/7620MB (lfb 8x4MB) SWAP 418/3810MB (cached 0MB) CPU [1%@729,0%@729,1%@729,0%@729,0%@729,0%@729] GR3D_FREQ 0% cpu@51.375C soc2@50.093C soc0@51.187C gpu@51.312C tj@52.25C soc1@52.25C VDD_IN 5237mW/5240mW VDD_CPU_GPU_CV 475mW/498mW VDD_SOC 1505mW/1505mW",51.375,51.312,51.187,52.25,50.093,52.25,1789215428526955764
0.475,5.237,1.505,2760,"09-12-2026 13:17:09 RAM 2760/7620MB (lfb 8x4MB) SWAP 418/3810MB (cached 0MB) CPU [0%@729,0%@729,0%@729,0%@729,1%@729,0%@729] GR3D_FREQ 0% cpu@51.437C soc2@50.218C soc0@51.187C gpu@51.187C tj@52C soc1@52C VDD_IN 5237mW/5240mW VDD_CPU_GPU_CV 475mW/497mW VDD_SOC 1505mW/1505mW",51.437,51.187,51.187,52.0,50.218,52.0,1789215429534101944
0.515,5.237,1.505,2760,"09-12-2026 13:17:10 RAM 2760/7620MB (lfb 8x4MB) SWAP 418/3810MB (cached 0MB) CPU [0%@729,0%@729,0%@729,0%@729,0%@729,3%@729] GR3D_FREQ 0% cpu@51.062C soc2@50.25C soc0@51.125C gpu@51.437C tj@52.093C soc1@52.093C VDD_IN 5237mW/5240mW VDD_CPU_GPU_CV 515mW/498mW VDD_SOC 1505mW/1505mW",51.062,51.437,51.125,52.093,50.25,52.093,1789215430541938146
0.475,5.237,1.507,2760,"09-12-2026 13:17:11 RAM 2760/7620MB (lfb 8x4MB) SWAP 418/3810MB (cached 0MB) CPU [1%@729,0%@729,0%@729,0%@729,0%@729,0%@729] GR3D_FREQ 0% cpu@51.25C soc2@50.093C soc0@51.156C gpu@51.406C tj@52.343C soc1@52.343C VDD_IN 5237mW/5240mW VDD_CPU_GPU_CV 475mW/497mW VDD_SOC 1507mW/1505mW",51.25,51.406,51.156,52.343,50.093,52.343,1789215431551660630
0.515,5.237,1.505,2760,"09-12-2026 13:17:12 RAM 2760/7620MB (lfb 8x4MB) SWAP 418/3810MB (cached 0MB) CPU [1%@729,0%@729,0%@729,0%@729,0%@729,0%@729] GR3D_FREQ 0% cpu@51.406C soc2@50.156C soc0@51.156C gpu@51.187C tj@52C soc1@52C VDD_IN 5237mW/5240mW VDD_CPU_GPU_CV 515mW/498mW VDD_SOC 1505mW/1505mW",51.406,51.187,51.156,52.0,50.156,52.0,1789215432557510174
0.515,5.237,1.505,2760,"09-12-2026 13:17:13 RAM 2760/7620MB (lfb 8x4MB) SWAP 418/3810MB (cached 0MB) CPU [0%@729,0%@1728,0%@1728,0%@1728,0%@729,0%@729] GR3D_FREQ 0% cpu@51.093C soc2@50.187C soc0@50.906C gpu@51.25C tj@52.031C soc1@52.031C VDD_IN 5237mW/5240mW VDD_CPU_GPU_CV 515mW/498mW VDD_SOC 1505mW/1505mW",51.093,51.25,50.906,52.031,50.187,52.031,1789215433562672950
0.475,5.237,1.505,2761,"09-12-2026 13:17:14 RAM 2761/7620MB (lfb 8x4MB) SWAP 418/3810MB (cached 0MB) CPU [0%@1728,0%@1728,0%@1728,0%@1728,1%@729,0%@729] GR3D_FREQ 0% cpu@51.187C soc2@50.062C soc0@51.062C gpu@51.343C tj@52.062C soc1@52.062C VDD_IN 5237mW/5240mW VDD_CPU_GPU_CV 475mW/498mW VDD_SOC 1505mW/1505mW",51.187,51.343,51.062,52.062,50.062,52.062,1789215434569625069
0.475,5.237,1.505,2761,"09-12-2026 13:17:15 RAM 2761/7620MB (lfb 8x4MB) SWAP 418/3810MB (cached 0MB) CPU [1%@729,0%@729,0%@729,0%@729,0%@729,0%@729] GR3D_FREQ 0% cpu@51.218C soc2@50.125C soc0@50.968C gpu@51.468C tj@51.968C soc1@51.968C VDD_IN 5237mW/5240mW VDD_CPU_GPU_CV 475mW/497mW VDD_SOC 1505mW/1505mW",51.218,51.468,50.968,51.968,50.125,51.968,1789215435576287071
0.475,5.198,1.505,2761,"09-12-2026 13:17:16 RAM 2761/7620MB (lfb 8x4MB) SWAP 418/3810MB (cached 0MB) CPU [0%@729,0%@729,0%@729,0%@729,0%@729,0%@729] GR3D_FREQ 0% cpu@51.437C soc2@50.093C soc0@51.062C gpu@51.5C tj@51.937C soc1@52C VDD_IN 5198mW/5240mW VDD_CPU_GPU_CV 475mW/497mW VDD_SOC 1505mW/1505mW",51.437,51.5,51.062,52.0,50.093,51.937,1789215436583078748
0.475,5.237,1.505,2761,"09-12-2026 13:17:17 RAM 2761/7620MB (lfb 8x4MB) SWAP 418/3810MB (cached 0MB) CPU [1%@729,0%@729,0%@729,0%@1728,0%@729,1%@729] GR3D_FREQ 0% cpu@51.281C soc2@50.156C soc0@51C gpu@51.218C tj@51.968C soc1@51.968C VDD_IN 5237mW/5240mW VDD_CPU_GPU_CV 475mW/497mW VDD_SOC 1505mW/1505mW",51.281,51.218,51.0,51.968,50.156,51.968,1789215437588857925
0.475,5.237,1.505,2761,"09-12-2026 13:17:18 RAM 2761/7620MB (lfb 8x4MB) SWAP 418/3810MB (cached 0MB) CPU [0%@1728,0%@1728,0%@1728,0%@1728,1%@729,0%@729] GR3D_FREQ 0% cpu@51.093C soc2@50.031C soc0@50.968C gpu@51.25C tj@52.062C soc1@52.062C VDD_IN 5237mW/5240mW VDD_CPU_GPU_CV 475mW/497mW VDD_SOC 1505mW/1505mW",51.093,51.25,50.968,52.062,50.031,52.062,1789215438594455702
0.475,5.198,1.507,2761,"09-12-2026 13:17:19 RAM 2761/7620MB (lfb 8x4MB) SWAP 418/3810MB (cached 0MB) CPU [0%@729,0%@729,0%@729,0%@729,0%@729,0%@729] GR3D_FREQ 0% cpu@51.343C soc2@50.125C soc0@50.968C gpu@51.218C tj@52.125C soc1@52.125C VDD_IN 5198mW/5239mW VDD_CPU_GPU_CV 475mW/497mW VDD_SOC 1507mW/1505mW",51.343,51.218,50.968,52.125,50.125,52.125,1789215439602090210
0.475,5.198,1.505,2760,"09-12-2026 13:17:20 RAM 2760/7620MB (lfb 8x4MB) SWAP 418/3810MB (cached 0MB) CPU [0%@729,0%@729,1%@729,0%@729,0%@729,0%@729] GR3D_FREQ 0% cpu@51.156C soc2@50.031C soc0@51.062C gpu@51.406C tj@51.937C soc1@51.937C VDD_IN 5198mW/5239mW VDD_CPU_GPU_CV 475mW/496mW VDD_SOC 1505mW/1505mW",51.156,51.406,51.062,51.937,50.031,51.937,1789215440610897353
0.475,5.237,1.505,2760,"09-12-2026 13:17:21 RAM 2760/7620MB (lfb 8x4MB) SWAP 418/3810MB (cached 0MB) CPU [0%@729,0%@729,0%@729,0%@729,0%@729,0%@729] GR3D_FREQ 0% cpu@51.062C soc2@50.125C soc0@50.968C gpu@51.406C tj@52.062C soc1@52.062C VDD_IN 5237mW/5239mW VDD_CPU_GPU_CV 475mW/496mW VDD_SOC 1505mW/1505mW",51.062,51.406,50.968,52.062,50.125,52.062,1789215441617311623
0.475,5.198,1.505,2761,"09-12-2026 13:17:22 RAM 2761/7620MB (lfb 8x4MB) SWAP 418/3810MB (cached 0MB) CPU [1%@729,0%@729,0%@729,1%@729,0%@729,0%@729] GR3D_FREQ 0% cpu@51.156C soc2@49.968C soc0@51.031C gpu@51.156C tj@51.968C soc1@51.968C VDD_IN 5198mW/5239mW VDD_CPU_GPU_CV 475mW/496mW VDD_SOC 1505mW/1505mW",51.156,51.156,51.031,51.968,49.968,51.968,1789215442623863600
0.475,5.237,1.505,2761,"09-12-2026 13:17:23 RAM 2761/7620MB (lfb 8x4MB) SWAP 418/3810MB (cached 0MB) CPU [0%@729,0%@729,0%@729,0%@729,0%@729,0%@729] GR3D_FREQ 0% cpu@51.062C soc2@49.937C soc0@50.968C gpu@51.5C tj@52C soc1@52C VDD_IN 5237mW/5238mW VDD_CPU_GPU_CV 475mW/496mW VDD_SOC 1505mW/1505mW",51.062,51.5,50.968,52.0,49.937,52.0,1789215443632196471
0.475,5.237,1.507,2761,"09-12-2026 13:17:24 RAM 2761/7620MB (lfb 8x4MB) SWAP 418/3810MB (cached 0MB) CPU [1%@729,0%@729,0%@729,0%@729,0%@729,0%@729] GR3D_FREQ 0% cpu@51.281C soc2@49.968C soc0@50.875C gpu@51.468C tj@51.968C soc1@51.968C VDD_IN 5237mW/5238mW VDD_CPU_GPU_CV 475mW/496mW VDD_SOC 1507mW/1505mW",51.281,51.468,50.875,51.968,49.968,51.968,1789215444639996961
0.475,5.237,1.505,2761,"09-12-2026 13:17:25 RAM 2761/7620MB (lfb 8x4MB) SWAP 418/3810MB (cached 0MB) CPU [1%@729,0%@729,0%@729,0%@729,0%@729,0%@729] GR3D_FREQ 0% cpu@51.093C soc2@49.968C soc0@50.906C gpu@51.187C tj@52.062C soc1@52.062C VDD_IN 5237mW/5238mW VDD_CPU_GPU_CV 475mW/495mW VDD_SOC 1505mW/1505mW",51.093,51.187,50.906,52.062,49.968,52.062,1789215445646740479
0.515,5.237,1.505,2761,"09-12-2026 13:17:26 RAM 2761/7620MB (lfb 8x4MB) SWAP 418/3810MB (cached 0MB) CPU [1%@729,0%@729,0%@729,0%@729,1%@729,0%@729] GR3D_FREQ 0% cpu@51.343C soc2@49.968C soc0@51C gpu@51.437C tj@51.875C soc1@51.875C VDD_IN 5237mW/5238mW VDD_CPU_GPU_CV 515mW/496mW VDD_SOC 1505mW/1505mW",51.343,51.437,51.0,51.875,49.968,51.875,1789215446654579603
0.475,5.237,1.505,2761,"09-12-2026 13:17:27 RAM 2761/7620MB (lfb 8x4MB) SWAP 418/3810MB (cached 0MB) CPU [0%@729,0%@729,1%@729,0%@729,0%@729,0%@729] GR3D_FREQ 0% cpu@50.937C soc2@49.968C soc0@50.906C gpu@51.156C tj@51.937C soc1@51.937C VDD_IN 5237mW/5238mW VDD_CPU_GPU_CV 475mW/495mW VDD_SOC 1505mW/1505mW",50.937,51.156,50.906,51.937,49.968,51.937,1789215447661870600
0.475,5.237,1.507,2761,"09-12-2026 13:17:28 RAM 2761/7620MB (lfb 8x4MB) SWAP 418/3810MB (cached 0MB) CPU [0%@729,0%@729,0%@729,0%@729,0%@729,1%@729] GR3D_FREQ 0% cpu@51.25C soc2@49.968C soc0@50.906C gpu@51.375C tj@51.906C soc1@51.906C VDD_IN 5237mW/5238mW VDD_CPU_GPU_CV 475mW/495mW VDD_SOC 1507mW/1505mW",51.25,51.375,50.906,51.906,49.968,51.906,1789215448669413556
0.515,5.237,1.505,2761,"09-12-2026 13:17:29 RAM 2761/7620MB (lfb 8x4MB) SWAP 418/3810MB (cached 0MB) CPU [0%@729,0%@729,0%@729,0%@729,0%@729,0%@729] GR3D_FREQ 0% cpu@51.156C soc2@50C soc0@50.812C gpu@51C tj@51.875C soc1@51.875C VDD_IN 5237mW/5238mW VDD_CPU_GPU_CV 515mW/495mW VDD_SOC 1505mW/1505mW",51.156,51.0,50.812,51.875,50.0,51.875,1789215449675994315
0.515,5.237,1.505,2761,"09-12-2026 13:17:30 RAM 2761/7620MB (lfb 8x4MB) SWAP 418/3810MB (cached 0MB) CPU [0%@729,0%@729,0%@729,0%@729,0%@729,0%@729] GR3D_FREQ 0% cpu@50.937C soc2@49.937C soc0@50.843C gpu@51.093C tj@51.937C soc1@51.937C VDD_IN 5237mW/5238mW VDD_CPU_GPU_CV 515mW/496mW VDD_SOC 1505mW/1505mW",50.937,51.093,50.843,51.937,49.937,51.937,1789215450682993433
0.515,5.237,1.505,2761,"09-12-2026 13:17:31 RAM 2761/7620MB (lfb 8x4MB) SWAP 418/3810MB (cached 0MB) CPU [0%@729,0%@729,0%@729,0%@729,0%@729,0%@729] GR3D_FREQ 0% cpu@51.125C soc2@49.937C soc0@50.937C gpu@51.125C tj@51.812C soc1@51.812C VDD_IN 5237mW/5238mW VDD_CPU_GPU_CV 515mW/496mW VDD_SOC 1505mW/1505mW",51.125,51.125,50.937,51.812,49.937,51.812,1789215451688632948
0.515,5.237,1.505,2761,"09-12-2026 13:17:32 RAM 2761/7620MB (lfb 8x4MB) SWAP 418/3810MB (cached 0MB) CPU [0%@729,0%@729,0%@729,0%@729,1%@729,1%@729] GR3D_FREQ 0% cpu@50.937C soc2@49.968C soc0@50.75C gpu@50.968C tj@51.843C soc1@51.843C VDD_IN 5237mW/5238mW VDD_CPU_GPU_CV 515mW/496mW VDD_SOC 1505mW/1505mW",50.937,50.968,50.75,51.843,49.968,51.843,1789215452694969731
0.515,5.237,1.505,2761,"09-12-2026 13:17:33 RAM 2761/7620MB (lfb 8x4MB) SWAP 418/3810MB (cached 0MB) CPU [0%@729,0%@729,0%@729,0%@729,0%@729,0%@729] GR3D_FREQ 0% cpu@51.031C soc2@49.906C soc0@50.843C gpu@51.125C tj@51.937C soc1@51.937C VDD_IN 5237mW/5238mW VDD_CPU_GPU_CV 515mW/496mW VDD_SOC 1505mW/1505mW",51.031,51.125,50.843,51.937,49.906,51.937,1789215453702542694
0.515,5.237,1.505,2761,"09-12-2026 13:17:34 RAM 2761/7620MB (lfb 8x4MB) SWAP 418/3810MB (cached 0MB) CPU [0%@729,0%@729,1%@729,0%@729,0%@729,0%@729] GR3D_FREQ 0% cpu@51.093C soc2@49.937C soc0@50.937C gpu@51C tj@51.781C soc1@51.781C VDD_IN 5237mW/5238mW VDD_CPU_GPU_CV 515mW/496mW VDD_SOC 1505mW/1505mW",51.093,51.0,50.937,51.781,49.937,51.781,1789215454710566500
0.475,5.237,1.507,2761,"09-12-2026 13:17:35 RAM 2761/7620MB (lfb 8x4MB) SWAP 418/3810MB (cached 0MB) CPU [0%@729,0%@729,0%@729,0%@729,0%@729,0%@729] GR3D_FREQ 0% cpu@50.968C soc2@49.937C soc0@50.875C gpu@51.093C tj@51.843C soc1@51.843C VDD_IN 5237mW/5238mW VDD_CPU_GPU_CV 475mW/496mW VDD_SOC 1507mW/1505mW",50.968,51.093,50.875,51.843,49.937,51.843,1789215455718440043
0.515,5.237,1.507,2761,"09-12-2026 13:17:36 RAM 2761/7620MB (lfb 8x4MB) SWAP 418/3810MB (cached 0MB) CPU [0%@729,0%@729,0%@729,0%@729,1%@729,0%@729] GR3D_FREQ 0% cpu@51.031C soc2@49.906C soc0@50.812C gpu@51.156C tj@51.968C soc1@51.968C VDD_IN 5237mW/5238mW VDD_CPU_GPU_CV 515mW/496mW VDD_SOC 1507mW/1505mW",51.031,51.156,50.812,51.968,49.906,51.968,1789215456724831137
0.515,5.237,1.505,2761,"09-12-2026 13:17:37 RAM 2761/7620MB (lfb 8x4MB) SWAP 418/3810MB (cached 0MB) CPU [0%@729,0%@729,0%@729,0%@729,0%@729,0%@729] GR3D_FREQ 0% cpu@50.968C soc2@49.906C soc0@50.968C gpu@51C tj@51.843C soc1@51.843C VDD_IN 5237mW/5238mW VDD_CPU_GPU_CV 515mW/496mW VDD_SOC 1505mW/1505mW",50.968,51.0,50.968,51.843,49.906,51.843,1789215457732499386
0.475,5.237,1.507,2761,"09-12-2026 13:17:38 RAM 2761/7620MB (lfb 8x4MB) SWAP 418/3810MB (cached 0MB) CPU [0%@729,2%@729,0%@729,0%@729,0%@729,0%@729] GR3D_FREQ 0% cpu@50.875C soc2@49.812C soc0@50.812C gpu@51.187C tj@51.812C soc1@51.812C VDD_IN 5237mW/5238mW VDD_CPU_GPU_CV 475mW/496mW VDD_SOC 1507mW/1505mW",50.875,51.187,50.812,51.812,49.812,51.812,1789215458740865336
0.515,5.237,1.505,2761,"09-12-2026 13:17:39 RAM 2761/7620MB (lfb 8x4MB) SWAP 418/3810MB (cached 0MB) CPU [0%@729,0%@729,0%@729,0%@729,0%@729,0%@729] GR3D_FREQ 0% cpu@51.031C soc2@49.875C soc0@50.875C gpu@50.968C tj@51.75C soc1@51.75C VDD_IN 5237mW/5238mW VDD_CPU_GPU_CV 515mW/496mW VDD_SOC 1505mW/1505mW",51.031,50.968,50.875,51.75,49.875,51.75,1789215459748533132
0.475,5.237,1.507,2761,"09-12-2026 13:17:40 RAM 2761/7620MB (lfb 8x4MB) SWAP 418/3810MB (cached 0MB) CPU [0%@729,0%@729,0%@729,0%@729,0%@729,0%@729] GR3D_FREQ 0% cpu@51.062C soc2@49.968C soc0@50.812C gpu@51.062C tj@51.906C soc1@51.906C VDD_IN 5237mW/5238mW VDD_CPU_GPU_CV 475mW/496mW VDD_SOC 1507mW/1505mW",51.062,51.062,50.812,51.906,49.968,51.906,1789215460756662241
0.515,5.237,1.507,2761,"09-12-2026 13:17:41 RAM 2761/7620MB (lfb 8x4MB) SWAP 418/3810MB (cached 0MB) CPU [1%@729,0%@729,0%@729,0%@729,0%@729,1%@729] GR3D_FREQ 0% cpu@51C soc2@49.906C soc0@50.781C gpu@51.125C tj@51.875C soc1@51.875C VDD_IN 5237mW/5238mW VDD_CPU_GPU_CV 515mW/496mW VDD_SOC 1507mW/1505mW",51.0,51.125,50.781,51.875,49.906,51.875,1789215461763190816
0.475,5.237,1.505,2761,"09-12-2026 13:17:42 RAM 2761/7620MB (lfb 8x4MB) SWAP 418/3810MB (cached 0MB) CPU [0%@729,0%@729,1%@729,0%@729,0%@729,0%@729] GR3D_FREQ 0% cpu@50.937C soc2@49.843C soc0@50.812C gpu@50.906C tj@51.781C soc1@51.781C VDD_IN 5237mW/5238mW VDD_CPU_GPU_CV 475mW/496mW VDD_SOC 1505mW/1505mW",50.937,50.906,50.812,51.781,49.843,51.781,1789215462769930286
0.475,5.198,1.507,2761,"09-12-2026 13:17:43 RAM 2761/7620MB (lfb 8x4MB) SWAP 418/3810MB (cached 0MB) CPU [0%@729,0%@729,0%@729,0%@729,0%@729,0%@729] GR3D_FREQ 0% cpu@51.093C soc2@49.906C soc0@50.687C gpu@51.156C tj@51.781C soc1@51.781C VDD_IN 5198mW/5238mW VDD_CPU_GPU_CV 475mW/496mW VDD_SOC 1507mW/1505mW",51.093,51.156,50.687,51.781,49.906,51.781,1789215463776754226
0.475,5.237,1.505,2761,"09-12-2026 13:17:44 RAM 2761/7620MB (lfb 8x4MB) SWAP 418/3810MB (cached 0MB) CPU [0%@729,0%@1728,0%@1728,0%@1728,1%@729,1%@729] GR3D_FREQ 0% cpu@50.937C soc2@49.968C soc0@50.781C gpu@51.125C tj@51.875C soc1@51.875C VDD_IN 5237mW/5238mW VDD_CPU_GPU_CV 475mW/496mW VDD_SOC 1505mW/1505mW",50.937,51.125,50.781,51.875,49.968,51.875,1789215464782508158
0.475,5.237,1.505,2761,"09-12-2026 13:17:45 RAM 2761/7620MB (lfb 8x4MB) SWAP 418/3810MB (cached 0MB) CPU [0%@729,0%@729,1%@729,0%@729,1%@729,0%@729] GR3D_FREQ 0% cpu@51.031C soc2@49.843C soc0@50.812C gpu@50.937C tj@51.812C soc1@51.812C VDD_IN 5237mW/5238mW VDD_CPU_GPU_CV 475mW/496mW VDD_SOC 1505mW/1505mW",51.031,50.937,50.812,51.812,49.843,51.812,1789215465789491291
0.475,5.237,1.505,2761,"09-12-2026 13:17:46 RAM 2761/7620MB (lfb 8x4MB) SWAP 418/3810MB (cached 0MB) CPU [0%@729,0%@729,0%@729,0%@729,0%@729,0%@729] GR3D_FREQ 0% cpu@50.968C soc2@49.781C soc0@50.75C gpu@50.968C tj@51.781C soc1@51.781C VDD_IN 5237mW/5238mW VDD_CPU_GPU_CV 475mW/495mW VDD_SOC 1505mW/1505mW",50.968,50.968,50.75,51.781,49.781,51.781,1789215466796385174
0.475,5.237,1.507,2761,"09-12-2026 13:17:47 RAM 2761/7620MB (lfb 8x4MB) SWAP 418/3810MB (cached 0MB) CPU [0%@729,0%@729,0%@729,0%@729,0%@729,0%@729] GR3D_FREQ 0% cpu@50.875C soc2@49.906C soc0@50.843C gpu@51.156C tj@51.75C soc1@51.75C VDD_IN 5237mW/5238mW VDD_CPU_GPU_CV 475mW/495mW VDD_SOC 1507mW/1505mW",50.875,51.156,50.843,51.75,49.906,51.75,1789215467801566361
0.475,5.237,1.505,2761,"09-12-2026 13:17:48 RAM 2761/7620MB (lfb 8x4MB) SWAP 418/3810MB (cached 0MB) CPU [0%@729,0%@729,1%@729,0%@729,1%@729,0%@729] GR3D_FREQ 0% cpu@51.031C soc2@49.781C soc0@50.875C gpu@51.125C tj@51.968C soc1@51.968C VDD_IN 5237mW/5238mW VDD_CPU_GPU_CV 475mW/495mW VDD_SOC 1505mW/1505mW",51.031,51.125,50.875,51.968,49.781,51.968,1789215468809021932
0.475,5.237,1.507,2761,"09-12-2026 13:17:49 RAM 2761/7620MB (lfb 8x4MB) SWAP 418/3810MB (cached 0MB) CPU [0%@729,0%@729,0%@1728,0%@1728,0%@729,0%@729] GR3D_FREQ 0% cpu@50.906C soc2@49.843C soc0@50.875C gpu@50.968C tj@51.75C soc1@51.75C VDD_IN 5237mW/5238mW VDD_CPU_GPU_CV 475mW/495mW VDD_SOC 1507mW/1505mW",50.906,50.968,50.875,51.75,49.843,51.75,1789215469814708555
0.475,5.237,1.507,2761,"09-12-2026 13:17:50 RAM 2761/7620MB (lfb 8x4MB) SWAP 418/3810MB (cached 0MB) CPU [0%@729,0%@729,0%@729,0%@729,0%@729,2%@729] GR3D_FREQ 0% cpu@50.937C soc2@49.875C soc0@50.625C gpu@50.968C tj@51.781C soc1@51.781C VDD_IN 5237mW/5238mW VDD_CPU_GPU_CV 475mW/495mW VDD_SOC 1507mW/1505mW",50.937,50.968,50.625,51.781,49.875,51.781,1789215470822264623
0.515,5.237,1.505,2761,"09-12-2026 13:17:51 RAM 2761/7620MB (lfb 8x4MB) SWAP 418/3810MB (cached 0MB) CPU [0%@729,0%@729,0%@729,0%@729,0%@729,0%@729] GR3D_FREQ 0% cpu@50.968C soc2@49.843C soc0@50.843C gpu@51.156C tj@51.937C soc1@51.937C VDD_IN 5237mW/5238mW VDD_CPU_GPU_CV 515mW/495mW VDD_SOC 1505mW/1505mW",50.968,51.156,50.843,51.937,49.843,51.937,1789215471829181405
0.475,5.237,1.507,2761,"09-12-2026 13:17:52 RAM 2761/7620MB (lfb 8x4MB) SWAP 418/3810MB (cached 0MB) CPU [0%@729,0%@729,0%@729,0%@729,0%@729,0%@729] GR3D_FREQ 0% cpu@51.062C soc2@49.843C soc0@50.906C gpu@50.843C tj@51.781C soc1@51.781C VDD_IN 5237mW/5238mW VDD_CPU_GPU_CV 475mW/495mW VDD_SOC 1507mW/1505mW",51.062,50.843,50.906,51.781,49.843,51.781,1789215472836098606
0.475,5.198,1.505,2761,"09-12-2026 13:17:53 RAM 2761/7620MB (lfb 8x4MB) SWAP 418/3810MB (cached 0MB) CPU [0%@729,0%@729,0%@729,0%@729,1%@729,0%@729] GR3D_FREQ 0% cpu@50.812C soc2@49.812C soc0@50.656C gpu@50.906C tj@51.812C soc1@51.812C VDD_IN 5198mW/5238mW VDD_CPU_GPU_CV 475mW/495mW VDD_SOC 1505mW/1505mW",50.812,50.906,50.656,51.812,49.812,51.812,1789215473844371006
0.475,5.237,1.507,2761,"09-12-2026 13:17:54 RAM 2761/7620MB (lfb 8x4MB) SWAP 418/3810MB (cached 0MB) CPU [0%@1728,0%@1728,0%@1728,0%@1728,1%@729,0%@729] GR3D_FREQ 0% cpu@50.906C soc2@49.718C soc0@50.75C gpu@51.156C tj@51.875C soc1@51.875C VDD_IN 5237mW/5238mW VDD_CPU_GPU_CV 475mW/495mW VDD_SOC 1507mW/1505mW",50.906,51.156,50.75,51.875,49.718,51.875,1789215474849840276
0.475,5.237,1.505,2761,"09-12-2026 13:17:55 RAM 2761/7620MB (lfb 8x4MB) SWAP 418/3810MB (cached 0MB) CPU [0%@729,1%@729,0%@729,0%@729,0%@729,0%@729] GR3D_FREQ 0% cpu@51.125C soc2@49.906C soc0@50.843C gpu@51.062C tj@51.75C soc1@51.75C VDD_IN 5237mW/5238mW VDD_CPU_GPU_CV 475mW/494mW VDD_SOC 1505mW/1505mW",51.125,51.062,50.843,51.75,49.906,51.75,1789215475856988321
0.475,5.237,1.507,2761,"09-12-2026 13:17:56 RAM 2761/7620MB (lfb 8x4MB) SWAP 418/3810MB (cached 0MB) CPU [0%@729,0%@729,1%@729,0%@729,0%@729,0%@729] GR3D_FREQ 0% cpu@50.875C soc2@49.812C soc0@50.687C gpu@51C tj@51.75C soc1@51.75C VDD_IN 5237mW/5238mW VDD_CPU_GPU_CV 475mW/494mW VDD_SOC 1507mW/1505mW",50.875,51.0,50.687,51.75,49.812,51.75,1789215476862710985
0.475,5.237,1.505,2761,"09-12-2026 13:17:57 RAM 2761/7620MB (lfb 8x4MB) SWAP 418/3810MB (cached 0MB) CPU [0%@729,0%@729,0%@729,0%@729,0%@729,1%@729] GR3D_FREQ 0% cpu@50.843C soc2@49.843C soc0@50.687C gpu@50.906C tj@51.781C soc1@51.781C VDD_IN 5237mW/5238mW VDD_CPU_GPU_CV 475mW/494mW VDD_SOC 1505mW/1505mW",50.843,50.906,50.687,51.781,49.843,51.781,1789215477868901627
0.475,5.237,1.505,2761,"09-12-2026 13:17:58 RAM 2761/7620MB (lfb 8x4MB) SWAP 418/3810MB (cached 0MB) CPU [0%@729,0%@729,1%@729,0%@729,0%@729,1%@729] GR3D_FREQ 0% cpu@50.968C soc2@49.843C soc0@50.781C gpu@51.062C tj@51.687C soc1@51.687C VDD_IN 5237mW/5238mW VDD_CPU_GPU_CV 475mW/494mW VDD_SOC 1505mW/1505mW",50.968,51.062,50.781,51.687,49.843,51.687,1789215478877962043
0.475,5.237,1.505,2761,"09-12-2026 13:17:59 RAM 2761/7620MB (lfb 8x4MB) SWAP 418/3810MB (cached 0MB) CPU [0%@729,0%@729,0%@729,0%@729,0%@729,0%@729] GR3D_FREQ 0% cpu@51.187C soc2@49.875C soc0@50.625C gpu@50.875C tj@51.656C soc1@51.656C VDD_IN 5237mW/5238mW VDD_CPU_GPU_CV 475mW/494mW VDD_SOC 1505mW/1505mW",51.187,50.875,50.625,51.656,49.875,51.656,1789215479884433974
0.475,5.237,1.507,2761,"09-12-2026 13:18:00 RAM 2761/7620MB (lfb 8x4MB) SWAP 418/3810MB (cached 0MB) CPU [0%@729,0%@729,0%@729,0%@729,0%@729,1%@729] GR3D_FREQ 0% cpu@50.781C soc2@49.843C soc0@50.687C gpu@50.906C tj@51.75C soc1@51.75C VDD_IN 5237mW/5238mW VDD_CPU_GPU_CV 475mW/494mW VDD_SOC 1507mW/1505mW",50.781,50.906,50.687,51.75,49.843,51.75,1789215480890550323
0.475,5.237,1.505,2761,"09-12-2026 13:18:01 RAM 2761/7620MB (lfb 8x4MB) SWAP 418/3810MB (cached 0MB) CPU [0%@729,1%@729,0%@729,0%@729,1%@729,0%@729] GR3D_FREQ 0% cpu@50.875C soc2@49.75C soc0@50.656C gpu@50.875C tj@51.906C soc1@51.906C VDD_IN 5237mW/5238mW VDD_CPU_GPU_CV 475mW/494mW VDD_SOC 1505mW/1505mW",50.875,50.875,50.656,51.906,49.75,51.906,1789215481896390452
0.475,5.237,1.505,2761,"09-12-2026 13:18:02 RAM 2761/7620MB (lfb 8x4MB) SWAP 418/3810MB (cached 0MB) CPU [0%@729,0%@729,0%@729,0%@729,0%@729,0%@729] GR3D_FREQ 0% cpu@51.093C soc2@49.812C soc0@50.875C gpu@51.187C tj@51.718C soc1@51.718C VDD_IN 5237mW/5238mW VDD_CPU_GPU_CV 475mW/494mW VDD_SOC 1505mW/1505mW",51.093,51.187,50.875,51.718,49.812,51.718,1789215482903431505
0.475,5.198,1.507,2761,"09-12-2026 13:18:03 RAM 2761/7620MB (lfb 8x4MB) SWAP 418/3810MB (cached 0MB) CPU [0%@729,0%@729,0%@729,0%@729,0%@729,0%@729] GR3D_FREQ 0% cpu@51C soc2@49.812C soc0@50.625C gpu@51.156C tj@51.718C soc1@51.718C VDD_IN 5198mW/5237mW VDD_CPU_GPU_CV 475mW/493mW VDD_SOC 1507mW/1505mW",51.0,51.156,50.625,51.718,49.812,51.718,1789215483908990499
0.475,5.198,1.505,2761,"09-12-2026 13:18:04 RAM 2761/7620MB (lfb 8x4MB) SWAP 418/3810MB (cached 0MB) CPU [1%@729,0%@729,0%@729,0%@1728,0%@729,1%@729] GR3D_FREQ 0% cpu@50.906C soc2@49.812C soc0@50.625C gpu@50.937C tj@51.75C soc1@51.75C VDD_IN 5198mW/5237mW VDD_CPU_GPU_CV 475mW/493mW VDD_SOC 1505mW/1505mW",50.906,50.937,50.625,51.75,49.812,51.75,1789215484915637906
0.475,5.198,1.507,2761,"09-12-2026 13:18:05 RAM 2761/7620MB (lfb 8x4MB) SWAP 418/3810MB (cached 0MB) CPU [1%@729,0%@729,0%@729,0%@729,0%@729,0%@729] GR3D_FREQ 0% cpu@51C soc2@49.718C soc0@50.656C gpu@50.968C tj@51.687C soc1@51.687C VDD_IN 5198mW/5237mW VDD_CPU_GPU_CV 475mW/493mW VDD_SOC 1507mW/1505mW",51.0,50.968,50.656,51.687,49.718,51.687,1789215485921277050
0.475,5.198,1.507,2761,"09-12-2026 13:18:06 RAM 2761/7620MB (lfb 8x4MB) SWAP 418/3810MB (cached 0MB) CPU [0%@729,0%@729,0%@729,0%@729,0%@729,0%@729] GR3D_FREQ 0% cpu@50.937C soc2@49.718C soc0@50.843C gpu@50.937C tj@51.656C soc1@51.656C VDD_IN 5198mW/5237mW VDD_CPU_GPU_CV 475mW/493mW VDD_SOC 1507mW/1505mW",50.937,50.937,50.843,51.656,49.718,51.656,1789215486928229436
0.475,5.198,1.505,2761,"09-12-2026 13:18:07 RAM 2761/7620MB (lfb 8x4MB) SWAP 418/3810MB (cached 0MB) CPU [0%@729,1%@729,0%@1728,0%@1728,0%@729,0%@729] GR3D_FREQ 0% cpu@50.875C soc2@49.875C soc0@50.625C gpu@51.187C tj@51.718C soc1@51.718C VDD_IN 5198mW/5236mW VDD_CPU_GPU_CV 475mW/493mW VDD_SOC 1505mW/1505mW",50.875,51.187,50.625,51.718,49.875,51.718,1789215487934072310
0.475,5.198,1.505,2761,"09-12-2026 13:18:08 RAM 2761/7620MB (lfb 8x4MB) SWAP 418/3810MB (cached 0MB) CPU [0%@729,0%@729,0%@729,0%@729,0%@729,0%@729] GR3D_FREQ 0% cpu@50.906C soc2@49.75C soc0@50.687C gpu@51.218C tj@51.781C soc1@51.781C VDD_IN 5198mW/5236mW VDD_CPU_GPU_CV 475mW/493mW VDD_SOC 1505mW/1505mW",50.906,51.218,50.687,51.781,49.75,51.781,1789215488940952469
0.515,5.237,1.505,2761,"09-12-2026 13:18:09 RAM 2761/7620MB (lfb 8x4MB) SWAP 418/3810MB (cached 0MB) CPU [0%@729,0%@729,0%@729,0%@729,0%@729,0%@729] GR3D_FREQ 0% cpu@51.093C soc2@49.75C soc0@50.812C gpu@50.937C tj@51.687C soc1@51.687C VDD_IN 5237mW/5236mW VDD_CPU_GPU_CV 515mW/493mW VDD_SOC 1505mW/1505mW",51.093,50.937,50.812,51.687,49.75,51.687,1789215489947903602
0.475,5.237,1.505,2761,"09-12-2026 13:18:10 RAM 2761/7620MB (lfb 8x4MB) SWAP 418/3810MB (cached 0MB) CPU [0%@729,0%@729,0%@729,0%@729,4%@729,0%@729] GR3D_FREQ 0% cpu@50.937C soc2@49.812C soc0@50.593C gpu@51.187C tj@51.75C soc1@51.75C VDD_IN 5237mW/5236mW VDD_CPU_GPU_CV 475mW/493mW VDD_SOC 1505mW/1505mW",50.937,51.187,50.593,51.75,49.812,51.75,1789215490955539366
0.475,5.237,1.505,2761,"09-12-2026 13:18:11 RAM 2761/7620MB (lfb 8x4MB) SWAP 418/3810MB (cached 0MB) CPU [0%@729,0%@729,1%@729,0%@729,0%@729,0%@729] GR3D_FREQ 0% cpu@50.843C soc2@49.781C soc0@50.531C gpu@51.218C tj@51.75C soc1@51.75C VDD_IN 5237mW/5236mW VDD_CPU_GPU_CV 475mW/493mW VDD_SOC 1505mW/1505mW",50.843,51.218,50.531,51.75,49.781,51.75,1789215491961761660
0.475,5.198,1.505,2761,"09-12-2026 13:18:12 RAM 2761/7620MB (lfb 8x4MB) SWAP 418/3810MB (cached 0MB) CPU [0%@729,0%@729,0%@729,0%@729,1%@729,0%@729] GR3D_FREQ 0% cpu@50.937C soc2@49.781C soc0@50.656C gpu@50.875C tj@51.593C soc1@51.593C VDD_IN 5198mW/5236mW VDD_CPU_GPU_CV 475mW/493mW VDD_SOC 1505mW/1505mW",50.937,50.875,50.656,51.593,49.781,51.593,1789215492968691565
0.475,5.198,1.505,2761,"09-12-2026 13:18:13 RAM 2761/7620MB (lfb 8x4MB) SWAP 418/3810MB (cached 0MB) CPU [2%@729,0%@729,0%@729,0%@729,0%@729,0%@729] GR3D_FREQ 0% cpu@50.781C soc2@49.781C soc0@50.593C gpu@50.906C tj@51.656C soc1@51.656C VDD_IN 5198mW/5236mW VDD_CPU_GPU_CV 475mW/493mW VDD_SOC 1505mW/1505mW",50.781,50.906,50.593,51.656,49.781,51.656,1789215493975978793
0.475,5.237,1.505,2761,"09-12-2026 13:18:14 RAM 2761/7620MB (lfb 8x4MB) SWAP 418/3810MB (cached 0MB) CPU [0%@729,1%@729,0%@729,0%@729,1%@729,0%@729] GR3D_FREQ 0% cpu@50.781C soc2@49.843C soc0@50.687C gpu@51.218C tj@51.781C soc1@51.781C VDD_IN 5237mW/5236mW VDD_CPU_GPU_CV 475mW/492mW VDD_SOC 1505mW/1505mW",50.781,51.218,50.687,51.781,49.843,51.781,1789215494981761340
0.515,5.237,1.505,2761,"09-12-2026 13:18:15 RAM 2761/7620MB (lfb 8x4MB) SWAP 418/3810MB (cached 0MB) CPU [0%@1728,0%@1728,0%@1728,0%@1728,0%@729,0%@729] GR3D_FREQ 0% cpu@50.843C soc2@49.812C soc0@50.625C gpu@50.75C tj@51.812C soc1@51.812C VDD_IN 5237mW/5236mW VDD_CPU_GPU_CV 515mW/493mW VDD_SOC 1505mW/1505mW",50.843,50.75,50.625,51.812,49.812,51.812,1789215495988323105
0.475,5.237,1.505,2761,"09-12-2026 13:18:16 RAM 2761/7620MB (lfb 8x4MB) SWAP 418/3810MB (cached 0MB) CPU [0%@729,0%@729,0%@729,0%@729,0%@729,0%@729] GR3D_FREQ 0% cpu@51.031C soc2@49.687C soc0@50.781C gpu@50.781C tj@51.656C soc1@51.656C VDD_IN 5237mW/5236mW VDD_CPU_GPU_CV 475mW/492mW VDD_SOC 1505mW/1505mW",51.031,50.781,50.781,51.656,49.687,51.656,1789215496995147615
0.475,5.237,1.505,2761,"09-12-2026 13:18:17 RAM 2761/7620MB (lfb 8x4MB) SWAP 418/3810MB (cached 0MB) CPU [0%@729,0%@729,0%@729,0%@729,1%@729,0%@729] GR3D_FREQ 0% cpu@50.937C soc2@49.687C soc0@50.562C gpu@50.906C tj@51.718C soc1@51.718C VDD_IN 5237mW/5236mW VDD_CPU_GPU_CV 475mW/492mW VDD_SOC 1505mW/1505mW",50.937,50.906,50.562,51.718,49.687,51.718,1789215498001160503
0.475,5.198,1.507,2761,"09-12-2026 13:18:18 RAM 2761/7620MB (lfb 8x4MB) SWAP 418/3810MB (cached 0MB) CPU [0%@729,0%@729,0%@729,0%@729,0%@729,1%@729] GR3D_FREQ 0% cpu@50.812C soc2@49.687C soc0@50.625C gpu@50.843C tj@51.718C soc1@51.718C VDD_IN 5198mW/5235mW VDD_CPU_GPU_CV 475mW/492mW VDD_SOC 1507mW/1505mW",50.812,50.843,50.625,51.718,49.687,51.718,1789215499008504487
0.475,5.198,1.505,2761,"09-12-2026 13:18:20 RAM 2761/7620MB (lfb 8x4MB) SWAP 418/3810MB (cached 0MB) CPU [0%@729,0%@729,1%@729,0%@729,0%@729,0%@729] GR3D_FREQ 0% cpu@51C soc2@49.625C soc0@50.687C gpu@50.781C tj@51.656C soc1@51.656C VDD_IN 5198mW/5235mW VDD_CPU_GPU_CV 475mW/492mW VDD_SOC 1505mW/1505mW",51.0,50.781,50.687,51.656,49.625,51.656,1789215500015153485
0.475,5.198,1.507,2761,"09-12-2026 13:18:21 RAM 2761/7620MB (lfb 8x4MB) SWAP 418/3810MB (cached 0MB) CPU [0%@1728,0%@1728,0%@1728,0%@1728,1%@729,1%@729] GR3D_FREQ 0% cpu@50.937C soc2@49.687C soc0@50.562C gpu@50.75C tj@51.593C soc1@51.593C VDD_IN 5198mW/5235mW VDD_CPU_GPU_CV 475mW/492mW VDD_SOC 1507mW/1505mW",50.937,50.75,50.562,51.593,49.687,51.593,1789215501020249393
0.475,5.198,1.505,2761,"09-12-2026 13:18:22 RAM 2761/7620MB (lfb 8x4MB) SWAP 418/3810MB (cached 0MB) CPU [0%@729,0%@729,0%@729,0%@729,1%@729,0%@729] GR3D_FREQ 0% cpu@50.718C soc2@49.781C soc0@50.562C gpu@50.968C tj@51.687C soc1@51.687C VDD_IN 5198mW/5235mW VDD_CPU_GPU_CV 475mW/492mW VDD_SOC 1505mW/1505mW",50.718,50.968,50.562,51.687,49.781,51.687,1789215502028004071
0.475,5.237,1.505,2761,"09-12-2026 13:18:23 RAM 2761/7620MB (lfb 8x4MB) SWAP 418/3810MB (cached 0MB) CPU [0%@729,0%@729,0%@1728,0%@1728,0%@729,0%@729] GR3D_FREQ 0% cpu@50.843C soc2@49.562C soc0@50.531C gpu@50.968C tj@51.812C soc1@51.812C VDD_IN 5237mW/5235mW VDD_CPU_GPU_CV 475mW/492mW VDD_SOC 1505mW/1505mW",50.843,50.968,50.531,51.812,49.562,51.812,1789215503032928247
0.475,5.198,1.505,2761,"09-12-2026 13:18:24 RAM 2761/7620MB (lfb 8x4MB) SWAP 418/3810MB (cached 0MB) CPU [0%@729,0%@729,0%@729,0%@729,0%@729,0%@729] GR3D_FREQ 0% cpu@50.781C soc2@49.687C soc0@50.781C gpu@50.781C tj@51.593C soc1@51.593C VDD_IN 5198mW/5235mW VDD_CPU_GPU_CV 475mW/492mW VDD_SOC 1505mW/1505mW",50.781,50.781,50.781,51.593,49.687,51.593,1789215504041175264
0.475,5.237,1.505,2761,"09-12-2026 13:18:25 RAM 2761/7620MB (lfb 8x4MB) SWAP 418/3810MB (cached 0MB) CPU [0%@729,0%@1728,0%@1728,0%@1728,0%@729,0%@729] GR3D_FREQ 0% cpu@51C soc2@49.656C soc0@50.468C gpu@50.781C tj@51.656C soc1@51.656C VDD_IN 5237mW/5235mW VDD_CPU_GPU_CV 475mW/492mW VDD_SOC 1505mW/1505mW",51.0,50.781,50.468,51.656,49.656,51.656,1789215505047422020
0.475,5.198,1.505,2761,"09-12-2026 13:18:26 RAM 2761/7620MB (lfb 8x4MB) SWAP 418/3810MB (cached 0MB) CPU [0%@729,0%@729,0%@729,0%@729,0%@729,0%@729] GR3D_FREQ 0% cpu@50.843C soc2@49.625C soc0@50.593C gpu@50.781C tj@51.718C soc1@51.718C VDD_IN 5198mW/5234mW VDD_CPU_GPU_CV 475mW/492mW VDD_SOC 1505mW/1505mW",50.843,50.781,50.593,51.718,49.625,51.718,1789215506054366702
0.475,5.198,1.505,2761,"09-12-2026 13:18:27 RAM 2761/7620MB (lfb 8x4MB) SWAP 418/3810MB (cached 0MB) CPU [0%@729,0%@729,0%@729,0%@729,0%@729,0%@729] GR3D_FREQ 0% cpu@50.718C soc2@49.656C soc0@50.562C gpu@50.906C tj@51.781C soc1@51.781C VDD_IN 5198mW/5234mW VDD_CPU_GPU_CV 475mW/491mW VDD_SOC 1505mW/1505mW",50.718,50.906,50.562,51.781,49.656,51.781,1789215507060667439
0.475,5.237,1.505,2761,"09-12-2026 13:18:28 RAM 2761/7620MB (lfb 8x4MB) SWAP 418/3810MB (cached 0MB) CPU [0%@729,1%@729,0%@729,0%@729,0%@729,0%@729] GR3D_FREQ 0% cpu@50.937C soc2@49.656C soc0@50.687C gpu@50.781C tj@51.718C soc1@51.718C VDD_IN 5237mW/5234mW VDD_CPU_GPU_CV 475mW/491mW VDD_SOC 1505mW/1505mW",50.937,50.781,50.687,51.718,49.656,51.718,1789215508067246715
0.475,5.198,1.505,2761,"09-12-2026 13:18:29 RAM 2761/7620MB (lfb 8x4MB) SWAP 418/3810MB (cached 0MB) CPU [0%@729,0%@729,1%@729,0%@729,0%@729,0%@729] GR3D_FREQ 0% cpu@50.781C soc2@49.75C soc0@50.562C gpu@50.812C tj@51.656C soc1@51.656C VDD_IN 5198mW/5234mW VDD_CPU_GPU_CV 475mW/491mW VDD_SOC 1505mW/1505mW",50.781,50.812,50.562,51.656,49.75,51.656,1789215509075771460
0.475,5.198,1.507,2761,"09-12-2026 13:18:30 RAM 2761/7620MB (lfb 8x4MB) SWAP 418/3810MB (cached 0MB) CPU [0%@729,0%@729,0%@729,0%@729,0%@729,0%@729] GR3D_FREQ 0% cpu@50.937C soc2@49.687C soc0@50.562C gpu@50.906C tj@51.75C soc1@51.75C VDD_IN 5198mW/5234mW VDD_CPU_GPU_CV 475mW/491mW VDD_SOC 1507mW/1505mW",50.937,50.906,50.562,51.75,49.687,51.75,1789215510083181341
0.475,5.198,1.505,2761,"09-12-2026 13:18:31 RAM 2761/7620MB (lfb 8x4MB) SWAP 418/3810MB (cached 0MB) CPU [1%@729,1%@729,0%@729,0%@729,0%@729,0%@729] GR3D_FREQ 0% cpu@50.812C soc2@49.687C soc0@50.75C gpu@50.937C tj@51.656C soc1@51.656C VDD_IN 5198mW/5234mW VDD_CPU_GPU_CV 475mW/491mW VDD_SOC 1505mW/1505mW",50.812,50.937,50.75,51.656,49.687,51.656,1789215511090159928
0.475,5.198,1.505,2761,"09-12-2026 13:18:32 RAM 2761/7620MB (lfb 8x4MB) SWAP 418/3810MB (cached 0MB) CPU [0%@729,0%@729,0%@729,0%@729,0%@729,0%@729] GR3D_FREQ 0% cpu@50.718C soc2@49.75C soc0@50.593C gpu@50.843C tj@51.75C soc1@51.75C VDD_IN 5198mW/5233mW VDD_CPU_GPU_CV 475mW/491mW VDD_SOC 1505mW/1505mW",50.718,50.843,50.593,51.75,49.75,51.75,1789215512097701383
0.475,5.198,1.505,2761,"09-12-2026 13:18:33 RAM 2761/7620MB (lfb 8x4MB) SWAP 418/3810MB (cached 0MB) CPU [0%@729,1%@729,0%@729,0%@729,1%@729,0%@729] GR3D_FREQ 0% cpu@50.875C soc2@49.656C soc0@50.687C gpu@51C tj@51.843C soc1@51.843C VDD_IN 5198mW/5233mW VDD_CPU_GPU_CV 475mW/491mW VDD_SOC 1505mW/1505mW",50.875,51.0,50.687,51.843,49.656,51.843,1789215513105863166
0.475,5.198,1.505,2761,"09-12-2026 13:18:34 RAM 2761/7620MB (lfb 8x4MB) SWAP 418/3810MB (cached 0MB) CPU [0%@729,0%@729,0%@729,0%@729,0%@729,0%@729] GR3D_FREQ 0% cpu@50.968C soc2@49.656C soc0@50.531C gpu@50.718C tj@51.656C soc1@51.656C VDD_IN 5198mW/5233mW VDD_CPU_GPU_CV 475mW/491mW VDD_SOC 1505mW/1505mW",50.968,50.718,50.531,51.656,49.656,51.656,1789215514114796903
0.475,5.198,1.505,2761,"09-12-2026 13:18:35 RAM 2761/7620MB (lfb 8x4MB) SWAP 418/3810MB (cached 0MB) CPU [0%@729,0%@729,0%@729,0%@729,1%@729,0%@729] GR3D_FREQ 0% cpu@50.625C soc2@49.625C soc0@50.656C gpu@51.031C tj@51.75C soc1@51.75C VDD_IN 5198mW/5233mW VDD_CPU_GPU_CV 475mW/491mW VDD_SOC 1505mW/1505mW",50.625,51.031,50.656,51.75,49.625,51.75,1789215515123571023
0.475,5.198,1.505,2762,"09-12-2026 13:18:36 RAM 2762/7620MB (lfb 8x4MB) SWAP 418/3810MB (cached 0MB) CPU [0%@729,0%@729,1%@729,0%@729,0%@729,0%@729] GR3D_FREQ 0% cpu@50.781C soc2@49.625C soc0@50.718C gpu@50.781C tj@51.656C soc1@51.656C VDD_IN 5198mW/5233mW VDD_CPU_GPU_CV 475mW/491mW VDD_SOC 1505mW/1505mW",50.781,50.781,50.718,51.656,49.625,51.656,1789215516133265376
0.475,5.198,1.505,2761,"09-12-2026 13:18:37 RAM 2761/7620MB (lfb 8x4MB) SWAP 418/3810MB (cached 0MB) CPU [0%@729,0%@729,0%@729,0%@729,0%@729,0%@729] GR3D_FREQ 0% cpu@50.75C soc2@49.781C soc0@50.593C gpu@50.968C tj@51.781C soc1@51.781C VDD_IN 5198mW/5232mW VDD_CPU_GPU_CV 475mW/491mW VDD_SOC 1505mW/1505mW",50.75,50.968,50.593,51.781,49.781,51.781,1789215517142533022
0.475,5.198,1.505,2761,"09-12-2026 13:18:38 RAM 2761/7620MB (lfb 8x4MB) SWAP 418/3810MB (cached 0MB) CPU [0%@729,0%@729,0%@729,0%@729,0%@729,0%@729] GR3D_FREQ 0% cpu@50.812C soc2@49.687C soc0@50.593C gpu@50.718C tj@51.562C soc1@51.562C VDD_IN 5198mW/5232mW VDD_CPU_GPU_CV 475mW/490mW VDD_SOC 1505mW/1505mW",50.812,50.718,50.593,51.562,49.687,51.562,1789215518151533530
0.475,5.237,1.505,2762,"09-12-2026 13:18:39 RAM 2762/7620MB (lfb 8x4MB) SWAP 418/3810MB (cached 0MB) CPU [1%@729,0%@729,0%@729,0%@729,0%@729,0%@729] GR3D_FREQ 0% cpu@50.781C soc2@49.781C soc0@50.562C gpu@50.906C tj@51.781C soc1@51.781C VDD_IN 5237mW/5232mW VDD_CPU_GPU_CV 475mW/490mW VDD_SOC 1505mW/1505mW",50.781,50.906,50.562,51.781,49.781,51.781,1789215519160118769
0.475,5.198,1.505,2761,"09-12-2026 13:18:40 RAM 2761/7620MB (lfb 8x4MB) SWAP 418/3810MB (cached 0MB) CPU [0%@729,0%@729,0%@729,0%@729,0%@729,0%@729] GR3D_FREQ 0% cpu@50.843C soc2@49.687C soc0@50.656C gpu@50.718C tj@51.625C soc1@51.625C VDD_IN 5198mW/5232mW VDD_CPU_GPU_CV 475mW/490mW VDD_SOC 1505mW/1505mW",50.843,50.718,50.656,51.625,49.687,51.625,1789215520169187488
0.475,5.237,1.505,2761,"09-12-2026 13:18:41 RAM 2761/7620MB (lfb 8x4MB) SWAP 418/3810MB (cached 0MB) CPU [0%@729,1%@729,0%@729,0%@729,0%@729,0%@729] GR3D_FREQ 0% cpu@51C soc2@49.781C soc0@50.593C gpu@50.968C tj@51.75C soc1@51.75C VDD_IN 5237mW/5232mW VDD_CPU_GPU_CV 475mW/490mW VDD_SOC 1505mW/1505mW",51.0,50.968,50.593,51.75,49.781,51.75,1789215521178161497
0.475,5.237,1.505,2761,"09-12-2026 13:18:42 RAM 2761/7620MB (lfb 8x4MB) SWAP 418/3810MB (cached 0MB) CPU [0%@729,0%@729,0%@729,0%@729,0%@729,0%@729] GR3D_FREQ 0% cpu@50.906C soc2@49.656C soc0@50.562C gpu@50.781C tj@51.718C soc1@51.718C VDD_IN 5237mW/5232mW VDD_CPU_GPU_CV 475mW/490mW VDD_SOC 1505mW/1505mW",50.906,50.781,50.562,51.718,49.656,51.718,1789215522183641428
0.475,5.237,1.505,2761,"09-12-2026 13:18:43 RAM 2761/7620MB (lfb 8x4MB) SWAP 418/3810MB (cached 0MB) CPU [0%@729,0%@729,0%@729,0%@729,0%@729,0%@729] GR3D_FREQ 0% cpu@50.812C soc2@49.75C soc0@50.656C gpu@50.781C tj@51.625C soc1@51.625C VDD_IN 5237mW/5232mW VDD_CPU_GPU_CV 475mW/490mW VDD_SOC 1505mW/1505mW",50.812,50.781,50.656,51.625,49.75,51.625,1789215523190979489
0.475,5.198,1.505,2762,"09-12-2026 13:18:44 RAM 2762/7620MB (lfb 8x4MB) SWAP 418/3810MB (cached 0MB) CPU [0%@729,0%@729,0%@729,0%@729,0%@729,0%@729] GR3D_FREQ 0% cpu@50.937C soc2@49.75C soc0@50.468C gpu@50.968C tj@51.75C soc1@51.75C VDD_IN 5198mW/5232mW VDD_CPU_GPU_CV 475mW/490mW VDD_SOC 1505mW/1505mW",50.937,50.968,50.468,51.75,49.75,51.75,1789215524198298275
0.475,5.198,1.505,2761,"09-12-2026 13:18:45 RAM 2761/7620MB (lfb 8x4MB) SWAP 418/3810MB (cached 0MB) CPU [0%@729,0%@729,0%@729,0%@729,0%@729,0%@729] GR3D_FREQ 0% cpu@50.812C soc2@49.656C soc0@50.625C gpu@50.75C tj@51.75C soc1@51.75C VDD_IN 5198mW/5232mW VDD_CPU_GPU_CV 475mW/490mW VDD_SOC 1505mW/1505mW",50.812,50.75,50.625,51.75,49.656,51.75,1789215525206206426
0.475,5.198,1.507,2761,"09-12-2026 13:18:46 RAM 2761/7620MB (lfb 8x4MB) SWAP 418/3810MB (cached 0MB) CPU [1%@729,0%@729,0%@729,0%@729,0%@729,0%@729] GR3D_FREQ 0% cpu@50.968C soc2@49.687C soc0@50.625C gpu@50.812C tj@51.625C soc1@51.625C VDD_IN 5198mW/5232mW VDD_CPU_GPU_CV 475mW/490mW VDD_SOC 1507mW/1505mW",50.968,50.812,50.625,51.625,49.687,51.625,1789215526214195845
0.475,5.237,1.505,2761,"09-12-2026 13:18:47 RAM 2761/7620MB (lfb 8x4MB) SWAP 418/3810MB (cached 0MB) CPU [0%@729,0%@729,0%@1728,0%@1728,0%@729,0%@729] GR3D_FREQ 0% cpu@50.937C soc2@49.781C soc0@50.5C gpu@51.031C tj@51.625C soc1@51.625C VDD_IN 5237mW/5232mW VDD_CPU_GPU_CV 475mW/490mW VDD_SOC 1505mW/1505mW",50.937,51.031,50.5,51.625,49.781,51.625,1789215527220264647
0.475,5.237,1.505,2761,"09-12-2026 13:18:48 RAM 2761/7620MB (lfb 8x4MB) SWAP 418/3810MB (cached 0MB) CPU [0%@729,0%@729,0%@729,0%@1728,0%@729,0%@729] GR3D_FREQ 0% cpu@50.781C soc2@49.75C soc0@50.562C gpu@51.031C tj@51.718C soc1@51.718C VDD_IN 5237mW/5232mW VDD_CPU_GPU_CV 475mW/490mW VDD_SOC 1505mW/1505mW",50.781,51.031,50.562,51.718,49.75,51.718,1789215528226433093
0.515,5.237,1.505,2761,"09-12-2026 13:18:49 RAM 2761/7620MB (lfb 8x4MB) SWAP 418/3810MB (cached 0MB) CPU [1%@729,0%@729,0%@729,0%@729,0%@729,2%@729] GR3D_FREQ 0% cpu@50.937C soc2@49.781C soc0@50.593C gpu@50.875C tj@51.812C soc1@51.812C VDD_IN 5237mW/5232mW VDD_CPU_GPU_CV 515mW/490mW VDD_SOC 1505mW/1505mW",50.937,50.875,50.593,51.812,49.781,51.812,1789215529234050628
0.515,5.237,1.505,2761,"09-12-2026 13:18:50 RAM 2761/7620MB (lfb 8x4MB) SWAP 418/3810MB (cached 0MB) CPU [1%@729,0%@729,2%@729,0%@729,0%@729,0%@729] GR3D_FREQ 0% cpu@50.75C soc2@49.656C soc0@50.718C gpu@50.843C tj@51.625C soc1@51.625C VDD_IN 5237mW/5232mW VDD_CPU_GPU_CV 515mW/490mW VDD_SOC 1505mW/1505mW",50.75,50.843,50.718,51.625,49.656,51.625,1789215530240639729
0.475,5.237,1.505,2761,"09-12-2026 13:18:51 RAM 2761/7620MB (lfb 8x4MB) SWAP 418/3810MB (cached 0MB) CPU [0%@729,1%@729,0%@729,0%@729,0%@729,0%@729] GR3D_FREQ 0% cpu@50.718C soc2@49.75C soc0@50.593C gpu@51.062C tj@51.718C soc1@51.718C VDD_IN 5237mW/5232mW VDD_CPU_GPU_CV 475mW/490mW VDD_SOC 1505mW/1505mW",50.718,51.062,50.593,51.718,49.75,51.718,1789215531248163516
0.475,5.237,1.507,2762,"09-12-2026 13:18:52 RAM 2762/7620MB (lfb 8x4MB) SWAP 418/3810MB (cached 0MB) CPU [1%@1728,0%@1728,1%@1728,0%@1728,0%@729,0%@729] GR3D_FREQ 0% cpu@50.781C soc2@49.656C soc0@50.531C gpu@50.937C tj@51.781C soc1@51.781C VDD_IN 5237mW/5232mW VDD_CPU_GPU_CV 475mW/490mW VDD_SOC 1507mW/1505mW",50.781,50.937,50.531,51.781,49.656,51.781,1789215532254189281
0.475,5.198,1.505,2762,"09-12-2026 13:18:53 RAM 2762/7620MB (lfb 8x4MB) SWAP 418/3810MB (cached 0MB) CPU [0%@729,0%@729,0%@729,0%@729,0%@729,0%@729] GR3D_FREQ 0% cpu@51.062C soc2@49.625C soc0@50.656C gpu@50.781C tj@51.593C soc1@51.593C VDD_IN 5198mW/5232mW VDD_CPU_GPU_CV 475mW/490mW VDD_SOC 1505mW/1505mW",51.062,50.781,50.656,51.593,49.625,51.593,1789215533260849773
0.475,5.198,1.505,2761,"09-12-2026 13:18:54 RAM 2761/7620MB (lfb 8x4MB) SWAP 418/3810MB (cached 0MB) CPU [0%@729,0%@729,0%@729,0%@729,1%@729,0%@729] GR3D_FREQ 0% cpu@50.687C soc2@49.718C soc0@50.5C gpu@50.781C tj@51.687C soc1@51.687C VDD_IN 5198mW/5231mW VDD_CPU_GPU_CV 475mW/490mW VDD_SOC 1505mW/1505mW",50.687,50.781,50.5,51.687,49.718,51.687,1789215534271195600
0.475,5.237,1.505,2761,"09-12-2026 13:18:55 RAM 2761/7620MB (lfb 8x4MB) SWAP 418/3810MB (cached 0MB) CPU [0%@729,1%@729,0%@1728,0%@1728,0%@729,0%@729] GR3D_FREQ 0% cpu@50.843C soc2@49.656C soc0@50.5C gpu@51.031C tj@51.781C soc1@51.781C VDD_IN 5237mW/5231mW VDD_CPU_GPU_CV 475mW/490mW VDD_SOC 1505mW/1505mW",50.843,51.031,50.5,51.781,49.656,51.781,1789215535276622307
0.475,5.237,1.505,2761,"09-12-2026 13:18:56 RAM 2761/7620MB (lfb 8x4MB) SWAP 418/3810MB (cached 0MB) CPU [0%@729,0%@729,0%@729,0%@729,0%@729,1%@729] GR3D_FREQ 0% cpu@50.906C soc2@49.75C soc0@50.593C gpu@51C tj@51.843C soc1@51.843C VDD_IN 5237mW/5231mW VDD_CPU_GPU_CV 475mW/489mW VDD_SOC 1505mW/1505mW",50.906,51.0,50.593,51.843,49.75,51.843,1789215536283001686
0.475,5.237,1.505,2761,"09-12-2026 13:18:57 RAM 2761/7620MB (lfb 8x4MB) SWAP 418/3810MB (cached 0MB) CPU [0%@729,0%@729,1%@729,0%@729,0%@729,2%@729] GR3D_FREQ 0% cpu@50.812C soc2@49.75C soc0@50.468C gpu@50.812C tj@51.656C soc1@51.656C VDD_IN 5237mW/5231mW VDD_CPU_GPU_CV 475mW/489mW VDD_SOC 1505mW/1505mW",50.812,50.812,50.468,51.656,49.75,51.656,1789215537289477111
0.475,5.237,1.507,2761,"09-12-2026 13:18:58 RAM 2761/7620MB (lfb 8x4MB) SWAP 418/3810MB (cached 0MB) CPU [0%@729,0%@729,0%@729,1%@729,0%@729,0%@729] GR3D_FREQ 0% cpu@50.718C soc2@49.718C soc0@50.562C gpu@50.843C tj@51.656C soc1@51.656C VDD_IN 5237mW/5231mW VDD_CPU_GPU_CV 475mW/489mW VDD_SOC 1507mW/1505mW",50.718,50.843,50.562,51.656,49.718,51.656,1789215538298650132
0.475,5.237,1.507,2761,"09-12-2026 13:18:59 RAM 2761/7620MB (lfb 8x4MB) SWAP 418/3810MB (cached 0MB) CPU [0%@729,0%@729,0%@729,0%@729,2%@729,0%@729] GR3D_FREQ 0% cpu@50.843C soc2@49.687C soc0@50.656C gpu@51C tj@51.625C soc1@51.625C VDD_IN 5237mW/5232mW VDD_CPU_GPU_CV 475mW/489mW VDD_SOC 1507mW/1505mW",50.843,51.0,50.656,51.625,49.687,51.625,1789215539307488720
0.515,5.237,1.507,2761,"09-12-2026 13:19:00 RAM 2761/7620MB (lfb 8x4MB) SWAP 418/3810MB (cached 0MB) CPU [1%@729,0%@729,0%@1728,0%@1728,0%@729,1%@729] GR3D_FREQ 0% cpu@51C soc2@49.687C soc0@50.468C gpu@50.718C tj@51.656C soc1@51.656C VDD_IN 5237mW/5232mW VDD_CPU_GPU_CV 515mW/489mW VDD_SOC 1507mW/1505mW",51.0,50.718,50.468,51.656,49.687,51.656,1789215540313113965
0.515,5.237,1.505,2766,"09-12-2026 13:19:01 RAM 2766/7620MB (lfb 8x4MB) SWAP 418/3810MB (cached 0MB) CPU [0%@729,0%@729,0%@729,0%@729,0%@729,0%@729] GR3D_FREQ 0% cpu@50.687C soc2@49.781C soc0@50.5C gpu@50.781C tj@51.687C soc1@51.687C VDD_IN 5237mW/5232mW VDD_CPU_GPU_CV 515mW/489mW VDD_SOC 1505mW/1505mW",50.687,50.781,50.5,51.687,49.781,51.687,1789215541319452954
0.515,5.237,1.505,2766,"09-12-2026 13:19:02 RAM 2766/7620MB (lfb 8x4MB) SWAP 418/3810MB (cached 0MB) CPU [0%@729,1%@729,0%@729,0%@729,0%@729,0%@729] GR3D_FREQ 0% cpu@50.781C soc2@49.593C soc0@50.562C gpu@51.156C tj@51.75C soc1@51.75C VDD_IN 5237mW/5232mW VDD_CPU_GPU_CV 515mW/490mW VDD_SOC 1505mW/1505mW",50.781,51.156,50.562,51.75,49.593,51.75,1789215542326461029
0.515,5.237,1.505,2766,"09-12-2026 13:19:03 RAM 2766/7620MB (lfb 8x4MB) SWAP 418/3810MB (cached 0MB) CPU [0%@729,0%@729,0%@729,0%@729,0%@729,0%@729] GR3D_FREQ 0% cpu@50.937C soc2@49.656C soc0@50.718C gpu@51.031C tj@51.593C soc1@51.593C VDD_IN 5237mW/5232mW VDD_CPU_GPU_CV 515mW/490mW VDD_SOC 1505mW/1505mW",50.937,51.031,50.718,51.593,49.656,51.593,1789215543332381822
0.475,5.237,1.505,2766,"09-12-2026 13:19:04 RAM 2766/7620MB (lfb 8x4MB) SWAP 418/3810MB (cached 0MB) CPU [0%@729,0%@729,1%@729,0%@729,0%@729,0%@729] GR3D_FREQ 0% cpu@50.75C soc2@49.75C soc0@50.531C gpu@50.75C tj@51.625C soc1@51.656C VDD_IN 5237mW/5232mW VDD_CPU_GPU_CV 475mW/490mW VDD_SOC 1505mW/1505mW",50.75,50.75,50.531,51.656,49.75,51.625,1789215544339973768
0.475,5.237,1.507,2766,"09-12-2026 13:19:05 RAM 2766/7620MB (lfb 8x4MB) SWAP 418/3810MB (cached 0MB) CPU [0%@729,0%@729,0%@729,0%@729,0%@729,0%@729] GR3D_FREQ 0% cpu@50.75C soc2@49.687C soc0@50.593C gpu@50.781C tj@51.812C soc1@51.812C VDD_IN 5237mW/5232mW VDD_CPU_GPU_CV 475mW/490mW VDD_SOC 1507mW/1505mW",50.75,50.781,50.593,51.812,49.687,51.812,1789215545347520273
0.475,5.198,1.505,2766,"09-12-2026 13:19:06 RAM 2766/7620MB (lfb 8x4MB) SWAP 418/3810MB (cached 0MB) CPU [0%@729,0%@1728,0%@1728,0%@1728,1%@729,2%@729] GR3D_FREQ 0% cpu@50.875C soc2@49.75C soc0@50.687C gpu@51.125C tj@51.562C soc1@51.562C VDD_IN 5198mW/5232mW VDD_CPU_GPU_CV 475mW/490mW VDD_SOC 1505mW/1505mW",50.875,51.125,50.687,51.562,49.75,51.562,1789215546352812093
0.475,5.237,1.505,2766,"09-12-2026 13:19:07 RAM 2766/7620MB (lfb 8x4MB) SWAP 418/3810MB (cached 0MB) CPU [0%@729,0%@729,1%@729,0%@729,0%@729,0%@729] GR3D_FREQ 0% cpu@50.718C soc2@49.687C soc0@50.687C gpu@50.718C tj@51.593C soc1@51.593C VDD_IN 5237mW/5232mW VDD_CPU_GPU_CV 475mW/489mW VDD_SOC 1505mW/1505mW",50.718,50.718,50.687,51.593,49.687,51.593,1789215547358831278
0.475,5.198,1.507,2766,"09-12-2026 13:19:08 RAM 2766/7620MB (lfb 8x4MB) SWAP 418/3810MB (cached 0MB) CPU [0%@729,0%@729,0%@729,0%@729,0%@729,0%@729] GR3D_FREQ 0% cpu@50.656C soc2@49.75C soc0@50.562C gpu@50.718C tj@51.656C soc1@51.656C VDD_IN 5198mW/5231mW VDD_CPU_GPU_CV 475mW/489mW VDD_SOC 1507mW/1505mW",50.656,50.718,50.562,51.656,49.75,51.656,1789215548366456354
0.475,5.198,1.505,2766,"09-12-2026 13:19:09 RAM 2766/7620MB (lfb 8x4MB) SWAP 418/3810MB (cached 0MB) CPU [0%@729,0%@729,0%@729,0%@729,0%@729,0%@729] GR3D_FREQ 0% cpu@50.812C soc2@49.687C soc0@50.656C gpu@50.843C tj@51.75C soc1@51.75C VDD_IN 5198mW/5231mW VDD_CPU_GPU_CV 475mW/489mW VDD_SOC 1505mW/1505mW",50.812,50.843,50.656,51.75,49.687,51.75,1789215549373037020
0.515,5.237,1.505,2766,"09-12-2026 13:19:10 RAM 2766/7620MB (lfb 8x4MB) SWAP 418/3810MB (cached 0MB) CPU [1%@729,0%@729,0%@729,0%@729,1%@729,3%@729] GR3D_FREQ 0% cpu@50.968C soc2@49.687C soc0@50.593C gpu@50.812C tj@51.625C soc1@51.625C VDD_IN 5237mW/5231mW VDD_CPU_GPU_CV 515mW/489mW VDD_SOC 1505mW/1505mW",50.968,50.812,50.593,51.625,49.687,51.625,1789215550381162603
0.475,5.237,1.507,2766,"09-12-2026 13:19:11 RAM 2766/7620MB (lfb 8x4MB) SWAP 418/3810MB (cached 0MB) CPU [0%@729,0%@729,0%@729,0%@729,1%@729,1%@729] GR3D_FREQ 0% cpu@50.875C soc2@49.687C soc0@50.593C gpu@50.687C tj@51.656C soc1@51.656C VDD_IN 5237mW/5231mW VDD_CPU_GPU_CV 475mW/489mW VDD_SOC 1507mW/1505mW",50.875,50.687,50.593,51.656,49.687,51.656,1789215551386558355
0.475,5.198,1.505,2766,"09-12-2026 13:19:12 RAM 2766/7620MB (lfb 8x4MB) SWAP 418/3810MB (cached 0MB) CPU [0%@729,0%@729,0%@729,0%@729,0%@729,2%@729] GR3D_FREQ 0% cpu@50.718C soc2@49.593C soc0@50.531C gpu@50.718C tj@51.75C soc1@51.75C VDD_IN 5198mW/5231mW VDD_CPU_GPU_CV 475mW/489mW VDD_SOC 1505mW/1505mW",50.718,50.718,50.531,51.75,49.593,51.75,1789215552393725108
0.475,5.198,1.507,2766,"09-12-2026 13:19:13 RAM 2766/7620MB (lfb 8x4MB) SWAP 418/3810MB (cached 0MB) CPU [0%@729,0%@729,0%@729,0%@729,0%@729,0%@729] GR3D_FREQ 0% cpu@50.875C soc2@49.687C soc0@50.593C gpu@50.875C tj@51.75C soc1@51.75C VDD_IN 5198mW/5231mW VDD_CPU_GPU_CV 475mW/489mW VDD_SOC 1507mW/1505mW",50.875,50.875,50.593,51.75,49.687,51.75,1789215553400249531
0.475,5.198,1.505,2766,"09-12-2026 13:19:14 RAM 2766/7620MB (lfb 8x4MB) SWAP 418/3810MB (cached 0MB) CPU [0%@729,0%@729,0%@729,0%@1728,0%@729,1%@729] GR3D_FREQ 0% cpu@50.812C soc2@49.531C soc0@50.437C gpu@50.875C tj@51.593C soc1@51.593C VDD_IN 5198mW/5231mW VDD_CPU_GPU_CV 475mW/489mW VDD_SOC 1505mW/1505mW",50.812,50.875,50.437,51.593,49.531,51.593,1789215554406185438
0.475,5.198,1.505,2767,"09-12-2026 13:19:15 RAM 2767/7620MB (lfb 8x4MB) SWAP 418/3810MB (cached 0MB) CPU [0%@729,0%@729,0%@729,0%@729,0%@729,0%@729] GR3D_FREQ 0% cpu@50.687C soc2@49.781C soc0@50.468C gpu@50.781C tj@51.656C soc1@51.656C VDD_IN 5198mW/5231mW VDD_CPU_GPU_CV 475mW/489mW VDD_SOC 1505mW/1505mW",50.687,50.781,50.468,51.656,49.781,51.656,1789215555413260149
0.475,5.198,1.507,2767,"09-12-2026 13:19:16 RAM 2767/7620MB (lfb 8x4MB) SWAP 418/3810MB (cached 0MB) CPU [1%@729,0%@729,0%@729,0%@729,1%@729,0%@729] GR3D_FREQ 0% cpu@50.656C soc2@49.625C soc0@50.5C gpu@50.718C tj@51.656C soc1@51.656C VDD_IN 5198mW/5231mW VDD_CPU_GPU_CV 475mW/489mW VDD_SOC 1507mW/1505mW",50.656,50.718,50.5,51.656,49.625,51.656,1789215556419627848
0.515,5.237,1.505,2767,"09-12-2026 13:19:17 RAM 2767/7620MB (lfb 8x4MB) SWAP 418/3810MB (cached 0MB) CPU [1%@729,0%@729,0%@729,0%@729,1%@729,0%@729] GR3D_FREQ 0% cpu@50.968C soc2@49.625C soc0@50.593C gpu@50.718C tj@51.656C soc1@51.656C VDD_IN 5237mW/5231mW VDD_CPU_GPU_CV 515mW/489mW VDD_SOC 1505mW/1505mW",50.968,50.718,50.593,51.656,49.625,51.656,1789215557425433930
0.475,5.198,1.505,2767,"09-12-2026 13:19:18 RAM 2767/7620MB (lfb 8x4MB) SWAP 418/3810MB (cached 0MB) CPU [0%@729,0%@729,0%@729,0%@729,0%@729,0%@729] GR3D_FREQ 0% cpu@50.875C soc2@49.687C soc0@50.5C gpu@50.843C tj@51.531C soc1@51.531C VDD_IN 5198mW/5230mW VDD_CPU_GPU_CV 475mW/489mW VDD_SOC 1505mW/1505mW",50.875,50.843,50.5,51.531,49.687,51.531,1789215558432361503
0.475,5.237,1.507,2767,"09-12-2026 13:19:19 RAM 2767/7620MB (lfb 8x4MB) SWAP 418/3810MB (cached 0MB) CPU [0%@729,0%@729,0%@729,0%@729,0%@729,0%@729] GR3D_FREQ 0% cpu@50.562C soc2@49.656C soc0@50.5C gpu@50.843C tj@51.656C soc1@51.656C VDD_IN 5237mW/5230mW VDD_CPU_GPU_CV 475mW/489mW VDD_SOC 1507mW/1505mW",50.562,50.843,50.5,51.656,49.656,51.656,1789215559437433000
0.475,5.237,1.507,2767,"09-12-2026 13:19:20 RAM 2767/7620MB (lfb 8x4MB) SWAP 418/3810MB (cached 0MB) CPU [0%@729,0%@729,0%@729,0%@729,0%@729,0%@729] GR3D_FREQ 0% cpu@50.656C soc2@49.625C soc0@50.625C gpu@50.875C tj@51.75C soc1@51.75C VDD_IN 5237mW/5230mW VDD_CPU_GPU_CV 475mW/489mW VDD_SOC 1507mW/1505mW",50.656,50.875,50.625,51.75,49.625,51.75,1789215560445859441
0.475,5.198,1.507,2767,"09-12-2026 13:19:21 RAM 2767/7620MB (lfb 8x4MB) SWAP 418/3810MB (cached 0MB) CPU [0%@1728,0%@1728,0%@1728,0%@1728,1%@729,1%@729] GR3D_FREQ 0% cpu@50.812C soc2@49.656C soc0@50.593C gpu@50.718C tj@51.5C soc1@51.5C VDD_IN 5198mW/5230mW VDD_CPU_GPU_CV 475mW/489mW VDD_SOC 1507mW/1505mW",50.812,50.718,50.593,51.5,49.656,51.5,1789215561453996193
0.475,5.198,1.507,2767,"09-12-2026 13:19:22 RAM 2767/7620MB (lfb 8x4MB) SWAP 418/3810MB (cached 0MB) CPU [0%@729,0%@729,0%@729,0%@729,0%@729,0%@729] GR3D_FREQ 0% cpu@50.937C soc2@49.75C soc0@50.5C gpu@50.687C tj@51.625C soc1@51.625C VDD_IN 5198mW/5230mW VDD_CPU_GPU_CV 475mW/489mW VDD_SOC 1507mW/1505mW",50.937,50.687,50.5,51.625,49.75,51.625,1789215562459930106
0.475,5.198,1.507,2767,"09-12-2026 13:19:23 RAM 2767/7620MB (lfb 8x4MB) SWAP 418/3810MB (cached 0MB) CPU [2%@729,0%@729,0%@729,0%@729,1%@729,0%@729] GR3D_FREQ 0% cpu@50.531C soc2@49.625C soc0@50.468C gpu@50.906C tj@51.718C soc1@51.718C VDD_IN 5198mW/5230mW VDD_CPU_GPU_CV 475mW/489mW VDD_SOC 1507mW/1505mW",50.531,50.906,50.468,51.718,49.625,51.718,1789215563466372757
0.475,5.198,1.507,2767,"09-12-2026 13:19:24 RAM 2767/7620MB (lfb 8x4MB) SWAP 418/3810MB (cached 0MB) CPU [1%@729,0%@729,0%@729,0%@729,1%@729,0%@729] GR3D_FREQ 0% cpu@50.718C soc2@49.625C soc0@50.593C gpu@50.906C tj@51.5C soc1@51.5C VDD_IN 5198mW/5230mW VDD_CPU_GPU_CV 475mW/489mW VDD_SOC 1507mW/1505mW",50.718,50.906,50.593,51.5,49.625,51.5,1789215564471971576
0.475,5.237,1.507,2767,"09-12-2026 13:19:25 RAM 2767/7620MB (lfb 8x4MB) SWAP 418/3810MB (cached 0MB) CPU [0%@729,1%@729,0%@729,0%@729,0%@729,0%@729] GR3D_FREQ 0% cpu@50.906C soc2@49.656C soc0@50.656C gpu@50.718C tj@51.531C soc1@51.531C VDD_IN 5237mW/5230mW VDD_CPU_GPU_CV 475mW/489mW VDD_SOC 1507mW/1505mW",50.906,50.718,50.656,51.531,49.656,51.531,1789215565478937983
0.475,5.237,1.505,2767,"09-12-2026 13:19:26 RAM 2767/7620MB (lfb 8x4MB) SWAP 418/3810MB (cached 0MB) CPU [0%@729,0%@729,0%@729,0%@729,0%@729,1%@729] GR3D_FREQ 0% cpu@50.687C soc2@49.687C soc0@50.5C gpu@50.75C tj@51.5C soc1@51.5C VDD_IN 5237mW/5230mW VDD_CPU_GPU_CV 475mW/489mW VDD_SOC 1505mW/1505mW",50.687,50.75,50.5,51.5,49.687,51.5,1789215566485604194
0.475,5.237,1.505,2767,"09-12-2026 13:19:27 RAM 2767/7620MB (lfb 8x4MB) SWAP 418/3810MB (cached 0MB) CPU [0%@729,0%@1728,1%@1728,0%@1728,0%@729,0%@729] GR3D_FREQ 0% cpu@50.625C soc2@49.656C soc0@50.437C gpu@50.718C tj@51.656C soc1@51.656C VDD_IN 5237mW/5230mW VDD_CPU_GPU_CV 475mW/489mW VDD_SOC 1505mW/1505mW",50.625,50.718,50.437,51.656,49.656,51.656,1789215567490688419
0.475,5.198,1.505,2767,"09-12-2026 13:19:28 RAM 2767/7620MB (lfb 8x4MB) SWAP 418/3810MB (cached 0MB) CPU [0%@729,1%@729,0%@729,0%@729,0%@729,0%@729] GR3D_FREQ 0% cpu@50.812C soc2@49.656C soc0@50.562C gpu@50.937C tj@51.531C soc1@51.531C VDD_IN 5198mW/5230mW VDD_CPU_GPU_CV 475mW/489mW VDD_SOC 1505mW/1505mW",50.812,50.937,50.562,51.531,49.656,51.531,1789215568498268365
0.475,5.237,1.505,2767,"09-12-2026 13:19:29 RAM 2767/7620MB (lfb 8x4MB) SWAP 418/3810MB (cached 0MB) CPU [0%@729,0%@729,0%@729,0%@729,2%@729,0%@729] GR3D_FREQ 0% cpu@50.593C soc2@49.656C soc0@50.531C gpu@50.968C tj@51.5C soc1@51.5C VDD_IN 5237mW/5230mW VDD_CPU_GPU_CV 475mW/488mW VDD_SOC 1505mW/1505mW",50.593,50.968,50.531,51.5,49.656,51.5,1789215569504672626
0.475,5.237,1.507,2767,"09-12-2026 13:19:30 RAM 2767/7620MB (lfb 8x4MB) SWAP 418/3810MB (cached 0MB) CPU [1%@729,0%@729,0%@1728,0%@1728,0%@729,0%@729] GR3D_FREQ 0% cpu@50.625C soc2@49.718C soc0@50.468C gpu@50.75C tj@51.656C soc1@51.656C VDD_IN 5237mW/5230mW VDD_CPU_GPU_CV 475mW/488mW VDD_SOC 1507mW/1505mW",50.625,50.75,50.468,51.656,49.718,51.656,1789215570510962731
0.475,5.237,1.507,2767,"09-12-2026 13:19:31 RAM 2767/7620MB (lfb 8x4MB) SWAP 418/3810MB (cached 0MB) CPU [0%@729,0%@729,1%@729,0%@729,0%@729,0%@729] GR3D_FREQ 0% cpu@50.781C soc2@49.625C soc0@50.437C gpu@50.781C tj@51.656C soc1@51.656C VDD_IN 5237mW/5230mW VDD_CPU_GPU_CV 475mW/488mW VDD_SOC 1507mW/1505mW",50.781,50.781,50.437,51.656,49.625,51.656,1789215571516982186
0.475,5.237,1.507,2765,"09-12-2026 13:19:32 RAM 2765/7620MB (lfb 8x4MB) SWAP 418/3810MB (cached 0MB) CPU [0%@729,0%@729,0%@729,0%@729,0%@729,0%@729] GR3D_FREQ 0% cpu@50.937C soc2@49.593C soc0@50.656C gpu@50.75C tj@51.531C soc1@51.531C VDD_IN 5237mW/5230mW VDD_CPU_GPU_CV 475mW/488mW VDD_SOC 1507mW/1505mW",50.937,50.75,50.656,51.531,49.593,51.531,1789215572524485357
0.475,5.198,1.507,2765,"09-12-2026 13:19:33 RAM 2765/7620MB (lfb 8x4MB) SWAP 418/3810MB (cached 0MB) CPU [0%@729,0%@729,0%@729,0%@729,0%@729,1%@729] GR3D_FREQ 0% cpu@50.781C soc2@49.656C soc0@50.5C gpu@50.968C tj@51.531C soc1@51.531C VDD_IN 5198mW/5230mW VDD_CPU_GPU_CV 475mW/488mW VDD_SOC 1507mW/1505mW",50.781,50.968,50.5,51.531,49.656,51.531,1789215573532643686
0.475,5.198,1.505,2765,"09-12-2026 13:19:34 RAM 2765/7620MB (lfb 8x4MB) SWAP 418/3810MB (cached 0MB) CPU [0%@729,0%@1728,0%@1728,0%@1728,1%@729,0%@729] GR3D_FREQ 0% cpu@50.687C soc2@49.687C soc0@50.468C gpu@50.75C tj@51.656C soc1@51.656C VDD_IN 5198mW/5230mW VDD_CPU_GPU_CV 475mW/488mW VDD_SOC 1505mW/1505mW",50.687,50.75,50.468,51.656,49.687,51.656,1789215574538475753
0.475,5.198,1.505,2765,"09-12-2026 13:19:35 RAM 2765/7620MB (lfb 8x4MB) SWAP 418/3810MB (cached 0MB) CPU [0%@729,0%@729,0%@729,0%@729,0%@729,1%@729] GR3D_FREQ 0% cpu@50.906C soc2@49.625C soc0@50.531C gpu@50.718C tj@51.406C soc1@51.406C VDD_IN 5198mW/5230mW VDD_CPU_GPU_CV 475mW/488mW VDD_SOC 1505mW/1505mW",50.906,50.718,50.531,51.406,49.625,51.406,1789215575546632499
0.475,5.198,1.505,2765,"09-12-2026 13:19:36 RAM 2765/7620MB (lfb 8x4MB) SWAP 418/3810MB (cached 0MB) CPU [1%@729,0%@729,0%@729,0%@729,1%@729,1%@729] GR3D_FREQ 0% cpu@50.75C soc2@49.625C soc0@50.593C gpu@50.718C tj@51.5C soc1@51.5C VDD_IN 5198mW/5229mW VDD_CPU_GPU_CV 475mW/488mW VDD_SOC 1505mW/1505mW",50.75,50.718,50.593,51.5,49.625,51.5,1789215576552514909
0.475,5.198,1.507,2765,"09-12-2026 13:19:37 RAM 2765/7620MB (lfb 8x4MB) SWAP 418/3810MB (cached 0MB) CPU [0%@729,0%@729,0%@729,0%@729,0%@729,0%@729] GR3D_FREQ 0% cpu@50.656C soc2@49.656C soc0@50.468C gpu@51.031C tj@51.625C soc1@51.625C VDD_IN 5198mW/5229mW VDD_CPU_GPU_CV 475mW/488mW VDD_SOC 1507mW/1505mW",50.656,51.031,50.468,51.625,49.656,51.625,1789215577559117168
0.475,5.198,1.507,2765,"09-12-2026 13:19:38 RAM 2765/7620MB (lfb 8x4MB) SWAP 418/3810MB (cached 0MB) CPU [0%@729,0%@729,0%@729,0%@729,0%@729,0%@729] GR3D_FREQ 0% cpu@50.75C soc2@49.531C soc0@50.5C gpu@50.906C tj@51.687C soc1@51.687C VDD_IN 5198mW/5229mW VDD_CPU_GPU_CV 475mW/488mW VDD_SOC 1507mW/1505mW",50.75,50.906,50.5,51.687,49.531,51.687,1789215578564229450
0.475,5.237,1.507,2765,"09-12-2026 13:19:39 RAM 2765/7620MB (lfb 8x4MB) SWAP 418/3810MB (cached 0MB) CPU [0%@729,0%@1728,0%@1728,0%@1728,0%@729,0%@729] GR3D_FREQ 0% cpu@50.906C soc2@49.593C soc0@50.562C gpu@50.75C tj@51.5C soc1@51.5C VDD_IN 5237mW/5229mW VDD_CPU_GPU_CV 475mW/488mW VDD_SOC 1507mW/1505mW",50.906,50.75,50.562,51.5,49.593,51.5,1789215579570813384
0.475,5.198,1.507,2765,"09-12-2026 13:19:40 RAM 2765/7620MB (lfb 8x4MB) SWAP 418/3810MB (cached 0MB) CPU [0%@729,0%@729,0%@729,0%@729,0%@729,1%@729] GR3D_FREQ 0% cpu@50.781C soc2@49.687C soc0@50.468C gpu@50.781C tj@51.468C soc1@51.468C VDD_IN 5198mW/5229mW VDD_CPU_GPU_CV 475mW/488mW VDD_SOC 1507mW/1505mW",50.781,50.781,50.468,51.468,49.687,51.468,1789215580578469372
0.475,5.198,1.507,2765,"09-12-2026 13:19:41 RAM 2765/7620MB (lfb 8x4MB) SWAP 418/3810MB (cached 0MB) CPU [1%@729,0%@729,0%@729,0%@729,1%@729,0%@729] GR3D_FREQ 0% cpu@50.625C soc2@49.656C soc0@50.468C gpu@51.062C tj@51.593C soc1@51.593C VDD_IN 5198mW/5229mW VDD_CPU_GPU_CV 475mW/488mW VDD_SOC 1507mW/1505mW",50.625,51.062,50.468,51.593,49.656,51.593,1789215581585337069
0.475,5.198,1.507,2765,"09-12-2026 13:19:42 RAM 2765/7620MB (lfb 8x4MB) SWAP 418/3810MB (cached 0MB) CPU [0%@729,0%@729,1%@729,0%@729,0%@729,1%@729] GR3D_FREQ 0% cpu@50.812C soc2@49.531C soc0@50.5C gpu@50.625C tj@51.781C soc1@51.781C VDD_IN 5198mW/5229mW VDD_CPU_GPU_CV 475mW/488mW VDD_SOC 1507mW/1505mW",50.812,50.625,50.5,51.781,49.531,51.781,1789215582592831266
0.475,5.198,1.507,2765,"09-12-2026 13:19:43 RAM 2765/7620MB (lfb 8x4MB) SWAP 418/3810MB (cached 0MB) CPU [0%@729,0%@729,0%@1728,0%@1728,0%@729,0%@729] GR3D_FREQ 0% cpu@50.718C soc2@49.562C soc0@50.437C gpu@50.75C tj@51.5C soc1@51.5C VDD_IN 5198mW/5229mW VDD_CPU_GPU_CV 475mW/488mW VDD_SOC 1507mW/1505mW",50.718,50.75,50.437,51.5,49.562,51.5,1789215583598313257
0.475,5.198,1.505,2765,"09-12-2026 13:19:44 RAM 2765/7620MB (lfb 8x4MB) SWAP 418/3810MB (cached 0MB) CPU [0%@729,0%@729,0%@729,0%@729,0%@729,0%@729] GR3D_FREQ 0% cpu@50.593C soc2@49.593C soc0@50.5C gpu@50.718C tj@51.5C soc1@51.5C VDD_IN 5198mW/5229mW VDD_CPU_GPU_CV 475mW/488mW VDD_SOC 1505mW/1505mW",50.593,50.718,50.5,51.5,49.593,51.5,1789215584605785803
0.475,5.198,1.507,2765,"09-12-2026 13:19:45 RAM 2765/7620MB (lfb 8x4MB) SWAP 418/3810MB (cached 0MB) CPU [0%@729,0%@729,1%@729,0%@729,1%@729,0%@729] GR3D_FREQ 0% cpu@50.75C soc2@49.562C soc0@50.468C gpu@50.625C tj@51.531C soc1@51.531C VDD_IN 5198mW/5228mW VDD_CPU_GPU_CV 475mW/488mW VDD_SOC 1507mW/1505mW",50.75,50.625,50.468,51.531,49.562,51.531,1789215585613816183
0.475,5.237,1.507,2765,"09-12-2026 13:19:46 RAM 2765/7620MB (lfb 8x4MB) SWAP 418/3810MB (cached 0MB) CPU [0%@729,0%@729,0%@729,0%@729,0%@729,0%@729] GR3D_FREQ 0% cpu@50.906C soc2@49.593C soc0@50.468C gpu@50.812C tj@51.5C soc1@51.5C VDD_IN 5237mW/5229mW VDD_CPU_GPU_CV 475mW/488mW VDD_SOC 1507mW/1505mW",50.906,50.812,50.468,51.5,49.593,51.5,1789215586621473942
0.475,5.198,1.505,2765,"09-12-2026 13:19:47 RAM 2765/7620MB (lfb 8x4MB) SWAP 418/3810MB (cached 0MB) CPU [1%@729,0%@729,0%@729,0%@729,0%@729,0%@729] GR3D_FREQ 0% cpu@50.562C soc2@49.531C soc0@50.406C gpu@50.625C tj@51.656C soc1@51.656C VDD_IN 5198mW/5228mW VDD_CPU_GPU_CV 475mW/487mW VDD_SOC 1505mW/1505mW",50.562,50.625,50.406,51.656,49.531,51.656,1789215587631589191
0.475,5.198,1.507,2765,"09-12-2026 13:19:48 RAM 2765/7620MB (lfb 8x4MB) SWAP 418/3810MB (cached 0MB) CPU [1%@729,0%@729,0%@729,0%@729,1%@729,0%@729] GR3D_FREQ 0% cpu@50.687C soc2@49.625C soc0@50.468C gpu@50.656C tj@51.5C soc1@51.5C VDD_IN 5198mW/5228mW VDD_CPU_GPU_CV 475mW/487mW VDD_SOC 1507mW/1505mW",50.687,50.656,50.468,51.5,49.625,51.5,1789215588636762006
0.475,5.198,1.507,2765,"09-12-2026 13:19:49 RAM 2765/7620MB (lfb 8x4MB) SWAP 418/3810MB (cached 0MB) CPU [0%@729,0%@729,0%@729,0%@729,0%@729,1%@729] GR3D_FREQ 0% cpu@50.875C soc2@49.562C soc0@50.406C gpu@50.75C tj@51.468C soc1@51.468C VDD_IN 5198mW/5228mW VDD_CPU_GPU_CV 475mW/487mW VDD_SOC 1507mW/1505mW",50.875,50.75,50.406,51.468,49.562,51.468,1789215589644546039
0.475,5.198,1.507,2765,"09-12-2026 13:19:50 RAM 2765/7620MB (lfb 8x4MB) SWAP 418/3810MB (cached 0MB) CPU [1%@729,0%@729,0%@729,0%@729,0%@729,1%@729] GR3D_FREQ 0% cpu@50.687C soc2@49.562C soc0@50.437C gpu@50.593C tj@51.562C soc1@51.656C VDD_IN 5198mW/5228mW VDD_CPU_GPU_CV 475mW/487mW VDD_SOC 1507mW/1505mW",50.687,50.593,50.437,51.656,49.562,51.562,1789215590652185591
0.475,5.237,1.505,2764,"09-12-2026 13:19:51 RAM 2764/7620MB (lfb 8x4MB) SWAP 418/3810MB (cached 0MB) CPU [0%@729,0%@729,0%@729,0%@729,0%@729,0%@729] GR3D_FREQ 0% cpu@50.625C soc2@49.562C soc0@50.468C gpu@50.625C tj@51.718C soc1@51.718C VDD_IN 5237mW/5228mW VDD_CPU_GPU_CV 475mW/487mW VDD_SOC 1505mW/1505mW",50.625,50.625,50.468,51.718,49.562,51.718,1789215591659360011
0.475,5.198,1.505,2764,"09-12-2026 13:19:52 RAM 2764/7620MB (lfb 8x4MB) SWAP 418/3810MB (cached 0MB) CPU [1%@729,0%@729,0%@729,0%@729,0%@729,0%@729] GR3D_FREQ 0% cpu@50.75C soc2@49.531C soc0@50.656C gpu@50.625C tj@51.5C soc1@51.5C VDD_IN 5198mW/5228mW VDD_CPU_GPU_CV 475mW/487mW VDD_SOC 1505mW/1505mW",50.75,50.625,50.656,51.5,49.531,51.5,1789215592664671227
0.475,5.198,1.505,2764,"09-12-2026 13:19:53 RAM 2764/7620MB (lfb 8x4MB) SWAP 418/3810MB (cached 0MB) CPU [0%@729,0%@729,1%@729,0%@729,0%@729,0%@729] GR3D_FREQ 0% cpu@50.656C soc2@49.593C soc0@50.468C gpu@50.781C tj@51.531C soc1@51.531C VDD_IN 5198mW/5228mW VDD_CPU_GPU_CV 475mW/487mW VDD_SOC 1505mW/1505mW",50.656,50.781,50.468,51.531,49.593,51.531,1789215593672669221
0.475,5.198,1.507,2764,"09-12-2026 13:19:54 RAM 2764/7620MB (lfb 8x4MB) SWAP 418/3810MB (cached 0MB) CPU [1%@729,0%@729,0%@729,0%@729,1%@729,0%@729] GR3D_FREQ 0% cpu@50.781C soc2@49.593C soc0@50.468C gpu@50.656C tj@51.687C soc1@51.687C VDD_IN 5198mW/5228mW VDD_CPU_GPU_CV 475mW/487mW VDD_SOC 1507mW/1505mW",50.781,50.656,50.468,51.687,49.593,51.687,1789215594681230265
0.475,5.198,1.507,2764,"09-12-2026 13:19:55 RAM 2764/7620MB (lfb 8x4MB) SWAP 418/3810MB (cached 0MB) CPU [0%@729,0%@729,0%@729,0%@729,0%@729,0%@729] GR3D_FREQ 0% cpu@50.718C soc2@49.625C soc0@50.406C gpu@50.781C tj@51.468C soc1@51.468C VDD_IN 5198mW/5228mW VDD_CPU_GPU_CV 475mW/487mW VDD_SOC 1507mW/1505mW",50.718,50.781,50.406,51.468,49.625,51.468,1789215595689238864
0.475,5.237,1.507,2764,"09-12-2026 13:19:56 RAM 2764/7620MB (lfb 8x4MB) SWAP 418/3810MB (cached 0MB) CPU [0%@729,0%@729,0%@729,0%@729,0%@729,1%@729] GR3D_FREQ 0% cpu@50.562C soc2@49.562C soc0@50.437C gpu@50.843C tj@51.562C soc1@51.562C VDD_IN 5237mW/5228mW VDD_CPU_GPU_CV 475mW/487mW VDD_SOC 1507mW/1505mW",50.562,50.843,50.437,51.562,49.562,51.562,1789215596694744612
0.475,5.237,1.507,2764,"09-12-2026 13:19:57 RAM 2764/7620MB (lfb 8x4MB) SWAP 418/3810MB (cached 0MB) CPU [0%@729,0%@729,0%@729,0%@729,0%@729,0%@729] GR3D_FREQ 0% cpu@50.781C soc2@49.562C soc0@50.531C gpu@50.687C tj@51.468C soc1@51.468C VDD_IN 5237mW/5228mW VDD_CPU_GPU_CV 475mW/487mW VDD_SOC 1507mW/1505mW",50.781,50.687,50.531,51.468,49.562,51.468,1789215597701209625
0.515,5.237,1.507,2764,"09-12-2026 13:19:58 RAM 2764/7620MB (lfb 8x4MB) SWAP 418/3810MB (cached 0MB) CPU [0%@729,0%@729,0%@729,0%@729,0%@729,1%@729] GR3D_FREQ 0% cpu@50.937C soc2@49.593C soc0@50.531C gpu@50.562C tj@51.468C soc1@51.468C VDD_IN 5237mW/5228mW VDD_CPU_GPU_CV 515mW/487mW VDD_SOC 1507mW/1505mW",50.937,50.562,50.531,51.468,49.593,51.468,1789215598709388296
0.475,5.237,1.505,2764,"09-12-2026 13:19:59 RAM 2764/7620MB (lfb 8x4MB) SWAP 418/3810MB (cached 0MB) CPU [1%@729,0%@729,0%@729,0%@729,0%@729,0%@729] GR3D_FREQ 0% cpu@50.562C soc2@49.656C soc0@50.468C gpu@50.812C tj@51.5C soc1@51.5C VDD_IN 5237mW/5228mW VDD_CPU_GPU_CV 475mW/487mW VDD_SOC 1505mW/1505mW",50.562,50.812,50.468,51.5,49.656,51.5,1789215599717768842
0.475,5.237,1.507,2764,"09-12-2026 13:20:00 RAM 2764/7620MB (lfb 8x4MB) SWAP 418/3810MB (cached 0MB) CPU [0%@729,0%@729,0%@729,1%@729,0%@729,1%@729] GR3D_FREQ 0% cpu@50.718C soc2@49.531C soc0@50.406C gpu@50.656C tj@51.531C soc1@51.531C VDD_IN 5237mW/5228mW VDD_CPU_GPU_CV 475mW/487mW VDD_SOC 1507mW/1505mW",50.718,50.656,50.406,51.531,49.531,51.531,1789215600723920088
0.475,5.198,1.507,2764,"09-12-2026 13:20:01 RAM 2764/7620MB (lfb 8x4MB) SWAP 418/3810MB (cached 0MB) CPU [0%@729,1%@729,0%@729,0%@729,0%@729,0%@729] GR3D_FREQ 0% cpu@50.812C soc2@49.562C soc0@50.5C gpu@50.656C tj@51.406C soc1@51.406C VDD_IN 5198mW/5228mW VDD_CPU_GPU_CV 475mW/487mW VDD_SOC 1507mW/1505mW",50.812,50.656,50.5,51.406,49.562,51.406,1789215601730805840
0.475,5.237,1.507,2764,"09-12-2026 13:20:02 RAM 2764/7620MB (lfb 8x4MB) SWAP 418/3810MB (cached 0MB) CPU [0%@729,0%@729,0%@729,0%@729,0%@729,1%@729] GR3D_FREQ 0% cpu@50.687C soc2@49.656C soc0@50.406C gpu@50.625C tj@51.468C soc1@51.468C VDD_IN 5237mW/5228mW VDD_CPU_GPU_CV 475mW/487mW VDD_SOC 1507mW/1506mW",50.687,50.625,50.406,51.468,49.656,51.468,1789215602736827651
0.475,5.198,1.505,2764,"09-12-2026 13:20:03 RAM 2764/7620MB (lfb 8x4MB) SWAP 418/3810MB (cached 0MB) CPU [0%@729,0%@729,0%@729,0%@729,1%@729,1%@729] GR3D_FREQ 0% cpu@50.656C soc2@49.437C soc0@50.468C gpu@50.718C tj@51.593C soc1@51.593C VDD_IN 5198mW/5228mW VDD_CPU_GPU_CV 475mW/487mW VDD_SOC 1505mW/1505mW",50.656,50.718,50.468,51.593,49.437,51.593,1789215603744096246
0.475,5.198,1.507,2764,"09-12-2026 13:20:04 RAM 2764/7620MB (lfb 8x4MB) SWAP 418/3810MB (cached 0MB) CPU [1%@729,0%@729,0%@729,0%@729,0%@729,0%@729] GR3D_FREQ 0% cpu@50.687C soc2@49.5C soc0@50.531C gpu@50.875C tj@51.656C soc1@51.656C VDD_IN 5198mW/5227mW VDD_CPU_GPU_CV 475mW/487mW VDD_SOC 1507mW/1506mW",50.687,50.875,50.531,51.656,49.5,51.656,1789215604750741034
0.475,5.237,1.507,2764,"09-12-2026 13:20:05 RAM 2764/7620MB (lfb 8x4MB) SWAP 418/3810MB (cached 0MB) CPU [0%@729,0%@729,1%@729,0%@729,1%@729,1%@729] GR3D_FREQ 0% cpu@50.625C soc2@49.531C soc0@50.531C gpu@50.687C tj@51.5C soc1@51.5C VDD_IN 5237mW/5228mW VDD_CPU_GPU_CV 475mW/487mW VDD_SOC 1507mW/1506mW",50.625,50.687,50.531,51.5,49.531,51.5,1789215605757963955
0.475,5.198,1.507,2763,"09-12-2026 13:20:06 RAM 2763/7620MB (lfb 8x4MB) SWAP 418/3810MB (cached 0MB) CPU [0%@729,0%@729,0%@729,0%@1728,0%@729,0%@729] GR3D_FREQ 0% cpu@50.562C soc2@49.562C soc0@50.406C gpu@50.656C tj@51.562C soc1@51.562C VDD_IN 5198mW/5227mW VDD_CPU_GPU_CV 475mW/487mW VDD_SOC 1507mW/1506mW",50.562,50.656,50.406,51.562,49.562,51.562,1789215606764113957
0.475,5.198,1.507,2763,"09-12-2026 13:20:07 RAM 2763/7620MB (lfb 8x4MB) SWAP 418/3810MB (cached 0MB) CPU [1%@729,0%@729,0%@729,0%@729,0%@729,0%@729] GR3D_FREQ 0% cpu@50.687C soc2@49.5C soc0@50.468C gpu@50.875C tj@51.656C soc1@51.656C VDD_IN 5198mW/5227mW VDD_CPU_GPU_CV 475mW/487mW VDD_SOC 1507mW/1506mW",50.687,50.875,50.468,51.656,49.5,51.656,1789215607772301001
0.475,5.198,1.507,2764,"09-12-2026 13:20:08 RAM 2764/7620MB (lfb 8x4MB) SWAP 418/3810MB (cached 0MB) CPU [0%@729,0%@729,1%@729,0%@729,0%@729,0%@729] GR3D_FREQ 0% cpu@50.875C soc2@49.468C soc0@50.5C gpu@50.812C tj@51.5C soc1@51.5C VDD_IN 5198mW/5227mW VDD_CPU_GPU_CV 475mW/487mW VDD_SOC 1507mW/1506mW",50.875,50.812,50.5,51.5,49.468,51.5,1789215608778831192
0.475,5.198,1.507,2763,"09-12-2026 13:20:09 RAM 2763/7620MB (lfb 8x4MB) SWAP 418/3810MB (cached 0MB) CPU [0%@729,0%@729,0%@729,0%@729,0%@729,0%@729] GR3D_FREQ 0% cpu@50.781C soc2@49.593C soc0@50.468C gpu@50.656C tj@51.562C soc1@51.562C VDD_IN 5198mW/5227mW VDD_CPU_GPU_CV 475mW/487mW VDD_SOC 1507mW/1506mW",50.781,50.656,50.468,51.562,49.593,51.562,1789215609785345611
0.515,5.237,1.507,2763,"09-12-2026 13:20:10 RAM 2763/7620MB (lfb 8x4MB) SWAP 418/3810MB (cached 0MB) CPU [1%@729,0%@729,0%@729,0%@729,1%@729,4%@729] GR3D_FREQ 0% cpu@50.593C soc2@49.5C soc0@50.406C gpu@50.593C tj@51.5C soc1@51.5C VDD_IN 5237mW/5227mW VDD_CPU_GPU_CV 515mW/487mW VDD_SOC 1507mW/1506mW",50.593,50.593,50.406,51.5,49.5,51.5,1789215610791959900
0.475,5.198,1.507,2763,"09-12-2026 13:20:11 RAM 2763/7620MB (lfb 8x4MB) SWAP 418/3810MB (cached 0MB) CPU [0%@729,0%@729,0%@729,0%@729,0%@729,0%@729] GR3D_FREQ 0% cpu@50.75C soc2@49.625C soc0@50.406C gpu@50.906C tj@51.656C soc1@51.656C VDD_IN 5198mW/5227mW VDD_CPU_GPU_CV 475mW/487mW VDD_SOC 1507mW/1506mW",50.75,50.906,50.406,51.656,49.625,51.656,1789215611798547907
0.475,5.198,1.507,2763,"09-12-2026 13:20:12 RAM 2763/7620MB (lfb 8x4MB) SWAP 418/3810MB (cached 0MB) CPU [0%@729,0%@729,0%@729,0%@729,0%@729,0%@729] GR3D_FREQ 0% cpu@50.718C soc2@49.593C soc0@50.343C gpu@50.843C tj@51.531C soc1@51.531C VDD_IN 5198mW/5227mW VDD_CPU_GPU_CV 475mW/487mW VDD_SOC 1507mW/1506mW",50.718,50.843,50.343,51.531,49.593,51.531,1789215612804724669
0.475,5.198,1.507,2763,"09-12-2026 13:20:13 RAM 2763/7620MB (lfb 8x4MB) SWAP 418/3810MB (cached 0MB) CPU [0%@729,0%@729,0%@729,0%@729,0%@729,0%@729] GR3D_FREQ 0% cpu@50.5C soc2@49.531C soc0@50.468C gpu@50.656C tj@51.531C soc1@51.531C VDD_IN 5198mW/5227mW VDD_CPU_GPU_CV 475mW/487mW VDD_SOC 1507mW/1506mW",50.5,50.656,50.468,51.531,49.531,51.531,1789215613811546661
0.475,5.198,1.507,2763,"09-12-2026 13:20:14 RAM 2763/7620MB (lfb 8x4MB) SWAP 418/3810MB (cached 0MB) CPU [0%@729,0%@729,0%@729,0%@729,0%@729,0%@729] GR3D_FREQ 0% cpu@50.718C soc2@49.5C soc0@50.406C gpu@50.625C tj@51.562C soc1@51.562C VDD_IN 5198mW/5227mW VDD_CPU_GPU_CV 475mW/487mW VDD_SOC 1507mW/1506mW",50.718,50.625,50.406,51.562,49.5,51.562,1789215614818398071
0.475,5.198,1.505,2763,"09-12-2026 13:20:15 RAM 2763/7620MB (lfb 8x4MB) SWAP 418/3810MB (cached 0MB) CPU [1%@729,0%@729,0%@729,0%@729,0%@729,0%@729] GR3D_FREQ 0% cpu@50.812C soc2@49.562C soc0@50.531C gpu@50.843C tj@51.406C soc1@51.406C VDD_IN 5198mW/5227mW VDD_CPU_GPU_CV 475mW/487mW VDD_SOC 1505mW/1506mW",50.812,50.843,50.531,51.406,49.562,51.406,1789215615825193769
0.475,5.198,1.505,2763,"09-12-2026 13:20:16 RAM 2763/7620MB (lfb 8x4MB) SWAP 418/3810MB (cached 0MB) CPU [0%@729,0%@729,0%@729,0%@729,0%@729,1%@729] GR3D_FREQ 0% cpu@50.687C soc2@49.531C soc0@50.343C gpu@50.906C tj@51.5C soc1@51.5C VDD_IN 5198mW/5227mW VDD_CPU_GPU_CV 475mW/486mW VDD_SOC 1505mW/1506mW",50.687,50.906,50.343,51.5,49.531,51.5,1789215616833090479
0.475,5.198,1.505,2763,"09-12-2026 13:20:17 RAM 2763/7620MB (lfb 8x4MB) SWAP 418/3810MB (cached 0MB) CPU [0%@729,1%@1728,0%@1728,0%@1728,0%@729,0%@729] GR3D_FREQ 0% cpu@50.593C soc2@49.437C soc0@50.406C gpu@50.562C tj@51.531C soc1@51.531C VDD_IN 5198mW/5226mW VDD_CPU_GPU_CV 475mW/486mW VDD_SOC 1505mW/1506mW",50.593,50.562,50.406,51.531,49.437,51.531,1789215617837883217
0.475,5.237,1.507,2763,"09-12-2026 13:20:18 RAM 2763/7620MB (lfb 8x4MB) SWAP 418/3810MB (cached 0MB) CPU [1%@729,0%@1728,0%@1728,0%@1728,0%@729,0%@729] GR3D_FREQ 0% cpu@50.75C soc2@49.5C soc0@50.437C gpu@50.718C tj@51.375C soc1@51.375C VDD_IN 5237mW/5226mW VDD_CPU_GPU_CV 475mW/486mW VDD_SOC 1507mW/1506mW",50.75,50.718,50.437,51.375,49.5,51.375,1789215618843875213
0.475,5.198,1.507,2763,"09-12-2026 13:20:19 RAM 2763/7620MB (lfb 8x4MB) SWAP 418/3810MB (cached 0MB) CPU [0%@729,1%@729,0%@729,0%@729,0%@729,0%@729] GR3D_FREQ 0% cpu@50.687C soc2@49.5C soc0@50.531C gpu@50.656C tj@51.468C soc1@51.468C VDD_IN 5198mW/5226mW VDD_CPU_GPU_CV 475mW/486mW VDD_SOC 1507mW/1506mW",50.687,50.656,50.531,51.468,49.5,51.468,1789215619850500186
0.475,5.198,1.507,2763,"09-12-2026 13:20:20 RAM 2763/7620MB (lfb 8x4MB) SWAP 418/3810MB (cached 0MB) CPU [0%@1728,0%@1728,0%@1728,0%@1728,0%@729,0%@729] GR3D_FREQ 0% cpu@50.781C soc2@49.5C soc0@50.343C gpu@50.875C tj@51.5C soc1@51.5C VDD_IN 5198mW/5226mW VDD_CPU_GPU_CV 475mW/486mW VDD_SOC 1507mW/1506mW",50.781,50.875,50.343,51.5,49.5,51.5,1789215620856908558
0.475,5.198,1.507,2763,"09-12-2026 13:20:21 RAM 2763/7620MB (lfb 8x4MB) SWAP 418/3810MB (cached 0MB) CPU [0%@729,0%@729,0%@729,0%@729,1%@729,0%@729] GR3D_FREQ 0% cpu@50.5C soc2@49.593C soc0@50.437C gpu@50.906C tj@51.5C soc1@51.5C VDD_IN 5198mW/5226mW VDD_CPU_GPU_CV 475mW/486mW VDD_SOC 1507mW/1506mW",50.5,50.906,50.437,51.5,49.593,51.5,1789215621863974698
0.475,5.237,1.507,2763,"09-12-2026 13:20:22 RAM 2763/7620MB (lfb 8x4MB) SWAP 418/3810MB (cached 0MB) CPU [1%@729,0%@729,0%@729,0%@729,0%@729,0%@729] GR3D_FREQ 0% cpu@50.562C soc2@49.531C soc0@50.437C gpu@50.625C tj@51.375C soc1@51.375C VDD_IN 5237mW/5226mW VDD_CPU_GPU_CV 475mW/486mW VDD_SOC 1507mW/1506mW",50.562,50.625,50.437,51.375,49.531,51.375,1789215622870929273
0.475,5.198,1.507,2763,"09-12-2026 13:20:23 RAM 2763/7620MB (lfb 8x4MB) SWAP 418/3810MB (cached 0MB) CPU [0%@729,0%@729,0%@729,0%@729,0%@729,0%@729] GR3D_FREQ 0% cpu@50.718C soc2@49.562C soc0@50.375C gpu@50.687C tj@51.437C soc1@51.437C VDD_IN 5198mW/5226mW VDD_CPU_GPU_CV 475mW/486mW VDD_SOC 1507mW/1506mW",50.718,50.687,50.375,51.437,49.562,51.437,1789215623878370463
0.475,5.198,1.507,2763,"09-12-2026 13:20:24 RAM 2763/7620MB (lfb 8x4MB) SWAP 418/3810MB (cached 0MB) CPU [0%@729,0%@729,0%@729,0%@729,1%@729,0%@729] GR3D_FREQ 0% cpu@50.531C soc2@49.468C soc0@50.406C gpu@50.562C tj@51.562C soc1@51.562C VDD_IN 5198mW/5226mW VDD_CPU_GPU_CV 475mW/486mW VDD_SOC 1507mW/1506mW",50.531,50.562,50.406,51.562,49.468,51.562,1789215624885897242
0.475,5.198,1.507,2763,"09-12-2026 13:20:25 RAM 2763/7620MB (lfb 8x4MB) SWAP 418/3810MB (cached 0MB) CPU [1%@729,0%@729,0%@729,0%@729,0%@729,0%@729] GR3D_FREQ 0% cpu@50.718C soc2@49.437C soc0@50.468C gpu@50.625C tj@51.375C soc1@51.375C VDD_IN 5198mW/5226mW VDD_CPU_GPU_CV 475mW/486mW VDD_SOC 1507mW/1506mW",50.718,50.625,50.468,51.375,49.437,51.375,1789215625892164946
0.475,5.198,1.507,2763,"09-12-2026 13:20:26 RAM 2763/7620MB (lfb 8x4MB) SWAP 418/3810MB (cached 0MB) CPU [0%@729,0%@729,1%@729,0%@729,0%@729,0%@729] GR3D_FREQ 0% cpu@50.718C soc2@49.531C soc0@50.468C gpu@50.687C tj@51.375C soc1@51.375C VDD_IN 5198mW/5226mW VDD_CPU_GPU_CV 475mW/486mW VDD_SOC 1507mW/1506mW",50.718,50.687,50.468,51.375,49.531,51.375,1789215626898545267
0.475,5.198,1.507,2763,"09-12-2026 13:20:27 RAM 2763/7620MB (lfb 8x4MB) SWAP 418/3810MB (cached 0MB) CPU [0%@729,0%@729,0%@729,0%@729,1%@729,1%@729] GR3D_FREQ 0% cpu@50.531C soc2@49.531C soc0@50.406C gpu@50.656C tj@51.5C soc1@51.5C VDD_IN 5198mW/5226mW VDD_CPU_GPU_CV 475mW/486mW VDD_SOC 1507mW/1506mW",50.531,50.656,50.406,51.5,49.531,51.5,1789215627906640914
0.475,5.198,1.507,2763,"09-12-2026 13:20:28 RAM 2763/7620MB (lfb 8x4MB) SWAP 418/3810MB (cached 0MB) CPU [0%@729,0%@729,0%@729,0%@729,0%@729,0%@729] GR3D_FREQ 0% cpu@50.625C soc2@49.5C soc0@50.343C gpu@50.531C tj@51.656C soc1@51.656C VDD_IN 5198mW/5226mW VDD_CPU_GPU_CV 475mW/486mW VDD_SOC 1507mW/1506mW",50.625,50.531,50.343,51.656,49.5,51.656,1789215628913010990
0.475,5.198,1.507,2763,"09-12-2026 13:20:29 RAM 2763/7620MB (lfb 8x4MB) SWAP 418/3810MB (cached 0MB) CPU [0%@729,0%@729,0%@729,0%@729,0%@729,0%@729] GR3D_FREQ 0% cpu@50.593C soc2@49.5C soc0@50.437C gpu@50.562C tj@51.312C soc1@51.406C VDD_IN 5198mW/5226mW VDD_CPU_GPU_CV 475mW/486mW VDD_SOC 1507mW/1506mW",50.593,50.562,50.437,51.406,49.5,51.312,1789215629920088410
0.475,5.198,1.507,2763,"09-12-2026 13:20:30 RAM 2763/7620MB (lfb 8x4MB) SWAP 418/3810MB (cached 0MB) CPU [0%@729,0%@729,1%@729,0%@729,0%@729,0%@729] GR3D_FREQ 0% cpu@50.75C soc2@49.5C soc0@50.375C gpu@50.625C tj@51.468C soc1@51.468C VDD_IN 5198mW/5225mW VDD_CPU_GPU_CV 475mW/486mW VDD_SOC 1507mW/1506mW",50.75,50.625,50.375,51.468,49.5,51.468,1789215630927032485
0.475,5.198,1.507,2763,"09-12-2026 13:20:31 RAM 2763/7620MB (lfb 8x4MB) SWAP 418/3810MB (cached 0MB) CPU [0%@729,0%@729,0%@729,1%@729,0%@729,0%@729] GR3D_FREQ 0% cpu@50.468C soc2@49.468C soc0@50.406C gpu@50.656C tj@51.562C soc1@51.562C VDD_IN 5198mW/5225mW VDD_CPU_GPU_CV 475mW/486mW VDD_SOC 1507mW/1506mW",50.468,50.656,50.406,51.562,49.468,51.562,1789215631933872442
