power_VDD_CPU_GPU_CV_w,power_VDD_IN_w,power_VDD_SOC_w,ram_used_mb,raw,temperature_cpu_c,temperature_gpu_c,temperature_soc0_c,temperature_soc1_c,temperature_soc2_c,temperature_tj_c,timestamp_ns
2.089,7.593,1.776,2739,"09-12-2026 13:26:39 RAM 2739/7620MB (lfb 8x4MB) SWAP 417/3810MB (cached 0MB) CPU [7%@1267,7%@1267,6%@1267,7%@1267,52%@1497,29%@1497] GR3D_FREQ 0% cpu@51.625C soc2@50.187C soc0@51.062C gpu@51.437C tj@51.968C soc1@52.093C VDD_IN 7593mW/7593mW VDD_CPU_GPU_CV 2089mW/2089mW VDD_SOC 1776mW/1776mW",51.625,51.437,51.062,52.093,50.187,51.968,1789215999282244077
2.128,7.435,1.658,2739,"09-12-2026 13:26:40 RAM 2739/7620MB (lfb 8x4MB) SWAP 417/3810MB (cached 0MB) CPU [18%@1728,14%@1728,16%@1728,10%@1728,19%@1728,73%@1728] GR3D_FREQ 0% cpu@51.937C soc2@50.375C soc0@51.125C gpu@51.625C tj@52C soc1@52C VDD_IN 7435mW/7514mW VDD_CPU_GPU_CV 2128mW/2109mW VDD_SOC 1658mW/1717mW",51.937,51.625,51.125,52.0,50.375,52.0,1789216000288766206
2.168,7.621,1.737,2739,"09-12-2026 13:26:41 RAM 2739/7620MB (lfb 8x4MB) SWAP 417/3810MB (cached 0MB) CPU [8%@1728,10%@1728,6%@1728,7%@1728,4%@1344,74%@1344] GR3D_FREQ 0% cpu@51.906C soc2@50.531C soc0@51.093C gpu@51.687C tj@52.093C soc1@52.093C VDD_IN 7621mW/7550mW VDD_CPU_GPU_CV 2168mW/2128mW VDD_SOC 1737mW/1724mW",51.906,51.687,51.093,52.093,50.531,52.093,1789216001294896882
2.207,7.621,1.697,2674,"09-12-2026 13:26:42 RAM 2674/7620MB (lfb 10x4MB) SWAP 417/3810MB (cached 0MB) CPU [16%@729,12%@729,11%@729,12%@729,9%@1728,79%@1728] GR3D_FREQ 0% cpu@51.625C soc2@50.656C soc0@51.281C gpu@51.718C tj@52.156C soc1@52.156C VDD_IN 7621mW/7568mW VDD_CPU_GPU_CV 2207mW/2148mW VDD_SOC 1697mW/1717mW",51.625,51.718,51.281,52.156,50.656,52.156,1789216002302368058
2.01,7.356,1.697,2748,"09-12-2026 13:26:43 RAM 2748/7620MB (lfb 8x4MB) SWAP 417/3810MB (cached 0MB) CPU [12%@729,7%@729,10%@729,12%@729,4%@1497,76%@1497] GR3D_FREQ 0% cpu@51.937C soc2@50.562C soc0@51.343C gpu@51.625C tj@52.156C soc1@52.156C VDD_IN 7356mW/7525mW VDD_CPU_GPU_CV 2010mW/2120mW VDD_SOC 1697mW/1713mW",51.937,51.625,51.343,52.156,50.562,52.156,1789216003308267170
2.365,7.897,1.776,2750,"09-12-2026 13:26:44 RAM 2750/7620MB (lfb 7x4MB) SWAP 417/3810MB (cached 0MB) CPU [13%@729,10%@729,12%@729,9%@729,9%@1728,79%@1728] GR3D_FREQ 0% cpu@52.093C soc2@50.687C soc0@51.468C gpu@52C tj@52.093C soc1@52.062C VDD_IN 7897mW/7587mW VDD_CPU_GPU_CV 2365mW/2161mW VDD_SOC 1776mW/1724mW",52.093,52.0,51.468,52.062,50.687,52.093,1789216004314134195
2.01,7.277,1.658,2760,"09-12-2026 13:26:45 RAM 2760/7620MB (lfb 7x4MB) SWAP 417/3810MB (cached 0MB) CPU [12%@1728,8%@1728,13%@1728,17%@1728,11%@729,74%@729] GR3D_FREQ 0% cpu@52.125C soc2@50.687C soc0@51.406C gpu@51.843C tj@52.25C soc1@52.25C VDD_IN 7277mW/7543mW VDD_CPU_GPU_CV 2010mW/2140mW VDD_SOC 1658mW/1714mW",52.125,51.843,51.406,52.25,50.687,52.25,1789216005319613819
2.637,8.331,1.852,2712,"09-12-2026 13:26:46 RAM 2712/7620MB (lfb 9x4MB) SWAP 417/3810MB (cached 0MB) CPU [53%@1728,5%@1728,9%@1728,36%@1728,3%@729,4%@729] GR3D_FREQ 12% cpu@52.25C soc2@50.937C soc0@51.468C gpu@52.156C tj@52.406C soc1@52.406C VDD_IN 8331mW/7641mW VDD_CPU_GPU_CV 2637mW/2202mW VDD_SOC 1852mW/1731mW",52.25,52.156,51.468,52.406,50.937,52.406,1789216006325145733
1.776,6.961,1.621,2742,"09-12-2026 13:26:47 RAM 2742/7620MB (lfb 8x4MB) SWAP 417/3810MB (cached 0MB) CPU [18%@1190,14%@1190,13%@1190,41%@1190,19%@1267,40%@1267] GR3D_FREQ 0% cpu@52.156C soc2@50.625C soc0@51.406C gpu@51.781C tj@52.218C soc1@52.218C VDD_IN 6961mW/7566mW VDD_CPU_GPU_CV 1776mW/2154mW VDD_SOC 1621mW/1719mW",52.156,51.781,51.406,52.218,50.625,52.218,1789216007332772805
2.715,8.529,1.892,2742,"09-12-2026 13:26:48 RAM 2742/7620MB (lfb 8x4MB) SWAP 417/3810MB (cached 0MB) CPU [6%@729,6%@729,4%@729,8%@729,2%@1728,79%@1728] GR3D_FREQ 98% cpu@52.25C soc2@51C soc0@51.75C gpu@52.437C tj@52.437C soc1@52.375C VDD_IN 8529mW/7662mW VDD_CPU_GPU_CV 2715mW/2211mW VDD_SOC 1892mW/1736mW",52.25,52.437,51.75,52.375,51.0,52.437,1789216008339610582
1.816,6.961,1.621,2752,"09-12-2026 13:26:49 RAM 2752/7620MB (lfb 8x4MB) SWAP 417/3810MB (cached 0MB) CPU [23%@1728,17%@1728,23%@1728,18%@1728,13%@1728,71%@1728] GR3D_FREQ 0% cpu@52.187C soc2@50.718C soc0@51.406C gpu@52.156C tj@52.468C soc1@52.468C VDD_IN 6961mW/7598mW VDD_CPU_GPU_CV 1816mW/2175mW VDD_SOC 1621mW/1726mW",52.187,52.156,51.406,52.468,50.718,52.468,1789216009346057753
2.755,8.608,1.892,2752,"09-12-2026 13:26:50 RAM 2752/7620MB (lfb 8x4MB) SWAP 417/3810MB (cached 0MB) CPU [5%@729,2%@729,4%@729,4%@729,0%@1728,75%@1728] GR3D_FREQ 97% cpu@52.125C soc2@50.937C soc0@51.625C gpu@52.468C tj@52.531C soc1@52.531C VDD_IN 8608mW/7683mW VDD_CPU_GPU_CV 2755mW/2223mW VDD_SOC 1892mW/1740mW",52.125,52.468,51.625,52.531,50.937,52.531,1789216010351652706
1.697,6.842,1.621,2794,"09-12-2026 13:26:51 RAM 2794/7620MB (lfb 5x4MB) SWAP 417/3810MB (cached 0MB) CPU [18%@729,20%@729,15%@729,16%@729,11%@1728,82%@1728] GR3D_FREQ 0% cpu@52.531C soc2@50.718C soc0@51.625C gpu@51.937C tj@52.531C soc1@52.468C VDD_IN 6842mW/7618mW VDD_CPU_GPU_CV 1697mW/2183mW VDD_SOC 1621mW/1731mW",52.531,51.937,51.625,52.468,50.718,52.531,1789216011358166532
2.637,8.41,1.852,2762,"09-12-2026 13:26:52 RAM 2762/7620MB (lfb 9x4MB) SWAP 417/3810MB (cached 0MB) CPU [2%@1267,5%@1267,4%@1267,4%@1267,1%@1728,72%@1728] GR3D_FREQ 0% cpu@52.468C soc2@51.031C soc0@51.718C gpu@52.187C tj@52.531C soc1@52.531C VDD_IN 8410mW/7674mW VDD_CPU_GPU_CV 2637mW/2215mW VDD_SOC 1852mW/1739mW",52.468,52.187,51.718,52.531,51.031,52.531,1789216012364213032
2.286,7.7,1.737,2814,"09-12-2026 13:26:53 RAM 2814/7620MB (lfb 2x4MB) SWAP 417/3810MB (cached 0MB) CPU [19%@729,18%@729,17%@729,11%@729,11%@1728,79%@1728] GR3D_FREQ 74% cpu@52.156C soc2@51.093C soc0@51.812C gpu@52.5C tj@52.593C soc1@52.593C VDD_IN 7700mW/7676mW VDD_CPU_GPU_CV 2286mW/2220mW VDD_SOC 1737mW/1739mW",52.156,52.5,51.812,52.593,51.093,52.593,1789216013370776770
2.326,7.897,1.776,2762,"09-12-2026 13:26:54 RAM 2762/7620MB (lfb 9x4MB) SWAP 417/3810MB (cached 0MB) CPU [4%@1728,6%@1728,9%@1728,7%@1728,11%@1420,70%@1420] GR3D_FREQ 0% cpu@52.375C soc2@51C soc0@51.812C gpu@52.406C tj@52.718C soc1@52.718C VDD_IN 7897mW/7690mW VDD_CPU_GPU_CV 2326mW/2226mW VDD_SOC 1776mW/1741mW",52.375,52.406,51.812,52.718,51.0,52.718,1789216014376994548
1.816,7.04,1.661,2819,"09-12-2026 13:26:55 RAM 2819/7620MB (lfb 3x4MB) SWAP 417/3810MB (cached 0MB) CPU [43%@1728,13%@1728,17%@1728,44%@1728,9%@729,20%@729] GR3D_FREQ 84% cpu@52.5C soc2@51.281C soc0@51.843C gpu@52.187C tj@52.593C soc1@52.593C VDD_IN 7040mW/7652mW VDD_CPU_GPU_CV 1816mW/2202mW VDD_SOC 1661mW/1737mW",52.5,52.187,51.843,52.593,51.281,52.593,1789216015382877082
2.597,8.292,1.852,2763,"09-12-2026 13:26:56 RAM 2763/7620MB (lfb 9x4MB) SWAP 417/3810MB (cached 0MB) CPU [20%@1728,61%@1728,4%@1728,4%@1728,1%@729,2%@729] GR3D_FREQ 0% cpu@52.562C soc2@51.281C soc0@51.843C gpu@52.343C tj@52.781C soc1@52.781C VDD_IN 8292mW/7687mW VDD_CPU_GPU_CV 2597mW/2224mW VDD_SOC 1852mW/1743mW",52.562,52.343,51.843,52.781,51.281,52.781,1789216016388026267
2.247,7.621,1.697,2763,"09-12-2026 13:26:57 RAM 2763/7620MB (lfb 8x4MB) SWAP 417/3810MB (cached 0MB) CPU [12%@1728,21%@1728,14%@1728,75%@1728,8%@729,10%@729] GR3D_FREQ 1% cpu@52.718C soc2@51.312C soc0@51.843C gpu@52.375C tj@52.718C soc1@52.718C VDD_IN 7621mW/7684mW VDD_CPU_GPU_CV 2247mW/2225mW VDD_SOC 1697mW/1741mW",52.718,52.375,51.843,52.718,51.312,52.718,1789216017394007207
2.247,7.66,1.737,2762,"09-12-2026 13:26:58 RAM 2762/7620MB (lfb 8x4MB) SWAP 417/3810MB (cached 0MB) CPU [11%@1728,7%@1728,5%@1728,73%@1728,5%@729,5%@729] GR3D_FREQ 0% cpu@52.718C soc2@51.25C soc0@51.906C gpu@52.343C tj@52.906C soc1@52.906C VDD_IN 7660mW/7683mW VDD_CPU_GPU_CV 2247mW/2226mW VDD_SOC 1737mW/1741mW",52.718,52.343,51.906,52.906,51.25,52.906,1789216018399439765
2.444,8.055,1.776,2762,"09-12-2026 13:26:59 RAM 2762/7620MB (lfb 8x4MB) SWAP 417/3810MB (cached 0MB) CPU [10%@1728,10%@1728,13%@1728,73%@1728,15%@729,4%@729] GR3D_FREQ 99% cpu@52.812C soc2@51.375C soc0@52C gpu@52.343C tj@52.812C soc1@52.687C VDD_IN 8055mW/7700mW VDD_CPU_GPU_CV 2444mW/2237mW VDD_SOC 1776mW/1742mW",52.812,52.343,52.0,52.687,51.375,52.812,1789216019405377149
2.128,7.396,1.658,2766,"09-12-2026 13:27:00 RAM 2766/7620MB (lfb 8x4MB) SWAP 417/3810MB (cached 0MB) CPU [20%@1651,13%@1651,11%@1651,70%@1651,8%@1190,9%@1190] GR3D_FREQ 0% cpu@53.25C soc2@51.218C soc0@51.843C gpu@52.25C tj@53.25C soc1@52.75C VDD_IN 7396mW/7687mW VDD_CPU_GPU_CV 2128mW/2232mW VDD_SOC 1658mW/1738mW",53.25,52.25,51.843,52.75,51.218,53.25,1789216020411502909
2.597,8.371,1.852,2765,"09-12-2026 13:27:01 RAM 2765/7620MB (lfb 8x4MB) SWAP 417/3810MB (cached 0MB) CPU [9%@1728,76%@1728,4%@1728,3%@1728,6%@729,9%@729] GR3D_FREQ 95% cpu@52.406C soc2@51.437C soc0@51.937C gpu@52.468C tj@52.875C soc1@52.875C VDD_IN 8371mW/7716mW VDD_CPU_GPU_CV 2597mW/2248mW VDD_SOC 1852mW/1743mW",52.406,52.468,51.937,52.875,51.437,52.875,1789216021416369279
1.776,6.961,1.621,2771,"09-12-2026 13:27:02 RAM 2771/7620MB (lfb 8x4MB) SWAP 417/3810MB (cached 0MB) CPU [17%@1190,22%@1190,14%@1190,15%@1190,27%@1728,61%@1728] GR3D_FREQ 0% cpu@52.562C soc2@51.187C soc0@51.937C gpu@52.218C tj@52.937C soc1@52.937C VDD_IN 6961mW/7685mW VDD_CPU_GPU_CV 1776mW/2228mW VDD_SOC 1621mW/1738mW",52.562,52.218,51.937,52.937,51.187,52.937,1789216022422865934
2.558,8.292,1.852,2772,"09-12-2026 13:27:03 RAM 2772/7620MB (lfb 9x4MB) SWAP 417/3810MB (cached 0MB) CPU [5%@729,3%@729,4%@729,4%@729,4%@1728,77%@1728] GR3D_FREQ 15% cpu@52.781C soc2@51.437C soc0@52.218C gpu@52.593C tj@52.781C soc1@52.781C VDD_IN 8292mW/7709mW VDD_CPU_GPU_CV 2558mW/2241mW VDD_SOC 1852mW/1743mW",52.781,52.593,52.218,52.781,51.437,52.781,1789216023429302773
1.776,6.921,1.621,2773,"09-12-2026 13:27:04 RAM 2773/7620MB (lfb 9x4MB) SWAP 417/3810MB (cached 0MB) CPU [21%@729,13%@729,17%@729,17%@729,14%@1728,80%@1728] GR3D_FREQ 0% cpu@52.656C soc2@51.25C soc0@51.906C gpu@52.5C tj@52.781C soc1@52.781C VDD_IN 6921mW/7679mW VDD_CPU_GPU_CV 1776mW/2223mW VDD_SOC 1621mW/1738mW",52.656,52.5,51.906,52.781,51.25,52.781,1789216024435675479
2.637,8.41,1.892,2773,"09-12-2026 13:27:05 RAM 2773/7620MB (lfb 7x4MB) SWAP 417/3810MB (cached 0MB) CPU [1%@729,4%@729,3%@729,3%@729,2%@1728,75%@1728] GR3D_FREQ 0% cpu@52.656C soc2@51.531C soc0@52.125C gpu@52.531C tj@52.875C soc1@52.875C VDD_IN 8410mW/7706mW VDD_CPU_GPU_CV 2637mW/2239mW VDD_SOC 1892mW/1744mW",52.656,52.531,52.125,52.875,51.531,52.875,1789216025441905171
1.816,7.0,1.661,2825,"09-12-2026 13:27:06 RAM 2825/7620MB (lfb 2x4MB) SWAP 417/3810MB (cached 0MB) CPU [19%@729,16%@729,17%@729,18%@729,15%@1728,79%@1728] GR3D_FREQ 32% cpu@52.656C soc2@51.5C soc0@52.031C gpu@52.437C tj@53C soc1@53C VDD_IN 7000mW/7681mW VDD_CPU_GPU_CV 1816mW/2224mW VDD_SOC 1661mW/1741mW",52.656,52.437,52.031,53.0,51.5,53.0,1789216026448007989
2.597,8.331,1.852,2774,"09-12-2026 13:27:07 RAM 2774/7620MB (lfb 9x4MB) SWAP 417/3810MB (cached 0MB) CPU [5%@1728,5%@1728,6%@1728,5%@1728,2%@1497,72%@1497] GR3D_FREQ 0% cpu@52.812C soc2@51.5C soc0@52.218C gpu@52.75C tj@52.937C soc1@52.937C VDD_IN 8331mW/7703mW VDD_CPU_GPU_CV 2597mW/2236mW VDD_SOC 1852mW/1745mW",52.812,52.75,52.218,52.937,51.5,52.937,1789216027455516021
2.247,7.621,1.697,2826,"09-12-2026 13:27:08 RAM 2826/7620MB (lfb 2x4MB) SWAP 417/3810MB (cached 0MB) CPU [21%@1728,12%@1728,20%@1728,18%@1728,11%@1728,78%@1728] GR3D_FREQ 0% cpu@53.062C soc2@51.437C soc0@52.218C gpu@52.687C tj@53.062C soc1@53C VDD_IN 7621mW/7700mW VDD_CPU_GPU_CV 2247mW/2237mW VDD_SOC 1697mW/1743mW",53.062,52.687,52.218,53.0,51.437,53.062,1789216028460870990
2.365,7.858,1.776,2774,"09-12-2026 13:27:09 RAM 2774/7620MB (lfb 7x4MB) SWAP 417/3810MB (cached 0MB) CPU [9%@1728,7%@1728,11%@1728,12%@1728,4%@1267,70%@1267] GR3D_FREQ 0% cpu@53.125C soc2@51.531C soc0@52.281C gpu@52.75C tj@53.125C soc1@53C VDD_IN 7858mW/7705mW VDD_CPU_GPU_CV 2365mW/2241mW VDD_SOC 1776mW/1744mW",53.125,52.75,52.281,53.0,51.531,53.125,1789216029466308121
2.286,7.7,1.737,2775,"09-12-2026 13:27:10 RAM 2775/7620MB (lfb 7x4MB) SWAP 417/3810MB (cached 0MB) CPU [17%@1728,56%@1728,27%@1728,17%@1728,5%@729,6%@729] GR3D_FREQ 0% cpu@52.906C soc2@51.562C soc0@52.187C gpu@52.687C tj@53.125C soc1@53.125C VDD_IN 7700mW/7705mW VDD_CPU_GPU_CV 2286mW/2242mW VDD_SOC 1737mW/1744mW",52.906,52.687,52.187,53.125,51.562,53.125,1789216030472349576
2.128,7.435,1.697,2781,"09-12-2026 13:27:11 RAM 2781/7620MB (lfb 7x4MB) SWAP 417/3810MB (cached 0MB) CPU [12%@1728,58%@1728,10%@1728,30%@1728,3%@729,4%@729] GR3D_FREQ 0% cpu@53.156C soc2@51.468C soc0@52.312C gpu@52.531C tj@53.156C soc1@53.031C VDD_IN 7435mW/7697mW VDD_CPU_GPU_CV 2128mW/2239mW VDD_SOC 1697mW/1742mW",53.156,52.531,52.312,53.031,51.468,53.156,1789216031478005023
2.483,8.095,1.816,2738,"09-12-2026 13:27:12 RAM 2738/7620MB (lfb 8x4MB) SWAP 417/3810MB (cached 0MB) CPU [14%@1728,8%@1728,13%@1728,16%@1728,6%@1728,66%@1728] GR3D_FREQ 28% cpu@52.781C soc2@51.937C soc0@52.218C gpu@52.75C tj@53.062C soc1@53.062C VDD_IN 8095mW/7709mW VDD_CPU_GPU_CV 2483mW/2246mW VDD_SOC 1816mW/1745mW",52.781,52.75,52.218,53.062,51.937,53.062,1789216032485116588
1.934,7.158,1.661,2772,"09-12-2026 13:27:13 RAM 2772/7620MB (lfb 8x4MB) SWAP 417/3810MB (cached 0MB) CPU [18%@1728,11%@1728,16%@1728,15%@1728,14%@1728,72%@1728] GR3D_FREQ 0% cpu@52.812C soc2@51.562C soc0@52.187C gpu@52.75C tj@53.156C soc1@53.156C VDD_IN 7158mW/7693mW VDD_CPU_GPU_CV 1934mW/2237mW VDD_SOC 1661mW/1742mW",52.812,52.75,52.187,53.156,51.562,53.156,1789216033490625749
2.519,8.292,1.852,2773,"09-12-2026 13:27:14 RAM 2773/7620MB (lfb 9x4MB) SWAP 417/3810MB (cached 0MB) CPU [8%@729,8%@1728,4%@1728,4%@1728,37%@1728,43%@1728] GR3D_FREQ 65% cpu@53.218C soc2@51.656C soc0@52.406C gpu@53C tj@53.312C soc1@53.312C VDD_IN 8292mW/7710mW VDD_CPU_GPU_CV 2519mW/2245mW VDD_SOC 1852mW/1745mW",53.218,53.0,52.406,53.312,51.656,53.312,1789216034497354847
1.855,7.04,1.621,2779,"09-12-2026 13:27:15 RAM 2779/7620MB (lfb 9x4MB) SWAP 417/3810MB (cached 0MB) CPU [17%@729,14%@729,15%@729,15%@729,41%@1728,56%@1728] GR3D_FREQ 0% cpu@53.25C soc2@51.562C soc0@52.25C gpu@52.687C tj@53.25C soc1@53.125C VDD_IN 7040mW/7692mW VDD_CPU_GPU_CV 1855mW/2234mW VDD_SOC 1621mW/1742mW",53.25,52.687,52.25,53.125,51.562,53.25,1789216035504663991
2.794,8.673,1.892,2780,"09-12-2026 13:27:16 RAM 2780/7620MB (lfb 9x4MB) SWAP 417/3810MB (cached 0MB) CPU [2%@729,3%@729,3%@729,3%@729,2%@1728,76%@1728] GR3D_FREQ 99% cpu@52.781C soc2@51.937C soc0@52.437C gpu@52.937C tj@53.125C soc1@53.125C VDD_IN 8673mW/7717mW VDD_CPU_GPU_CV 2794mW/2249mW VDD_SOC 1892mW/1746mW",52.781,52.937,52.437,53.125,51.937,53.125,1789216036512172844
1.776,6.961,1.661,2843,"09-12-2026 13:27:17 RAM 2843/7620MB (lfb 2x4MB) SWAP 417/3810MB (cached 0MB) CPU [20%@729,19%@729,16%@729,13%@729,16%@1728,83%@1728] GR3D_FREQ 0% cpu@52.968C soc2@51.812C soc0@52.343C gpu@53C tj@53.343C soc1@53.343C VDD_IN 6961mW/7698mW VDD_CPU_GPU_CV 1776mW/2237mW VDD_SOC 1661mW/1744mW",52.968,53.0,52.343,53.343,51.812,53.343,1789216037518537302
2.637,8.331,1.852,2787,"09-12-2026 13:27:18 RAM 2787/7620MB (lfb 9x4MB) SWAP 417/3810MB (cached 0MB) CPU [7%@729,5%@1728,7%@1728,4%@1728,1%@1651,75%@1651] GR3D_FREQ 0% cpu@53.062C soc2@51.718C soc0@52.593C gpu@53.156C tj@53.156C soc1@53.125C VDD_IN 8331mW/7714mW VDD_CPU_GPU_CV 2637mW/2247mW VDD_SOC 1852mW/1746mW",53.062,53.156,52.593,53.125,51.718,53.156,1789216038524857505
2.207,7.542,1.697,2788,"09-12-2026 13:27:19 RAM 2788/7620MB (lfb 9x4MB) SWAP 417/3810MB (cached 0MB) CPU [18%@729,17%@1728,11%@1728,16%@1728,18%@1728,72%@1728] GR3D_FREQ 0% cpu@53.156C soc2@51.781C soc0@52.375C gpu@52.812C tj@53.156C soc1@53.156C VDD_IN 7542mW/7710mW VDD_CPU_GPU_CV 2207mW/2246mW VDD_SOC 1697mW/1745mW",53.156,52.812,52.375,53.156,51.781,53.156,1789216039530913134
2.247,7.7,1.737,2788,"09-12-2026 13:27:20 RAM 2788/7620MB (lfb 9x4MB) SWAP 417/3810MB (cached 0MB) CPU [8%@729,7%@729,11%@729,8%@729,5%@1651,76%@1651] GR3D_FREQ 0% cpu@52.875C soc2@51.718C soc0@52.468C gpu@52.843C tj@53.343C soc1@53.343C VDD_IN 7700mW/7709mW VDD_CPU_GPU_CV 2247mW/2246mW VDD_SOC 1737mW/1745mW",52.875,52.843,52.468,53.343,51.718,53.343,1789216040537126072
2.404,7.937,1.776,2789,"09-12-2026 13:27:21 RAM 2789/7620MB (lfb 9x4MB) SWAP 417/3810MB (cached 0MB) CPU [14%@1728,9%@1728,13%@1728,11%@1728,18%@1728,74%@1728] GR3D_FREQ 98% cpu@53.125C soc2@52C soc0@52.468C gpu@53.25C tj@53.25C soc1@53.218C VDD_IN 7937mW/7715mW VDD_CPU_GPU_CV 2404mW/2250mW VDD_SOC 1776mW/1746mW",53.125,53.25,52.468,53.218,52.0,53.25,1789216041543663930
2.05,7.356,1.697,2789,"09-12-2026 13:27:22 RAM 2789/7620MB (lfb 9x4MB) SWAP 417/3810MB (cached 0MB) CPU [14%@729,15%@1728,9%@1728,8%@1728,13%@1728,72%@1728] GR3D_FREQ 0% cpu@53.312C soc2@51.718C soc0@52.5C gpu@53.156C tj@53.312C soc1@53.312C VDD_IN 7356mW/7707mW VDD_CPU_GPU_CV 2050mW/2245mW VDD_SOC 1697mW/1745mW",53.312,53.156,52.5,53.312,51.718,53.312,1789216042549733121
2.558,8.252,1.816,2789,"09-12-2026 13:27:23 RAM 2789/7620MB (lfb 9x4MB) SWAP 417/3810MB (cached 0MB) CPU [12%@729,8%@729,12%@729,9%@729,5%@1728,78%@1728] GR3D_FREQ 42% cpu@53.125C soc2@52.093C soc0@52.531C gpu@53.406C tj@53.406C soc1@53.25C VDD_IN 8252mW/7719mW VDD_CPU_GPU_CV 2558mW/2252mW VDD_SOC 1816mW/1746mW",53.125,53.406,52.531,53.25,52.093,53.406,1789216043556602833
1.934,7.158,1.661,2789,"09-12-2026 13:27:24 RAM 2789/7620MB (lfb 9x4MB) SWAP 417/3810MB (cached 0MB) CPU [17%@1113,15%@1113,14%@1113,11%@1113,9%@1728,78%@1728] GR3D_FREQ 0% cpu@53.125C soc2@51.812C soc0@52.5C gpu@52.968C tj@53.562C soc1@53.562C VDD_IN 7158mW/7706mW VDD_CPU_GPU_CV 1934mW/2245mW VDD_SOC 1661mW/1744mW",53.125,52.968,52.5,53.562,51.812,53.562,1789216044564299515
2.558,8.292,1.852,2790,"09-12-2026 13:27:25 RAM 2790/7620MB (lfb 9x4MB) SWAP 417/3810MB (cached 0MB) CPU [7%@729,7%@729,8%@729,7%@729,2%@1728,77%@1728] GR3D_FREQ 12% cpu@53.281C soc2@52C soc0@52.75C gpu@53.312C tj@53.437C soc1@53.437C VDD_IN 8292mW/7719mW VDD_CPU_GPU_CV 2558mW/2252mW VDD_SOC 1852mW/1747mW",53.281,53.312,52.75,53.437,52.0,53.437,1789216045571016957
1.816,6.961,1.621,2798,"09-12-2026 13:27:26 RAM 2798/7620MB (lfb 9x4MB) SWAP 417/3810MB (cached 0MB) CPU [19%@729,12%@729,20%@1728,16%@1728,12%@1651,79%@1651] GR3D_FREQ 0% cpu@53.125C soc2@51.875C soc0@52.531C gpu@53.218C tj@53.468C soc1@53.468C VDD_IN 6961mW/7703mW VDD_CPU_GPU_CV 1816mW/2243mW VDD_SOC 1621mW/1744mW",53.125,53.218,52.531,53.468,51.875,53.468,1789216046578337990
2.637,8.41,1.892,2798,"09-12-2026 13:27:27 RAM 2798/7620MB (lfb 10x4MB) SWAP 417/3810MB (cached 0MB) CPU [4%@729,3%@729,5%@729,6%@729,0%@1728,77%@1728] GR3D_FREQ 0% cpu@53.125C soc2@52C soc0@52.625C gpu@53.156C tj@53.468C soc1@53.468C VDD_IN 8410mW/7718mW VDD_CPU_GPU_CV 2637mW/2251mW VDD_SOC 1892mW/1747mW",53.125,53.156,52.625,53.468,52.0,53.468,1789216047583680305
1.776,6.921,1.621,2798,"09-12-2026 13:27:28 RAM 2798/7620MB (lfb 9x4MB) SWAP 417/3810MB (cached 0MB) CPU [17%@1728,23%@1728,19%@1728,44%@1728,13%@729,41%@729] GR3D_FREQ 0% cpu@53.625C soc2@51.812C soc0@52.531C gpu@53.062C tj@53.625C soc1@53.625C VDD_IN 6921mW/7702mW VDD_CPU_GPU_CV 1776mW/2241mW VDD_SOC 1621mW/1745mW",53.625,53.062,52.531,53.625,51.812,53.625,1789216048588895743
2.715,8.529,1.892,2799,"09-12-2026 13:27:29 RAM 2799/7620MB (lfb 10x4MB) SWAP 417/3810MB (cached 0MB) CPU [2%@1728,1%@1728,56%@1728,20%@1728,1%@729,0%@729] GR3D_FREQ 0% cpu@54C soc2@52.25C soc0@52.906C gpu@53.406C tj@54C soc1@53.406C VDD_IN 8529mW/7718mW VDD_CPU_GPU_CV 2715mW/2251mW VDD_SOC 1892mW/1747mW",54.0,53.406,52.906,53.406,52.25,54.0,1789216049594317733
2.286,7.7,1.697,2851,"09-12-2026 13:27:30 RAM 2851/7620MB (lfb 2x4MB) SWAP 417/3810MB (cached 0MB) CPU [17%@729,18%@729,33%@729,17%@729,10%@1728,53%@1728] GR3D_FREQ 0% cpu@53.531C soc2@52C soc0@52.625C gpu@53.156C tj@53.562C soc1@53.562C VDD_IN 7700mW/7718mW VDD_CPU_GPU_CV 2286mW/2251mW VDD_SOC 1697mW/1746mW",53.531,53.156,52.625,53.562,52.0,53.562,1789216050600840301
2.326,7.818,1.776,2799,"09-12-2026 13:27:31 RAM 2799/7620MB (lfb 10x4MB) SWAP 417/3810MB (cached 0MB) CPU [7%@729,10%@1728,7%@1728,9%@1728,4%@1420,79%@1420] GR3D_FREQ 0% cpu@53.375C soc2@52C soc0@52.718C gpu@53.093C tj@53.593C soc1@53.593C VDD_IN 7818mW/7719mW VDD_CPU_GPU_CV 2326mW/2253mW VDD_SOC 1776mW/1747mW",53.375,53.093,52.718,53.593,52.0,53.593,1789216051607223782
2.365,7.858,1.776,2800,"09-12-2026 13:27:32 RAM 2800/7620MB (lfb 10x4MB) SWAP 417/3810MB (cached 0MB) CPU [10%@729,12%@729,11%@729,11%@729,12%@1728,79%@1728] GR3D_FREQ 12% cpu@53.375C soc2@52.281C soc0@52.781C gpu@53.281C tj@53.75C soc1@53.75C VDD_IN 7858mW/7722mW VDD_CPU_GPU_CV 2365mW/2255mW VDD_SOC 1776mW/1748mW",53.375,53.281,52.781,53.75,52.281,53.75,1789216052613689807
2.168,7.514,1.697,2800,"09-12-2026 13:27:33 RAM 2800/7620MB (lfb 10x4MB) SWAP 417/3810MB (cached 0MB) CPU [10%@1728,18%@1728,26%@1728,12%@1728,9%@1190,54%@1190] GR3D_FREQ 0% cpu@53.843C soc2@52.093C soc0@52.875C gpu@53.187C tj@53.843C soc1@53.562C VDD_IN 7514mW/7718mW VDD_CPU_GPU_CV 2168mW/2253mW VDD_SOC 1697mW/1747mW",53.843,53.187,52.875,53.562,52.093,53.843,1789216053618668500
2.597,8.292,1.852,2800,"09-12-2026 13:27:34 RAM 2800/7620MB (lfb 10x4MB) SWAP 417/3810MB (cached 0MB) CPU [8%@1728,6%@1728,80%@1728,7%@1728,7%@729,7%@729] GR3D_FREQ 98% cpu@53.906C soc2@52.312C soc0@52.812C gpu@53.5C tj@53.906C soc1@53.593C VDD_IN 8292mW/7728mW VDD_CPU_GPU_CV 2597mW/2259mW VDD_SOC 1852mW/1749mW",53.906,53.5,52.812,53.593,52.312,53.906,1789216054624297357
1.934,7.158,1.661,2801,"09-12-2026 13:27:35 RAM 2801/7620MB (lfb 10x4MB) SWAP 417/3810MB (cached 0MB) CPU [17%@1728,15%@1728,76%@1728,15%@1728,9%@1728,7%@1728] GR3D_FREQ 0% cpu@53.687C soc2@52.187C soc0@52.75C gpu@53.343C tj@53.687C soc1@53.687C VDD_IN 7158mW/7718mW VDD_CPU_GPU_CV 1934mW/2254mW VDD_SOC 1661mW/1747mW",53.687,53.343,52.75,53.687,52.187,53.687,1789216055631413358
2.597,8.371,1.852,2801,"09-12-2026 13:27:36 RAM 2801/7620MB (lfb 10x4MB) SWAP 417/3810MB (cached 0MB) CPU [6%@1728,3%@1728,6%@1728,78%@1728,1%@729,1%@729] GR3D_FREQ 91% cpu@53.656C soc2@52.343C soc0@52.968C gpu@53.437C tj@53.843C soc1@53.843C VDD_IN 8371mW/7730mW VDD_CPU_GPU_CV 2597mW/2260mW VDD_SOC 1852mW/1749mW",53.656,53.437,52.968,53.843,52.343,53.843,1789216056637298601
1.895,7.04,1.621,2801,"09-12-2026 13:27:37 RAM 2801/7620MB (lfb 10x4MB) SWAP 417/3810MB (cached 0MB) CPU [25%@729,16%@729,15%@729,55%@729,14%@1728,22%@1728] GR3D_FREQ 0% cpu@53.812C soc2@52.125C soc0@52.906C gpu@53.187C tj@53.812C soc1@53.593C VDD_IN 7040mW/7718mW VDD_CPU_GPU_CV 1895mW/2253mW VDD_SOC 1621mW/1747mW",53.812,53.187,52.906,53.593,52.125,53.812,1789216057643697013
2.715,8.555,1.892,2799,"09-12-2026 13:27:38 RAM 2799/7620MB (lfb 9x4MB) SWAP 417/3810MB (cached 0MB) CPU [3%@1728,2%@1728,3%@1728,6%@1728,0%@1728,75%@1728] GR3D_FREQ 98% cpu@53.312C soc2@52.343C soc0@52.968C gpu@53.468C tj@53.718C soc1@53.718C VDD_IN 8555mW/7732mW VDD_CPU_GPU_CV 2715mW/2261mW VDD_SOC 1892mW/1749mW",53.312,53.468,52.968,53.718,52.343,53.718,1789216058650707316
1.697,6.842,1.621,2799,"09-12-2026 13:27:39 RAM 2799/7620MB (lfb 9x4MB) SWAP 417/3810MB (cached 0MB) CPU [20%@729,10%@729,21%@729,15%@729,18%@1728,81%@1728] GR3D_FREQ 0% cpu@53.718C soc2@52.218C soc0@52.812C gpu@53.375C tj@53.718C soc1@53.718C VDD_IN 6842mW/7717mW VDD_CPU_GPU_CV 1697mW/2252mW VDD_SOC 1621mW/1747mW",53.718,53.375,52.812,53.718,52.218,53.718,1789216059656906566
2.558,8.41,1.892,2799,"09-12-2026 13:27:40 RAM 2799/7620MB (lfb 9x4MB) SWAP 417/3810MB (cached 0MB) CPU [5%@1728,2%@1728,0%@1728,4%@1728,3%@1728,72%@1728] GR3D_FREQ 57% cpu@53.437C soc2@52.406C soc0@53.062C gpu@53.625C tj@53.843C soc1@53.687C VDD_IN 8410mW/7729mW VDD_CPU_GPU_CV 2558mW/2257mW VDD_SOC 1892mW/1749mW",53.437,53.625,53.062,53.687,52.406,53.843,1789216060663799728
2.089,7.435,1.697,2856,"09-12-2026 13:27:41 RAM 2856/7620MB (lfb 2x4MB) SWAP 417/3810MB (cached 0MB) CPU [21%@1728,12%@1728,16%@1728,15%@1728,19%@729,71%@729] GR3D_FREQ 99% cpu@53.656C soc2@52.5C soc0@52.906C gpu@53.468C tj@53.718C soc1@53.718C VDD_IN 7435mW/7724mW VDD_CPU_GPU_CV 2089mW/2254mW VDD_SOC 1697mW/1748mW",53.656,53.468,52.906,53.718,52.5,53.718,1789216061670323148
2.365,7.976,1.816,2807,"09-12-2026 13:27:42 RAM 2807/7620MB (lfb 9x4MB) SWAP 417/3810MB (cached 0MB) CPU [5%@729,7%@729,7%@729,5%@729,3%@1651,74%@1651] GR3D_FREQ 0% cpu@53.5C soc2@52.312C soc0@52.968C gpu@53.375C tj@53.843C soc1@53.843C VDD_IN 7976mW/7728mW VDD_CPU_GPU_CV 2365mW/2256mW VDD_SOC 1816mW/1750mW",53.5,53.375,52.968,53.843,52.312,53.843,1789216062675245498
2.168,7.502,1.697,2809,"09-12-2026 13:27:43 RAM 2809/7620MB (lfb 10x4MB) SWAP 417/3810MB (cached 0MB) CPU [15%@729,17%@729,12%@729,16%@729,11%@1728,78%@1728] GR3D_FREQ 0% cpu@53.625C soc2@52.25C soc0@53C gpu@53.406C tj@53.937C soc1@53.937C VDD_IN 7502mW/7724mW VDD_CPU_GPU_CV 2168mW/2255mW VDD_SOC 1697mW/1749mW",53.625,53.406,53.0,53.937,52.25,53.937,1789216063681198304
2.207,7.7,1.737,2814,"09-12-2026 13:27:44 RAM 2814/7620MB (lfb 10x4MB) SWAP 417/3810MB (cached 0MB) CPU [10%@1728,5%@1728,11%@1728,5%@1728,5%@1344,75%@1344] GR3D_FREQ 0% cpu@53.906C soc2@52.343C soc0@53.125C gpu@53.593C tj@53.906C soc1@53.781C VDD_IN 7700mW/7724mW VDD_CPU_GPU_CV 2207mW/2254mW VDD_SOC 1737mW/1749mW",53.906,53.593,53.125,53.781,52.343,53.906,1789216064688094002
2.207,7.621,1.737,2815,"09-12-2026 13:27:45 RAM 2815/7620MB (lfb 11x4MB) SWAP 417/3810MB (cached 0MB) CPU [14%@729,11%@729,12%@729,16%@729,12%@1728,78%@1728] GR3D_FREQ 0% cpu@53.625C soc2@52.5C soc0@52.968C gpu@53.625C tj@53.843C soc1@53.843C VDD_IN 7621mW/7722mW VDD_CPU_GPU_CV 2207mW/2253mW VDD_SOC 1737mW/1748mW",53.625,53.625,52.968,53.843,52.5,53.843,1789216065695669376
2.089,7.435,1.697,2815,"09-12-2026 13:27:46 RAM 2815/7620MB (lfb 11x4MB) SWAP 417/3810MB (cached 0MB) CPU [10%@729,11%@729,11%@729,11%@729,9%@1728,79%@1728] GR3D_FREQ 0% cpu@53.687C soc2@52.406C soc0@53.031C gpu@53.656C tj@53.906C soc1@53.906C VDD_IN 7435mW/7718mW VDD_CPU_GPU_CV 2089mW/2251mW VDD_SOC 1697mW/1748mW",53.687,53.656,53.031,53.906,52.406,53.906,1789216066701679625
2.597,8.252,1.813,2816,"09-12-2026 13:27:47 RAM 2816/7620MB (lfb 11x4MB) SWAP 417/3810MB (cached 0MB) CPU [11%@729,11%@729,4%@729,12%@729,7%@1728,79%@1728] GR3D_FREQ 99% cpu@53.812C soc2@52.656C soc0@53.25C gpu@53.75C tj@53.906C soc1@53.906C VDD_IN 8252mW/7726mW VDD_CPU_GPU_CV 2597mW/2256mW VDD_SOC 1813mW/1749mW",53.812,53.75,53.25,53.906,52.656,53.906,1789216067707696223
1.974,7.198,1.658,2816,"09-12-2026 13:27:48 RAM 2816/7620MB (lfb 11x4MB) SWAP 417/3810MB (cached 0MB) CPU [17%@1728,20%@1728,23%@1728,14%@1728,10%@1190,65%@1190] GR3D_FREQ 0% cpu@54.062C soc2@52.406C soc0@53.218C gpu@53.5C tj@53.875C soc1@53.812C VDD_IN 7198mW/7718mW VDD_CPU_GPU_CV 1974mW/2252mW VDD_SOC 1658mW/1747mW",54.062,53.5,53.218,53.812,52.406,53.875,1789216068713586716
2.558,8.292,1.813,2818,"09-12-2026 13:27:49 RAM 2818/7620MB (lfb 12x4MB) SWAP 417/3810MB (cached 0MB) CPU [6%@1728,73%@1728,12%@1728,7%@1728,1%@729,0%@729] GR3D_FREQ 99% cpu@54.062C soc2@52.75C soc0@53.156C gpu@53.875C tj@54.062C soc1@53.843C VDD_IN 8292mW/7726mW VDD_CPU_GPU_CV 2558mW/2256mW VDD_SOC 1813mW/1748mW",54.062,53.875,53.156,53.843,52.75,54.062,1789216069719000439
1.776,6.882,1.582,2819,"09-12-2026 13:27:50 RAM 2819/7620MB (lfb 12x4MB) SWAP 417/3810MB (cached 0MB) CPU [20%@1728,18%@1728,14%@1728,17%@1728,29%@1728,59%@1728] GR3D_FREQ 0% cpu@53.656C soc2@52.468C soc0@53.156C gpu@53.687C tj@54.062C soc1@54.062C VDD_IN 6882mW/7715mW VDD_CPU_GPU_CV 1776mW/2249mW VDD_SOC 1582mW/1746mW",53.656,53.687,53.156,54.062,52.468,54.062,1789216070724873673
2.676,8.41,1.813,2819,"09-12-2026 13:27:51 RAM 2819/7620MB (lfb 10x4MB) SWAP 417/3810MB (cached 0MB) CPU [2%@729,3%@729,5%@729,5%@729,0%@1728,76%@1728] GR3D_FREQ 31% cpu@53.687C soc2@52.625C soc0@53.281C gpu@53.968C tj@54.062C soc1@54.062C VDD_IN 8410mW/7724mW VDD_CPU_GPU_CV 2676mW/2255mW VDD_SOC 1813mW/1747mW",53.687,53.968,53.281,54.062,52.625,54.062,1789216071731891343
1.737,6.842,1.542,2819,"09-12-2026 13:27:52 RAM 2819/7620MB (lfb 10x4MB) SWAP 417/3810MB (cached 0MB) CPU [16%@1728,29%@1728,37%@1728,14%@1728,27%@729,38%@729] GR3D_FREQ 0% cpu@54.468C soc2@52.468C soc0@53.187C gpu@53.812C tj@54.468C soc1@53.968C VDD_IN 6842mW/7712mW VDD_CPU_GPU_CV 1737mW/2248mW VDD_SOC 1542mW/1744mW",54.468,53.812,53.187,53.968,52.468,54.468,1789216072737204902
2.676,8.41,1.813,2819,"09-12-2026 13:27:53 RAM 2819/7620MB (lfb 10x4MB) SWAP 417/3810MB (cached 0MB) CPU [3%@729,3%@1728,73%@1728,4%@1728,2%@1728,1%@1728] GR3D_FREQ 0% cpu@53.812C soc2@52.718C soc0@53.343C gpu@53.812C tj@54.031C soc1@54.031C VDD_IN 8410mW/7722mW VDD_CPU_GPU_CV 2676mW/2254mW VDD_SOC 1813mW/1745mW",53.812,53.812,53.343,54.031,52.718,54.031,1789216073743674742
2.326,7.66,1.658,2872,"09-12-2026 13:27:54 RAM 2872/7620MB (lfb 1x4MB) SWAP 417/3810MB (cached 0MB) CPU [21%@1728,20%@1728,19%@1728,59%@1728,18%@729,12%@729] GR3D_FREQ 0% cpu@54.062C soc2@52.625C soc0@53.218C gpu@53.781C tj@54.062C soc1@54C VDD_IN 7660mW/7721mW VDD_CPU_GPU_CV 2326mW/2255mW VDD_SOC 1658mW/1744mW",54.062,53.781,53.218,54.0,52.625,54.062,1789216074748763815
2.404,7.897,1.697,2821,"09-12-2026 13:27:55 RAM 2821/7620MB (lfb 11x4MB) SWAP 417/3810MB (cached 0MB) CPU [8%@1728,6%@1728,5%@1728,77%@1728,4%@729,7%@729] GR3D_FREQ 0% cpu@54.281C soc2@52.718C soc0@53.281C gpu@53.812C tj@54.281C soc1@54.125C VDD_IN 7897mW/7723mW VDD_CPU_GPU_CV 2404mW/2257mW VDD_SOC 1697mW/1743mW",54.281,53.812,53.281,54.125,52.718,54.281,1789216075754826343
2.404,7.818,1.697,2821,"09-12-2026 13:27:56 RAM 2821/7620MB (lfb 11x4MB) SWAP 417/3810MB (cached 0MB) CPU [13%@1728,12%@1728,22%@1728,15%@1728,12%@1728,66%@1728] GR3D_FREQ 55% cpu@54.031C soc2@52.906C soc0@53.375C gpu@54.125C tj@54.125C soc1@53.968C VDD_IN 7818mW/7724mW VDD_CPU_GPU_CV 2404mW/2259mW VDD_SOC 1697mW/1743mW",54.031,54.125,53.375,53.968,52.906,54.125,1789216076762992310
2.089,7.396,1.619,2820,"09-12-2026 13:27:57 RAM 2820/7620MB (lfb 11x4MB) SWAP 417/3810MB (cached 0MB) CPU [13%@1728,22%@1728,19%@1728,9%@1728,7%@729,53%@729] GR3D_FREQ 0% cpu@54.031C soc2@52.687C soc0@53.218C gpu@54C tj@54.093C soc1@54.093C VDD_IN 7396mW/7720mW VDD_CPU_GPU_CV 2089mW/2257mW VDD_SOC 1619mW/1741mW",54.031,54.0,53.218,54.093,52.687,54.093,1789216077767439734
2.637,8.252,1.774,2821,"09-12-2026 13:27:58 RAM 2821/7620MB (lfb 11x4MB) SWAP 417/3810MB (cached 0MB) CPU [10%@729,8%@1728,15%@1728,12%@1728,10%@1728,63%@1728] GR3D_FREQ 98% cpu@53.875C soc2@52.937C soc0@53.312C gpu@53.968C tj@54.125C soc1@54.125C VDD_IN 8252mW/7727mW VDD_CPU_GPU_CV 2637mW/2261mW VDD_SOC 1774mW/1741mW",53.875,53.968,53.312,54.125,52.937,54.125,1789216078774517845
1.934,7.079,1.582,2827,"09-12-2026 13:27:59 RAM 2827/7620MB (lfb 11x4MB) SWAP 417/3810MB (cached 0MB) CPU [18%@1344,13%@1344,12%@1344,19%@1344,19%@1728,65%@1728] GR3D_FREQ 0% cpu@53.937C soc2@52.718C soc0@53.281C gpu@53.718C tj@54.218C soc1@54.218C VDD_IN 7079mW/7719mW VDD_CPU_GPU_CV 1934mW/2257mW VDD_SOC 1582mW/1739mW",53.937,53.718,53.281,54.218,52.718,54.218,1789216079780171663
2.637,8.331,1.813,2828,"09-12-2026 13:28:00 RAM 2828/7620MB (lfb 12x4MB) SWAP 417/3810MB (cached 0MB) CPU [6%@729,8%@729,5%@729,5%@729,3%@1728,78%@1728] GR3D_FREQ 87% cpu@54C soc2@52.875C soc0@53.531C gpu@53.937C tj@54.062C soc1@54C VDD_IN 8331mW/7726mW VDD_CPU_GPU_CV 2637mW/2262mW VDD_SOC 1813mW/1740mW",54.0,53.937,53.531,54.0,52.875,54.062,1789216080786594827
1.816,6.921,1.582,2828,"09-12-2026 13:28:01 RAM 2828/7620MB (lfb 12x4MB) SWAP 417/3810MB (cached 0MB) CPU [22%@729,16%@1728,19%@1728,18%@1728,18%@1728,70%@1728] GR3D_FREQ 0% cpu@54.156C soc2@52.625C soc0@53.218C gpu@53.687C tj@54.156C soc1@54.093C VDD_IN 6921mW/7717mW VDD_CPU_GPU_CV 1816mW/2256mW VDD_SOC 1582mW/1738mW",54.156,53.687,53.218,54.093,52.625,54.156,1789216081792720960
2.755,8.515,1.852,2828,"09-12-2026 13:28:02 RAM 2828/7620MB (lfb 10x4MB) SWAP 417/3810MB (cached 0MB) CPU [1%@729,4%@729,2%@729,3%@729,3%@1728,77%@1728] GR3D_FREQ 99% cpu@53.781C soc2@53C soc0@53.437C gpu@53.968C tj@54.187C soc1@54.187C VDD_IN 8515mW/7726mW VDD_CPU_GPU_CV 2755mW/2262mW VDD_SOC 1852mW/1740mW",53.781,53.968,53.437,54.187,53.0,54.187,1789216082800662237
1.697,6.802,1.542,2828,"09-12-2026 13:28:03 RAM 2828/7620MB (lfb 10x4MB) SWAP 417/3810MB (cached 0MB) CPU [21%@729,15%@1728,19%@1728,18%@1728,26%@1728,68%@1728] GR3D_FREQ 0% cpu@54.093C soc2@52.625C soc0@53.343C gpu@53.75C tj@54.281C soc1@54.281C VDD_IN 6802mW/7715mW VDD_CPU_GPU_CV 1697mW/2256mW VDD_SOC 1542mW/1737mW",54.093,53.75,53.343,54.281,52.625,54.281,1789216083806261846
2.637,8.41,1.813,2828,"09-12-2026 13:28:04 RAM 2828/7620MB (lfb 12x4MB) SWAP 417/3810MB (cached 0MB) CPU [4%@729,6%@729,3%@1728,3%@1728,0%@1728,73%@1728] GR3D_FREQ 78% cpu@53.937C soc2@52.937C soc0@53.656C gpu@54.125C tj@54.125C soc1@54.093C VDD_IN 8410mW/7723mW VDD_CPU_GPU_CV 2637mW/2260mW VDD_SOC 1813mW/1738mW",53.937,54.125,53.656,54.093,52.937,54.125,1789216084812847593
2.168,7.502,1.658,2881,"09-12-2026 13:28:05 RAM 2881/7620MB (lfb 2x4MB) SWAP 417/3810MB (cached 0MB) CPU [23%@729,15%@729,16%@729,16%@729,21%@1728,68%@1728] GR3D_FREQ 95% cpu@53.687C soc2@53.25C soc0@53.437C gpu@53.968C tj@54.125C soc1@54.125C VDD_IN 7502mW/7721mW VDD_CPU_GPU_CV 2168mW/2259mW VDD_SOC 1658mW/1737mW",53.687,53.968,53.437,54.125,53.25,54.125,1789216085819156980
2.404,7.976,1.737,2829,"09-12-2026 13:28:06 RAM 2829/7620MB (lfb 10x4MB) SWAP 417/3810MB (cached 0MB) CPU [5%@1113,4%@1113,3%@1113,8%@1113,2%@1574,76%@1574] GR3D_FREQ 0% cpu@53.875C soc2@52.75C soc0@53.5C gpu@53.843C tj@54.281C soc1@54.281C VDD_IN 7976mW/7724mW VDD_CPU_GPU_CV 2404mW/2261mW VDD_SOC 1737mW/1737mW",53.875,53.843,53.5,54.281,52.75,54.281,1789216086825575688
2.168,7.475,1.619,2830,"09-12-2026 13:28:07 RAM 2830/7620MB (lfb 12x4MB) SWAP 417/3810MB (cached 0MB) CPU [17%@729,13%@729,15%@729,15%@729,12%@1728,79%@1728] GR3D_FREQ 0% cpu@54.062C soc2@52.656C soc0@53.406C gpu@53.906C tj@54.343C soc1@54.343C VDD_IN 7475mW/7721mW VDD_CPU_GPU_CV 2168mW/2260mW VDD_SOC 1619mW/1736mW",54.062,53.906,53.406,54.343,52.656,54.343,1789216087831842729
2.247,7.66,1.697,2830,"09-12-2026 13:28:08 RAM 2830/7620MB (lfb 12x4MB) SWAP 417/3810MB (cached 0MB) CPU [7%@1728,8%@1728,6%@1728,8%@1728,7%@1728,77%@1728] GR3D_FREQ 0% cpu@54.187C soc2@52.781C soc0@53.656C gpu@54C tj@54.187C soc1@54.125C VDD_IN 7660mW/7720mW VDD_CPU_GPU_CV 2247mW/2260mW VDD_SOC 1697mW/1736mW",54.187,54.0,53.656,54.125,52.781,54.187,1789216088838831105
2.444,7.937,1.697,2831,"09-12-2026 13:28:09 RAM 2831/7620MB (lfb 10x4MB) SWAP 417/3810MB (cached 0MB) CPU [13%@1728,15%@1728,10%@1728,13%@1728,10%@1728,76%@1728] GR3D_FREQ 99% cpu@53.875C soc2@52.875C soc0@53.562C gpu@54.156C tj@54.156C soc1@54.093C VDD_IN 7937mW/7723mW VDD_CPU_GPU_CV 2444mW/2262mW VDD_SOC 1697mW/1735mW",53.875,54.156,53.562,54.093,52.875,54.156,1789216089844095084
1.974,7.238,1.621,2832,"09-12-2026 13:28:10 RAM 2832/7620MB (lfb 10x4MB) SWAP 417/3810MB (cached 0MB) CPU [12%@729,11%@729,14%@729,12%@1728,6%@1651,77%@1651] GR3D_FREQ 0% cpu@54.093C soc2@52.75C soc0@53.437C gpu@54.093C tj@54.343C soc1@54.343C VDD_IN 7238mW/7717mW VDD_CPU_GPU_CV 1974mW/2259mW VDD_SOC 1621mW/1734mW",54.093,54.093,53.437,54.343,52.75,54.343,1789216090850510981
2.404,7.897,1.737,2832,"09-12-2026 13:28:11 RAM 2832/7620MB (lfb 12x4MB) SWAP 417/3810MB (cached 0MB) CPU [14%@1728,8%@1728,9%@1728,10%@1728,8%@1728,77%@1728] GR3D_FREQ 0% cpu@54.281C soc2@53.031C soc0@53.593C gpu@54.125C tj@54.281C soc1@54.218C VDD_IN 7897mW/7719mW VDD_CPU_GPU_CV 2404mW/2260mW VDD_SOC 1737mW/1734mW",54.281,54.125,53.593,54.218,53.031,54.281,1789216091857259113
1.895,7.04,1.582,2836,"09-12-2026 13:28:12 RAM 2836/7620MB (lfb 12x4MB) SWAP 417/3810MB (cached 0MB) CPU [16%@729,12%@729,12%@729,18%@729,11%@1574,78%@1574] GR3D_FREQ 0% cpu@54.062C soc2@52.906C soc0@53.625C gpu@53.937C tj@54.281C soc1@54.281C VDD_IN 7040mW/7712mW VDD_CPU_GPU_CV 1895mW/2256mW VDD_SOC 1582mW/1732mW",54.062,53.937,53.625,54.281,52.906,54.281,1789216092864660352
2.519,8.174,1.776,2839,"09-12-2026 13:28:13 RAM 2839/7620MB (lfb 11x4MB) SWAP 417/3810MB (cached 0MB) CPU [10%@1728,8%@1728,71%@1728,7%@1728,9%@729,4%@729] GR3D_FREQ 40% cpu@54.375C soc2@53.062C soc0@53.593C gpu@54.125C tj@54.375C soc1@54.375C VDD_IN 8174mW/7717mW VDD_CPU_GPU_CV 2519mW/2259mW VDD_SOC 1776mW/1733mW",54.375,54.125,53.593,54.375,53.062,54.375,1789216093869257999
1.895,7.04,1.582,2839,"09-12-2026 13:28:14 RAM 2839/7620MB (lfb 11x4MB) SWAP 417/3810MB (cached 0MB) CPU [16%@1728,18%@1728,51%@1728,39%@1728,11%@729,6%@729] GR3D_FREQ 0% cpu@54.531C soc2@52.906C soc0@53.531C gpu@54.156C tj@54.843C soc1@54.468C VDD_IN 7040mW/7710mW VDD_CPU_GPU_CV 1895mW/2255mW VDD_SOC 1582mW/1731mW",54.531,54.156,53.531,54.468,52.906,54.843,1789216094875089259
2.912,8.752,1.852,2839,"09-12-2026 13:28:15 RAM 2839/7620MB (lfb 10x4MB) SWAP 417/3810MB (cached 0MB) CPU [4%@1728,3%@1728,4%@1728,80%@1728,0%@729,0%@729] GR3D_FREQ 43% cpu@54.593C soc2@53.312C soc0@53.75C gpu@54.5C tj@54.593C soc1@54.375C VDD_IN 8752mW/7721mW VDD_CPU_GPU_CV 2912mW/2262mW VDD_SOC 1852mW/1733mW",54.593,54.5,53.75,54.375,53.312,54.593,1789216095880520630
1.737,6.842,1.582,2895,"09-12-2026 13:28:16 RAM 2895/7620MB (lfb 2x4MB) SWAP 417/3810MB (cached 0MB) CPU [22%@729,16%@729,16%@729,34%@729,9%@1728,58%@1728] GR3D_FREQ 0% cpu@54.593C soc2@52.843C soc0@53.656C gpu@54.125C tj@54.593C soc1@54.312C VDD_IN 6842mW/7712mW VDD_CPU_GPU_CV 1737mW/2257mW VDD_SOC 1582mW/1731mW",54.593,54.125,53.656,54.312,52.843,54.593,1789216096887141939
2.637,8.292,1.774,2839,"09-12-2026 13:28:17 RAM 2839/7620MB (lfb 10x4MB) SWAP 417/3810MB (cached 0MB) CPU [6%@1728,5%@1728,6%@1728,5%@1728,44%@1497,31%@1497] GR3D_FREQ 0% cpu@54.093C soc2@53.156C soc0@53.75C gpu@54.125C tj@54.437C soc1@54.437C VDD_IN 8292mW/7717mW VDD_CPU_GPU_CV 2637mW/2260mW VDD_SOC 1774mW/1731mW",54.093,54.125,53.75,54.437,53.156,54.437,1789216097893479617
2.326,7.581,1.658,2896,"09-12-2026 13:28:18 RAM 2896/7620MB (lfb 2x4MB) SWAP 417/3810MB (cached 0MB) CPU [21%@1728,17%@1728,11%@1728,15%@1728,13%@1728,78%@1728] GR3D_FREQ 0% cpu@54.218C soc2@53C soc0@53.718C gpu@54.125C tj@54.562C soc1@54.562C VDD_IN 7581mW/7716mW VDD_CPU_GPU_CV 2326mW/2261mW VDD_SOC 1658mW/1731mW",54.218,54.125,53.718,54.562,53.0,54.562,1789216098900007339
2.326,7.739,1.697,2840,"09-12-2026 13:28:19 RAM 2840/7620MB (lfb 10x4MB) SWAP 417/3810MB (cached 0MB) CPU [8%@729,11%@1728,7%@1728,6%@1728,3%@1420,77%@1420] GR3D_FREQ 0% cpu@54.343C soc2@52.937C soc0@53.75C gpu@54.281C tj@54.406C soc1@54.406C VDD_IN 7739mW/7716mW VDD_CPU_GPU_CV 2326mW/2262mW VDD_SOC 1697mW/1730mW",54.343,54.281,53.75,54.406,52.937,54.406,1789216099906774384
2.444,7.897,1.697,2841,"09-12-2026 13:28:20 RAM 2841/7620MB (lfb 10x4MB) SWAP 417/3810MB (cached 0MB) CPU [10%@1728,16%@1728,9%@1728,11%@1728,12%@1728,79%@1728] GR3D_FREQ 53% cpu@54.437C soc2@53.156C soc0@53.687C gpu@54.5C tj@54.5C soc1@54.5C VDD_IN 7897mW/7718mW VDD_CPU_GPU_CV 2444mW/2264mW VDD_SOC 1697mW/1730mW",54.437,54.5,53.687,54.5,53.156,54.5,1789216100912914801
2.089,7.356,1.619,2841,"09-12-2026 13:28:21 RAM 2841/7620MB (lfb 10x4MB) SWAP 417/3810MB (cached 0MB) CPU [10%@729,7%@729,13%@729,9%@729,8%@1728,79%@1728] GR3D_FREQ 0% cpu@54.406C soc2@53.093C soc0@53.593C gpu@54.25C tj@54.625C soc1@54.625C VDD_IN 7356mW/7715mW VDD_CPU_GPU_CV 2089mW/2262mW VDD_SOC 1619mW/1729mW",54.406,54.25,53.593,54.625,53.093,54.625,1789216101919249333
2.558,8.174,1.774,2841,"09-12-2026 13:28:22 RAM 2841/7620MB (lfb 10x4MB) SWAP 417/3810MB (cached 0MB) CPU [12%@729,10%@729,9%@729,6%@729,5%@1728,78%@1728] GR3D_FREQ 23% cpu@54.406C soc2@53.25C soc0@53.843C gpu@54.343C tj@54.406C soc1@54.406C VDD_IN 8174mW/7719mW VDD_CPU_GPU_CV 2558mW/2265mW VDD_SOC 1774mW/1729mW",54.406,54.343,53.843,54.406,53.25,54.406,1789216102926888396
1.895,7.079,1.582,2841,"09-12-2026 13:28:23 RAM 2841/7620MB (lfb 10x4MB) SWAP 417/3810MB (cached 0MB) CPU [18%@729,13%@729,15%@1728,14%@1728,13%@1728,74%@1728] GR3D_FREQ 0% cpu@54.562C soc2@53C soc0@53.781C gpu@54.125C tj@54.562C soc1@54.5C VDD_IN 7079mW/7713mW VDD_CPU_GPU_CV 1895mW/2261mW VDD_SOC 1582mW/1728mW",54.562,54.125,53.781,54.5,53.0,54.562,1789216103932801992
2.558,8.213,1.774,2839,"09-12-2026 13:28:24 RAM 2839/7620MB (lfb 10x4MB) SWAP 417/3810MB (cached 0MB) CPU [9%@729,7%@729,6%@729,9%@1728,3%@1728,77%@1728] GR3D_FREQ 37% cpu@54.156C soc2@53.187C soc0@53.781C gpu@54.5C tj@54.5C soc1@54.468C VDD_IN 8213mW/7718mW VDD_CPU_GPU_CV 2558mW/2264mW VDD_SOC 1774mW/1728mW",54.156,54.5,53.781,54.468,53.187,54.5,1789216104939129188
1.855,6.961,1.582,2839,"09-12-2026 13:28:25 RAM 2839/7620MB (lfb 10x4MB) SWAP 417/3810MB (cached 0MB) CPU [17%@1728,16%@1728,15%@1728,19%@1728,38%@1651,47%@1651] GR3D_FREQ 0% cpu@54.656C soc2@53.062C soc0@53.718C gpu@54.281C tj@54.656C soc1@54.562C VDD_IN 6961mW/7711mW VDD_CPU_GPU_CV 1855mW/2260mW VDD_SOC 1582mW/1727mW",54.656,54.281,53.718,54.562,53.062,54.656,1789216105945482527
2.676,8.45,1.813,2842,"09-12-2026 13:28:26 RAM 2842/7620MB (lfb 9x4MB) SWAP 417/3810MB (cached 0MB) CPU [5%@1728,43%@1728,3%@1728,4%@1728,34%@729,0%@729] GR3D_FREQ 34% cpu@54.531C soc2@53.25C soc0@53.875C gpu@54.531C tj@54.593C soc1@54.593C VDD_IN 8450mW/7717mW VDD_CPU_GPU_CV 2676mW/2264mW VDD_SOC 1813mW/1728mW",54.531,54.531,53.875,54.593,53.25,54.593,1789216106950675310
1.737,6.802,1.542,2843,"09-12-2026 13:28:27 RAM 2843/7620MB (lfb 9x4MB) SWAP 417/3810MB (cached 0MB) CPU [22%@729,22%@729,17%@729,17%@729,25%@1728,61%@1728] GR3D_FREQ 0% cpu@54.562C soc2@52.906C soc0@53.781C gpu@54.125C tj@54.562C soc1@54.562C VDD_IN 6802mW/7709mW VDD_CPU_GPU_CV 1737mW/2259mW VDD_SOC 1542mW/1726mW",54.562,54.125,53.781,54.562,52.906,54.562,1789216107958355863
2.715,8.45,1.813,2843,"09-12-2026 13:28:28 RAM 2843/7620MB (lfb 9x4MB) SWAP 417/3810MB (cached 0MB) CPU [1%@1728,4%@1728,4%@1728,4%@1728,3%@1728,74%@1728] GR3D_FREQ 0% cpu@54.406C soc2@53.25C soc0@53.812C gpu@54.375C tj@54.531C soc1@54.531C VDD_IN 8450mW/7716mW VDD_CPU_GPU_CV 2715mW/2263mW VDD_SOC 1813mW/1727mW",54.406,54.375,53.812,54.531,53.25,54.531,1789216108963941865
2.326,7.7,1.658,2900,"09-12-2026 13:28:29 RAM 2900/7620MB (lfb 2x4MB) SWAP 417/3810MB (cached 0MB) CPU [24%@1728,16%@1728,20%@1728,51%@1728,9%@729,29%@729] GR3D_FREQ 0% cpu@54.718C soc2@53.25C soc0@53.718C gpu@54.25C tj@54.718C soc1@54.562C VDD_IN 7700mW/7716mW VDD_CPU_GPU_CV 2326mW/2264mW VDD_SOC 1658mW/1726mW",54.718,54.25,53.718,54.562,53.25,54.718,1789216109969519546
2.444,7.937,1.697,2852,"09-12-2026 13:28:30 RAM 2852/7620MB (lfb 10x4MB) SWAP 417/3810MB (cached 0MB) CPU [72%@1728,7%@1728,10%@1728,15%@1728,2%@729,2%@729] GR3D_FREQ 0% cpu@54.75C soc2@53.218C soc0@53.781C gpu@54.562C tj@54.75C soc1@54.468C VDD_IN 7937mW/7718mW VDD_CPU_GPU_CV 2444mW/2265mW VDD_SOC 1697mW/1726mW",54.75,54.562,53.781,54.468,53.218,54.75,1789216110975907839
2.128,7.435,1.658,2905,"09-12-2026 13:28:31 RAM 2905/7620MB (lfb 1x4MB) SWAP 417/3810MB (cached 0MB) CPU [12%@806,11%@806,83%@806,15%@1728,10%@729,5%@729] GR3D_FREQ 99% cpu@54.25C soc2@53.406C soc0@53.875C gpu@54.562C tj@54.562C soc1@54.437C VDD_IN 7435mW/7715mW VDD_CPU_GPU_CV 2128mW/2264mW VDD_SOC 1658mW/1725mW",54.25,54.562,53.875,54.437,53.406,54.562,1789216111982496573
2.483,8.055,1.737,2852,"09-12-2026 13:28:32 RAM 2852/7620MB (lfb 11x4MB) SWAP 417/3810MB (cached 0MB) CPU [6%@1651,2%@1651,78%@1651,5%@1651,4%@1190,6%@1190] GR3D_FREQ 0% cpu@54.531C soc2@53.187C soc0@53.687C gpu@54.218C tj@54.531C soc1@54.437C VDD_IN 8055mW/7718mW VDD_CPU_GPU_CV 2483mW/2266mW VDD_SOC 1737mW/1726mW",54.531,54.218,53.687,54.437,53.187,54.531,1789216112988299712
2.365,7.7,1.658,2853,"09-12-2026 13:28:33 RAM 2853/7620MB (lfb 11x4MB) SWAP 417/3810MB (cached 0MB) CPU [16%@1728,13%@1728,32%@1728,11%@1728,9%@1728,61%@1728] GR3D_FREQ 91% cpu@54.25C soc2@53.218C soc0@53.781C gpu@54.312C tj@54.656C soc1@54.656C VDD_IN 7700mW/7718mW VDD_CPU_GPU_CV 2365mW/2267mW VDD_SOC 1658mW/1725mW",54.25,54.312,53.781,54.656,53.218,54.656,1789216113995048722
2.168,7.502,1.658,2859,"09-12-2026 13:28:34 RAM 2859/7620MB (lfb 11x4MB) SWAP 417/3810MB (cached 0MB) CPU [13%@729,6%@1728,9%@1728,11%@1728,6%@1728,78%@1728] GR3D_FREQ 0% cpu@54.468C soc2@53.093C soc0@53.843C gpu@54.312C tj@54.5C soc1@54.5C VDD_IN 7502mW/7716mW VDD_CPU_GPU_CV 2168mW/2266mW VDD_SOC 1658mW/1724mW",54.468,54.312,53.843,54.5,53.093,54.5,1789216115001178122
2.444,7.937,1.737,2860,"09-12-2026 13:28:36 RAM 2860/7620MB (lfb 11x4MB) SWAP 417/3810MB (cached 0MB) CPU [12%@729,7%@729,15%@729,15%@729,7%@1728,78%@1728] GR3D_FREQ 96% cpu@54.437C soc2@53.25C soc0@53.875C gpu@54.312C tj@54.531C soc1@54.531C VDD_IN 7937mW/7718mW VDD_CPU_GPU_CV 2444mW/2268mW VDD_SOC 1737mW/1725mW",54.437,54.312,53.875,54.531,53.25,54.531,1789216116006646115
2.128,7.356,1.619,2866,"09-12-2026 13:28:37 RAM 2866/7620MB (lfb 11x4MB) SWAP 417/3810MB (cached 0MB) CPU [13%@1344,13%@1344,14%@1344,37%@1344,6%@1574,48%@1574] GR3D_FREQ 0% cpu@54.625C soc2@53.125C soc0@53.687C gpu@54.125C tj@54.531C soc1@54.5C VDD_IN 7356mW/7715mW VDD_CPU_GPU_CV 2128mW/2266mW VDD_SOC 1619mW/1724mW",54.625,54.125,53.687,54.5,53.125,54.531,1789216117013455192
2.597,8.292,1.774,2867,"09-12-2026 13:28:38 RAM 2867/7620MB (lfb 11x4MB) SWAP 417/3810MB (cached 0MB) CPU [7%@1728,3%@1728,7%@1728,74%@1728,7%@729,9%@729] GR3D_FREQ 99% cpu@54.375C soc2@53.343C soc0@53.875C gpu@54.312C tj@54.562C soc1@54.562C VDD_IN 8292mW/7720mW VDD_CPU_GPU_CV 2597mW/2269mW VDD_SOC 1774mW/1724mW",54.375,54.312,53.875,54.562,53.343,54.562,1789216118018966659
1.974,7.079,1.582,2867,"09-12-2026 13:28:39 RAM 2867/7620MB (lfb 11x4MB) SWAP 417/3810MB (cached 0MB) CPU [19%@1728,22%@1728,14%@1728,66%@1728,10%@729,14%@729] GR3D_FREQ 0% cpu@54.718C soc2@53.125C soc0@53.718C gpu@54.125C tj@54.843C soc1@54.656C VDD_IN 7079mW/7714mW VDD_CPU_GPU_CV 1974mW/2267mW VDD_SOC 1582mW/1723mW",54.718,54.125,53.718,54.656,53.125,54.843,1789216119024671360
2.676,8.397,1.813,2868,"09-12-2026 13:28:40 RAM 2868/7620MB (lfb 11x4MB) SWAP 417/3810MB (cached 0MB) CPU [1%@1728,2%@1728,2%@1728,76%@1728,6%@729,5%@729] GR3D_FREQ 0% cpu@54.593C soc2@53.312C soc0@53.875C gpu@54.437C tj@54.593C soc1@54.5C VDD_IN 8397mW/7720mW VDD_CPU_GPU_CV 2676mW/2270mW VDD_SOC 1813mW/1724mW",54.593,54.437,53.875,54.5,53.312,54.593,1789216120031773220
1.816,6.921,1.582,2903,"09-12-2026 13:28:41 RAM 2903/7620MB (lfb 3x4MB) SWAP 417/3810MB (cached 0MB) CPU [27%@729,14%@729,16%@729,35%@729,14%@1728,51%@1728] GR3D_FREQ 0% cpu@54.656C soc2@52.968C soc0@53.625C gpu@54.25C tj@54.656C soc1@54.468C VDD_IN 6921mW/7713mW VDD_CPU_GPU_CV 1816mW/2266mW VDD_SOC 1582mW/1722mW",54.656,54.25,53.625,54.468,52.968,54.656,1789216121036976766
2.637,8.371,1.813,2867,"09-12-2026 13:28:42 RAM 2867/7620MB (lfb 11x4MB) SWAP 417/3810MB (cached 0MB) CPU [5%@729,4%@729,4%@729,3%@729,1%@1728,72%@1728] GR3D_FREQ 0% cpu@54.156C soc2@53.156C soc0@53.812C gpu@54.312C tj@54.625C soc1@54.625C VDD_IN 8371mW/7719mW VDD_CPU_GPU_CV 2637mW/2269mW VDD_SOC 1813mW/1723mW",54.156,54.312,53.812,54.625,53.156,54.625,1789216122046770055
2.326,7.7,1.658,2923,"09-12-2026 13:28:43 RAM 2923/7620MB (lfb 2x4MB) SWAP 417/3810MB (cached 0MB) CPU [15%@1728,15%@1728,14%@1728,19%@1728,15%@1728,76%@1728] GR3D_FREQ 0% cpu@54.375C soc2@53.156C soc0@53.968C gpu@54.218C tj@54.437C soc1@54.437C VDD_IN 7700mW/7719mW VDD_CPU_GPU_CV 2326mW/2270mW VDD_SOC 1658mW/1723mW",54.375,54.218,53.968,54.437,53.156,54.437,1789216123053017524
2.444,7.897,1.737,2875,"09-12-2026 13:28:44 RAM 2875/7620MB (lfb 10x4MB) SWAP 417/3810MB (cached 0MB) CPU [9%@729,7%@729,6%@729,8%@729,8%@1728,76%@1728] GR3D_FREQ 0% cpu@54.812C soc2@53.187C soc0@53.75C gpu@54.343C tj@54.812C soc1@54.5C VDD_IN 7897mW/7720mW VDD_CPU_GPU_CV 2444mW/2271mW VDD_SOC 1737mW/1723mW",54.812,54.343,53.75,54.5,53.187,54.812,1789216124059867628
2.326,7.7,1.658,2877,"09-12-2026 13:28:45 RAM 2877/7620MB (lfb 12x4MB) SWAP 417/3810MB (cached 0MB) CPU [17%@729,11%@729,11%@729,16%@729,10%@1728,77%@1728] GR3D_FREQ 2% cpu@54.093C soc2@53.343C soc0@53.781C gpu@54.437C tj@54.5C soc1@54.5C VDD_IN 7700mW/7720mW VDD_CPU_GPU_CV 2326mW/2272mW VDD_SOC 1658mW/1722mW",54.093,54.437,53.781,54.5,53.343,54.5,1789216125065617073
2.01,7.317,1.658,2877,"09-12-2026 13:28:46 RAM 2877/7620MB (lfb 12x4MB) SWAP 417/3810MB (cached 0MB) CPU [10%@729,8%@729,8%@729,11%@1728,6%@1574,77%@1574] GR3D_FREQ 0% cpu@54.375C soc2@53.093C soc0@53.781C gpu@54.125C tj@54.656C soc1@54.656C VDD_IN 7317mW/7717mW VDD_CPU_GPU_CV 2010mW/2270mW VDD_SOC 1658mW/1722mW",54.375,54.125,53.781,54.656,53.093,54.656,1789216126073356973
2.365,7.858,1.697,2877,"09-12-2026 13:28:47 RAM 2877/7620MB (lfb 12x4MB) SWAP 417/3810MB (cached 0MB) CPU [15%@729,10%@729,9%@729,13%@729,8%@1728,79%@1728] GR3D_FREQ 36% cpu@54.468C soc2@53.187C soc0@53.875C gpu@54.281C tj@54.468C soc1@54.468C VDD_IN 7858mW/7718mW VDD_CPU_GPU_CV 2365mW/2270mW VDD_SOC 1697mW/1722mW",54.468,54.281,53.875,54.468,53.187,54.468,1789216127079512530
2.01,7.238,1.619,2877,"09-12-2026 13:28:48 RAM 2877/7620MB (lfb 12x4MB) SWAP 417/3810MB (cached 0MB) CPU [14%@729,14%@729,9%@729,11%@729,10%@1651,76%@1651] GR3D_FREQ 0% cpu@54.531C soc2@53.125C soc0@53.75C gpu@54.062C tj@54.531C soc1@54.531C VDD_IN 7238mW/7714mW VDD_CPU_GPU_CV 2010mW/2268mW VDD_SOC 1619mW/1721mW",54.531,54.062,53.75,54.531,53.125,54.531,1789216128084922490
2.558,8.174,1.774,2878,"09-12-2026 13:28:49 RAM 2878/7620MB (lfb 12x4MB) SWAP 417/3810MB (cached 0MB) CPU [9%@729,10%@729,3%@729,12%@729,5%@1728,79%@1728] GR3D_FREQ 8% cpu@54.25C soc2@53.25C soc0@53.75C gpu@54.468C tj@54.562C soc1@54.562C VDD_IN 8174mW/7718mW VDD_CPU_GPU_CV 2558mW/2271mW VDD_SOC 1774mW/1721mW",54.25,54.468,53.75,54.562,53.25,54.562,1789216129090779208
1.895,7.04,1.582,2878,"09-12-2026 13:28:50 RAM 2878/7620MB (lfb 12x4MB) SWAP 417/3810MB (cached 0MB) CPU [16%@729,9%@729,15%@729,18%@729,15%@1728,78%@1728] GR3D_FREQ 0% cpu@54.437C soc2@53C soc0@53.656C gpu@54.312C tj@54.718C soc1@54.718C VDD_IN 7040mW/7713mW VDD_CPU_GPU_CV 1895mW/2268mW VDD_SOC 1582mW/1720mW",54.437,54.312,53.656,54.718,53.0,54.718,1789216130097086769
2.519,8.213,1.774,2878,"09-12-2026 13:28:51 RAM 2878/7620MB (lfb 12x4MB) SWAP 417/3810MB (cached 0MB) CPU [6%@729,5%@729,5%@729,6%@729,4%@1651,73%@1651] GR3D_FREQ 2% cpu@54.406C soc2@53.25C soc0@53.875C gpu@54.531C tj@54.531C soc1@54.468C VDD_IN 8213mW/7716mW VDD_CPU_GPU_CV 2519mW/2270mW VDD_SOC 1774mW/1721mW",54.406,54.531,53.875,54.468,53.25,54.531,1789216131102806589
1.737,6.802,1.542,2878,"09-12-2026 13:28:52 RAM 2878/7620MB (lfb 12x4MB) SWAP 417/3810MB (cached 0MB) CPU [24%@1728,15%@1728,16%@1728,13%@1728,14%@1728,80%@1728] GR3D_FREQ 0% cpu@54.312C soc2@53.031C soc0@53.656C gpu@54.093C tj@54.562C soc1@54.562C VDD_IN 6802mW/7709mW VDD_CPU_GPU_CV 1737mW/2266mW VDD_SOC 1542mW/1719mW",54.312,54.093,53.656,54.562,53.031,54.562,1789216132110117672
2.597,8.331,1.813,2878,"09-12-2026 13:28:53 RAM 2878/7620MB (lfb 12x4MB) SWAP 417/3810MB (cached 0MB) CPU [2%@729,3%@729,3%@729,2%@729,3%@1728,77%@1728] GR3D_FREQ 58% cpu@54.343C soc2@53.312C soc0@53.843C gpu@54.312C tj@54.562C soc1@54.562C VDD_IN 8331mW/7714mW VDD_CPU_GPU_CV 2597mW/2268mW VDD_SOC 1813mW/1720mW",54.343,54.312,53.843,54.562,53.312,54.562,1789216133115574074
1.697,6.802,1.542,2876,"09-12-2026 13:28:54 RAM 2876/7620MB (lfb 12x4MB) SWAP 417/3810MB (cached 0MB) CPU [21%@729,18%@729,16%@729,19%@729,16%@1728,74%@1728] GR3D_FREQ 0% cpu@54.593C soc2@52.968C soc0@53.75C gpu@54.125C tj@54.687C soc1@54.687C VDD_IN 6802mW/7707mW VDD_CPU_GPU_CV 1697mW/2264mW VDD_SOC 1542mW/1719mW",54.593,54.125,53.75,54.687,52.968,54.687,1789216134121667802
2.794,8.594,1.852,2876,"09-12-2026 13:28:55 RAM 2876/7620MB (lfb 12x4MB) SWAP 417/3810MB (cached 0MB) CPU [4%@1728,3%@1728,4%@1728,2%@1728,0%@1497,73%@1497] GR3D_FREQ 99% cpu@54.5C soc2@53.281C soc0@54.031C gpu@54.593C tj@54.593C soc1@54.468C VDD_IN 8594mW/7714mW VDD_CPU_GPU_CV 2794mW/2268mW VDD_SOC 1852mW/1720mW",54.5,54.593,54.031,54.468,53.281,54.593,1789216135128666543
2.01,7.277,1.619,2930,"09-12-2026 13:28:56 RAM 2930/7620MB (lfb 2x4MB) SWAP 417/3810MB (cached 0MB) CPU [20%@1728,18%@1728,17%@1728,14%@1728,36%@729,59%@729] GR3D_FREQ 99% cpu@54.031C soc2@53.625C soc0@53.718C gpu@54.25C tj@54.5C soc1@54.5C VDD_IN 7277mW/7711mW VDD_CPU_GPU_CV 2010mW/2266mW VDD_SOC 1619mW/1719mW",54.031,54.25,53.718,54.5,53.625,54.5,1789216136136473889
2.444,8.016,1.776,2878,"09-12-2026 13:28:57 RAM 2878/7620MB (lfb 13x4MB) SWAP 417/3810MB (cached 0MB) CPU [7%@729,4%@729,4%@729,5%@729,72%@1497,5%@1497] GR3D_FREQ 0% cpu@54.343C soc2@53.125C soc0@53.875C gpu@54.25C tj@54.656C soc1@54.656C VDD_IN 8016mW/7713mW VDD_CPU_GPU_CV 2444mW/2267mW VDD_SOC 1776mW/1719mW",54.343,54.25,53.875,54.656,53.125,54.656,1789216137142939988
2.247,7.542,1.619,2878,"09-12-2026 13:28:58 RAM 2878/7620MB (lfb 11x4MB) SWAP 417/3810MB (cached 0MB) CPU [19%@729,11%@729,16%@729,15%@729,20%@1728,67%@1728] GR3D_FREQ 0% cpu@54.437C soc2@53.125C soc0@53.843C gpu@54.437C tj@54.531C soc1@54.531C VDD_IN 7542mW/7712mW VDD_CPU_GPU_CV 2247mW/2267mW VDD_SOC 1619mW/1718mW",54.437,54.437,53.843,54.531,53.125,54.531,1789216138149519781
2.286,7.739,1.697,2878,"09-12-2026 13:28:59 RAM 2878/7620MB (lfb 11x4MB) SWAP 417/3810MB (cached 0MB) CPU [8%@729,7%@729,10%@729,8%@729,5%@1420,76%@1420] GR3D_FREQ 0% cpu@54.343C soc2@53.187C soc0@53.75C gpu@54.5C tj@54.562C soc1@54.562C VDD_IN 7739mW/7712mW VDD_CPU_GPU_CV 2286mW/2267mW VDD_SOC 1697mW/1718mW",54.343,54.5,53.75,54.562,53.187,54.562,1789216139156718484
2.444,7.858,1.697,2878,"09-12-2026 13:29:00 RAM 2878/7620MB (lfb 13x4MB) SWAP 417/3810MB (cached 0MB) CPU [18%@729,16%@729,10%@729,11%@729,10%@1728,79%@1728] GR3D_FREQ 24% cpu@54.281C soc2@53.437C soc0@53.812C gpu@54.656C tj@54.656C soc1@54.562C VDD_IN 7858mW/7713mW VDD_CPU_GPU_CV 2444mW/2268mW VDD_SOC 1697mW/1718mW",54.281,54.656,53.812,54.562,53.437,54.656,1789216140161960808
2.089,7.356,1.619,2879,"09-12-2026 13:29:01 RAM 2879/7620MB (lfb 13x4MB) SWAP 417/3810MB (cached 0MB) CPU [14%@729,8%@729,10%@1728,11%@1728,16%@1728,68%@1728] GR3D_FREQ 0% cpu@54.5C soc2@53.093C soc0@53.812C gpu@54.281C tj@54.656C soc1@54.656C VDD_IN 7356mW/7710mW VDD_CPU_GPU_CV 2089mW/2267mW VDD_SOC 1619mW/1717mW",54.5,54.281,53.812,54.656,53.093,54.656,1789216141168380713
2.404,7.937,1.737,2877,"09-12-2026 13:29:02 RAM 2877/7620MB (lfb 12x4MB) SWAP 417/3810MB (cached 0MB) CPU [13%@1728,7%@1728,10%@1728,10%@1728,9%@1728,78%@1728] GR3D_FREQ 0% cpu@54.531C soc2@53.25C soc0@53.875C gpu@54.375C tj@54.562C soc1@54.562C VDD_IN 7937mW/7712mW VDD_CPU_GPU_CV 2404mW/2268mW VDD_SOC 1737mW/1718mW",54.531,54.375,53.875,54.562,53.25,54.562,1789216142175879518
1.934,7.119,1.579,2877,"09-12-2026 13:29:03 RAM 2877/7620MB (lfb 12x4MB) SWAP 417/3810MB (cached 0MB) CPU [18%@729,11%@729,14%@729,13%@729,11%@1497,77%@1497] GR3D_FREQ 0% cpu@54.437C soc2@53.093C soc0@53.625C gpu@54.281C tj@54.562C soc1@54.562C VDD_IN 7119mW/7708mW VDD_CPU_GPU_CV 1934mW/2266mW VDD_SOC 1579mW/1717mW",54.437,54.281,53.625,54.562,53.093,54.562,1789216143182327104
2.519,8.174,1.776,2878,"09-12-2026 13:29:04 RAM 2878/7620MB (lfb 12x4MB) SWAP 417/3810MB (cached 0MB) CPU [6%@729,8%@729,7%@729,7%@729,8%@1728,72%@1728] GR3D_FREQ 37% cpu@54.187C soc2@53.093C soc0@53.875C gpu@54.625C tj@54.625C soc1@54.593C VDD_IN 8174mW/7711mW VDD_CPU_GPU_CV 2519mW/2268mW VDD_SOC 1776mW/1717mW",54.187,54.625,53.875,54.593,53.093,54.625,1789216144188234064
1.816,6.921,1.582,2878,"09-12-2026 13:29:05 RAM 2878/7620MB (lfb 12x4MB) SWAP 417/3810MB (cached 0MB) CPU [21%@1728,14%@1728,17%@1728,16%@1728,18%@1497,74%@1497] GR3D_FREQ 0% cpu@54.375C soc2@53.062C soc0@53.718C gpu@54.437C tj@54.531C soc1@54.531C VDD_IN 6921mW/7706mW VDD_CPU_GPU_CV 1816mW/2265mW VDD_SOC 1582mW/1716mW",54.375,54.437,53.718,54.531,53.062,54.531,1789216145194410911
2.637,8.371,1.813,2878,"09-12-2026 13:29:06 RAM 2878/7620MB (lfb 12x4MB) SWAP 417/3810MB (cached 0MB) CPU [5%@729,5%@729,4%@729,3%@729,0%@1728,77%@1728] GR3D_FREQ 8% cpu@54.468C soc2@53.218C soc0@54.031C gpu@54.375C tj@54.531C soc1@54.531C VDD_IN 8371mW/7710mW VDD_CPU_GPU_CV 2637mW/2267mW VDD_SOC 1813mW/1717mW",54.468,54.375,54.031,54.531,53.218,54.531,1789216146200952565
1.776,6.882,1.542,2885,"09-12-2026 13:29:07 RAM 2885/7620MB (lfb 12x4MB) SWAP 417/3810MB (cached 0MB) CPU [32%@729,21%@729,16%@729,16%@729,20%@1728,59%@1728] GR3D_FREQ 0% cpu@54.5C soc2@53.031C soc0@53.656C gpu@54.218C tj@54.593C soc1@54.593C VDD_IN 6882mW/7705mW VDD_CPU_GPU_CV 1776mW/2264mW VDD_SOC 1542mW/1716mW",54.5,54.218,53.656,54.593,53.031,54.593,1789216147208206002
2.676,8.476,1.813,2885,"09-12-2026 13:29:08 RAM 2885/7620MB (lfb 13x4MB) SWAP 417/3810MB (cached 0MB) CPU [3%@729,3%@729,4%@729,3%@729,0%@1728,73%@1728] GR3D_FREQ 78% cpu@54.218C soc2@53.218C soc0@53.875C gpu@54.281C tj@54.562C soc1@54.562C VDD_IN 8476mW/7710mW VDD_CPU_GPU_CV 2676mW/2266mW VDD_SOC 1813mW/1716mW",54.218,54.281,53.875,54.562,53.218,54.562,1789216148213862020
2.089,7.396,1.658,2938,"09-12-2026 13:29:09 RAM 2938/7620MB (lfb 1x4MB) SWAP 417/3810MB (cached 0MB) CPU [20%@729,18%@729,13%@729,17%@729,25%@1728,68%@1728] GR3D_FREQ 99% cpu@54.156C soc2@53.687C soc0@53.875C gpu@54.187C tj@54.531C soc1@54.531C VDD_IN 7396mW/7708mW VDD_CPU_GPU_CV 2089mW/2265mW VDD_SOC 1658mW/1716mW",54.156,54.187,53.875,54.531,53.687,54.531,1789216149220521755
2.519,8.095,1.737,2886,"09-12-2026 13:29:10 RAM 2886/7620MB (lfb 11x4MB) SWAP 417/3810MB (cached 0MB) CPU [10%@1728,10%@1728,8%@1728,5%@1728,5%@1420,78%@1420] GR3D_FREQ 0% cpu@54.656C soc2@53.25C soc0@53.843C gpu@54.187C tj@54.656C soc1@54.5C VDD_IN 8095mW/7710mW VDD_CPU_GPU_CV 2519mW/2267mW VDD_SOC 1737mW/1716mW",54.656,54.187,53.843,54.5,53.25,54.656,1789216150226642249
2.247,7.581,1.658,2886,"09-12-2026 13:29:11 RAM 2886/7620MB (lfb 13x4MB) SWAP 417/3810MB (cached 0MB) CPU [13%@729,11%@729,11%@729,13%@729,16%@1728,81%@1728] GR3D_FREQ 73% cpu@54.312C soc2@53.187C soc0@53.781C gpu@54.437C tj@54.625C soc1@54.625C VDD_IN 7581mW/7709mW VDD_CPU_GPU_CV 2247mW/2267mW VDD_SOC 1658mW/1716mW",54.312,54.437,53.781,54.625,53.187,54.625,1789216151233148398
2.207,7.542,1.658,2886,"09-12-2026 13:29:12 RAM 2886/7620MB (lfb 13x4MB) SWAP 417/3810MB (cached 0MB) CPU [8%@1728,9%@1728,13%@1728,9%@1728,7%@1574,76%@1574] GR3D_FREQ 0% cpu@54.375C soc2@53.093C soc0@53.812C gpu@54.281C tj@54.718C soc1@54.718C VDD_IN 7542mW/7708mW VDD_CPU_GPU_CV 2207mW/2266mW VDD_SOC 1658mW/1715mW",54.375,54.281,53.812,54.718,53.093,54.718,1789216152241123733
2.483,7.976,1.737,2887,"09-12-2026 13:29:13 RAM 2887/7620MB (lfb 11x4MB) SWAP 417/3810MB (cached 0MB) CPU [9%@729,7%@1728,13%@1728,12%@1728,12%@1728,78%@1728] GR3D_FREQ 49% cpu@54.593C soc2@53.343C soc0@53.906C gpu@54.375C tj@54.593C soc1@54.562C VDD_IN 7976mW/7710mW VDD_CPU_GPU_CV 2483mW/2268mW VDD_SOC 1737mW/1715mW",54.593,54.375,53.906,54.562,53.343,54.593,1789216153246584983
1.971,7.198,1.619,2887,"09-12-2026 13:29:14 RAM 2887/7620MB (lfb 11x4MB) SWAP 417/3810MB (cached 0MB) CPU [16%@729,10%@729,11%@729,11%@1728,9%@1420,77%@1420] GR3D_FREQ 0% cpu@54.218C soc2@53.156C soc0@53.75C gpu@54.187C tj@54.468C soc1@54.468C VDD_IN 7198mW/7707mW VDD_CPU_GPU_CV 1971mW/2266mW VDD_SOC 1619mW/1715mW",54.218,54.187,53.75,54.468,53.156,54.468,1789216154252802460
2.597,8.213,1.774,2887,"09-12-2026 13:29:15 RAM 2887/7620MB (lfb 11x4MB) SWAP 417/3810MB (cached 0MB) CPU [58%@1728,5%@1728,7%@1728,25%@1728,6%@729,7%@729] GR3D_FREQ 98% cpu@54.531C soc2@53.406C soc0@53.875C gpu@54.312C tj@54.656C soc1@54.656C VDD_IN 8213mW/7710mW VDD_CPU_GPU_CV 2597mW/2268mW VDD_SOC 1774mW/1715mW",54.531,54.312,53.875,54.656,53.406,54.656,1789216155257900330
2.01,7.158,1.579,2888,"09-12-2026 13:29:16 RAM 2888/7620MB (lfb 11x4MB) SWAP 417/3810MB (cached 0MB) CPU [13%@1728,14%@1728,13%@1728,80%@1728,5%@729,9%@729] GR3D_FREQ 0% cpu@54.781C soc2@53.156C soc0@53.812C gpu@54.125C tj@54.781C soc1@54.656C VDD_IN 7158mW/7706mW VDD_CPU_GPU_CV 2010mW/2266mW VDD_SOC 1579mW/1714mW",54.781,54.125,53.812,54.656,53.156,54.781,1789216156264227329
2.597,8.292,1.813,2888,"09-12-2026 13:29:17 RAM 2888/7620MB (lfb 11x4MB) SWAP 417/3810MB (cached 0MB) CPU [68%@1728,4%@1728,4%@1728,14%@1728,3%@729,2%@729] GR3D_FREQ 98% cpu@54.468C soc2@53.375C soc0@53.937C gpu@54.562C tj@54.562C soc1@54.531C VDD_IN 8292mW/7710mW VDD_CPU_GPU_CV 2597mW/2269mW VDD_SOC 1813mW/1715mW",54.468,54.562,53.937,54.531,53.375,54.562,1789216157269041293
1.895,7.0,1.582,2887,"09-12-2026 13:29:18 RAM 2887/7620MB (lfb 11x4MB) SWAP 417/3810MB (cached 0MB) CPU [18%@1728,16%@1728,17%@1728,83%@1728,10%@729,12%@729] GR3D_FREQ 0% cpu@54.937C soc2@53.156C soc0@53.875C gpu@54.343C tj@54.937C soc1@54.562C VDD_IN 7000mW/7706mW VDD_CPU_GPU_CV 1895mW/2266mW VDD_SOC 1582mW/1714mW",54.937,54.343,53.875,54.562,53.156,54.937,1789216158274495186
2.833,8.673,1.852,2888,"09-12-2026 13:29:19 RAM 2888/7620MB (lfb 12x4MB) SWAP 417/3810MB (cached 0MB) CPU [3%@1728,3%@1728,3%@1728,76%@1728,0%@729,0%@729] GR3D_FREQ 20% cpu@54.687C soc2@53.562C soc0@53.875C gpu@54.687C tj@54.687C soc1@54.656C VDD_IN 8673mW/7712mW VDD_CPU_GPU_CV 2833mW/2270mW VDD_SOC 1852mW/1715mW",54.687,54.687,53.875,54.656,53.562,54.687,1789216159279897876
2.404,7.779,1.658,2941,"09-12-2026 13:29:20 RAM 2941/7620MB (lfb 1x4MB) SWAP 417/3810MB (cached 0MB) CPU [16%@1728,16%@1728,15%@1728,78%@1728,13%@729,8%@729] GR3D_FREQ 26% cpu@54.593C soc2@53.406C soc0@53.968C gpu@54.625C tj@54.656C soc1@54.656C VDD_IN 7779mW/7712mW VDD_CPU_GPU_CV 2404mW/2271mW VDD_SOC 1658mW/1715mW",54.593,54.625,53.968,54.656,53.406,54.656,1789216160285401845
2.444,7.937,1.737,2889,"09-12-2026 13:29:21 RAM 2889/7620MB (lfb 10x4MB) SWAP 417/3810MB (cached 0MB) CPU [7%@729,5%@729,4%@1728,70%@1728,7%@1728,13%@1728] GR3D_FREQ 0% cpu@54.531C soc2@53.218C soc0@53.875C gpu@54.562C tj@54.781C soc1@54.781C VDD_IN 7937mW/7714mW VDD_CPU_GPU_CV 2444mW/2272mW VDD_SOC 1737mW/1715mW",54.531,54.562,53.875,54.781,53.218,54.781,1789216161292238221
2.286,7.66,1.658,2886,"09-12-2026 13:29:22 RAM 2886/7620MB (lfb 11x4MB) SWAP 417/3810MB (cached 0MB) CPU [17%@1728,12%@1728,20%@1728,9%@1728,11%@1728,68%@1728] GR3D_FREQ 61% cpu@54.5C soc2@53.281C soc0@53.968C gpu@54.343C tj@54.562C soc1@54.562C VDD_IN 7660mW/7713mW VDD_CPU_GPU_CV 2286mW/2272mW VDD_SOC 1658mW/1714mW",54.5,54.343,53.968,54.562,53.281,54.562,1789216162298114812
2.128,7.423,1.658,2886,"09-12-2026 13:29:23 RAM 2886/7620MB (lfb 11x4MB) SWAP 417/3810MB (cached 0MB) CPU [10%@1728,10%@1728,7%@1728,11%@1728,8%@1497,79%@1497] GR3D_FREQ 0% cpu@54.812C soc2@53.187C soc0@53.875C gpu@54.281C tj@54.812C soc1@54.656C VDD_IN 7423mW/7711mW VDD_CPU_GPU_CV 2128mW/2271mW VDD_SOC 1658mW/1714mW",54.812,54.281,53.875,54.656,53.187,54.812,1789216163304813604
2.483,8.055,1.737,2886,"09-12-2026 13:29:24 RAM 2886/7620MB (lfb 11x4MB) SWAP 417/3810MB (cached 0MB) CPU [12%@1728,9%@1728,13%@1728,7%@1728,8%@1344,76%@1344] GR3D_FREQ 99% cpu@54.25C soc2@53.375C soc0@53.906C gpu@54.687C tj@54.687C soc1@54.625C VDD_IN 8055mW/7713mW VDD_CPU_GPU_CV 2483mW/2272mW VDD_SOC 1737mW/1714mW",54.25,54.687,53.906,54.625,53.375,54.687,1789216164310433256
1.974,7.158,1.619,2887,"09-12-2026 13:29:25 RAM 2887/7620MB (lfb 11x4MB) SWAP 417/3810MB (cached 0MB) CPU [13%@1190,14%@1190,15%@1190,10%@1728,12%@1728,78%@1728] GR3D_FREQ 0% cpu@54.531C soc2@53.218C soc0@53.843C gpu@54.406C tj@54.875C soc1@54.875C VDD_IN 7158mW/7710mW VDD_CPU_GPU_CV 1974mW/2270mW VDD_SOC 1619mW/1714mW",54.531,54.406,53.843,54.875,53.218,54.875,1789216165316942541
2.597,8.252,1.774,2887,"09-12-2026 13:29:26 RAM 2887/7620MB (lfb 11x4MB) SWAP 417/3810MB (cached 0MB) CPU [8%@729,6%@729,7%@729,7%@729,6%@1728,78%@1728] GR3D_FREQ 88% cpu@54.562C soc2@53.312C soc0@53.968C gpu@54.75C tj@54.75C soc1@54.687C VDD_IN 8252mW/7713mW VDD_CPU_GPU_CV 2597mW/2272mW VDD_SOC 1774mW/1714mW",54.562,54.75,53.968,54.687,53.312,54.75,1789216166323552712
1.816,6.921,1.582,2893,"09-12-2026 13:29:27 RAM 2893/7620MB (lfb 11x4MB) SWAP 417/3810MB (cached 0MB) CPU [16%@729,12%@729,17%@1728,15%@1728,26%@1574,64%@1574] GR3D_FREQ 0% cpu@54.625C soc2@53.062C soc0@53.75C gpu@54.281C tj@54.625C soc1@54.593C VDD_IN 6921mW/7709mW VDD_CPU_GPU_CV 1816mW/2270mW VDD_SOC 1582mW/1713mW",54.625,54.281,53.75,54.593,53.062,54.625,1789216167329729029
2.558,8.292,1.813,2893,"09-12-2026 13:29:28 RAM 2893/7620MB (lfb 11x4MB) SWAP 417/3810MB (cached 0MB) CPU [5%@729,6%@729,5%@729,6%@729,7%@1728,73%@1728] GR3D_FREQ 99% cpu@54.25C soc2@53.25C soc0@53.968C gpu@54.5C tj@54.687C soc1@54.687C VDD_IN 8292mW/7712mW VDD_CPU_GPU_CV 2558mW/2271mW VDD_SOC 1813mW/1714mW",54.25,54.5,53.968,54.687,53.25,54.687,1789216168338014996
1.776,6.882,1.582,2893,"09-12-2026 13:29:29 RAM 2893/7620MB (lfb 11x4MB) SWAP 417/3810MB (cached 0MB) CPU [20%@729,16%@729,16%@1728,17%@1728,12%@1728,82%@1728] GR3D_FREQ 0% cpu@54.593C soc2@53.187C soc0@53.875C gpu@54.468C tj@54.875C soc1@54.875C VDD_IN 6882mW/7707mW VDD_CPU_GPU_CV 1776mW/2268mW VDD_SOC 1582mW/1713mW",54.593,54.468,53.875,54.875,53.187,54.875,1789216169343550428
2.755,8.476,1.813,2893,"09-12-2026 13:29:30 RAM 2893/7620MB (lfb 11x4MB) SWAP 417/3810MB (cached 0MB) CPU [4%@729,5%@729,4%@729,2%@729,0%@1728,76%@1728] GR3D_FREQ 12% cpu@54.625C soc2@53.406C soc0@53.937C gpu@54.843C tj@54.843C soc1@54.656C VDD_IN 8476mW/7712mW VDD_CPU_GPU_CV 2755mW/2271mW VDD_SOC 1813mW/1714mW",54.625,54.843,53.937,54.656,53.406,54.843,1789216170349868664
1.895,7.119,1.582,2950,"09-12-2026 13:29:31 RAM 2950/7620MB (lfb 1x4MB) SWAP 417/3810MB (cached 0MB) CPU [20%@729,19%@729,16%@729,15%@729,41%@1651,52%@1651] GR3D_FREQ 99% cpu@54.312C soc2@53.406C soc0@53.75C gpu@54.625C tj@54.656C soc1@54.656C VDD_IN 7119mW/7708mW VDD_CPU_GPU_CV 1895mW/2269mW VDD_SOC 1582mW/1713mW",54.312,54.625,53.75,54.656,53.406,54.656,1789216171356108709
2.637,8.252,1.774,2898,"09-12-2026 13:29:32 RAM 2898/7620MB (lfb 11x4MB) SWAP 417/3810MB (cached 0MB) CPU [7%@1728,8%@1728,78%@1728,4%@1728,0%@1344,3%@1344] GR3D_FREQ 0% cpu@54.843C soc2@53.5C soc0@53.875C gpu@54.781C tj@54.843C soc1@54.593C VDD_IN 8252mW/7711mW VDD_CPU_GPU_CV 2637mW/2271mW VDD_SOC 1774mW/1713mW",54.843,54.781,53.875,54.593,53.5,54.843,1789216172361370021
2.365,7.739,1.697,2897,"09-12-2026 13:29:33 RAM 2897/7620MB (lfb 11x4MB) SWAP 417/3810MB (cached 0MB) CPU [30%@729,19%@729,20%@729,13%@729,8%@1728,49%@1728] GR3D_FREQ 99% cpu@54.437C soc2@53.468C soc0@54.031C gpu@54.468C tj@54.812C soc1@54.812C VDD_IN 7739mW/7712mW VDD_CPU_GPU_CV 2365mW/2272mW VDD_SOC 1697mW/1713mW",54.437,54.468,54.031,54.812,53.468,54.812,1789216173368199410
2.089,7.384,1.658,2897,"09-12-2026 13:29:34 RAM 2897/7620MB (lfb 11x4MB) SWAP 417/3810MB (cached 0MB) CPU [11%@1497,9%@1497,12%@1497,7%@1497,20%@729,63%@729] GR3D_FREQ 0% cpu@54.593C soc2@53.25C soc0@53.968C gpu@54.406C tj@54.625C soc1@54.625C VDD_IN 7384mW/7710mW VDD_CPU_GPU_CV 2089mW/2271mW VDD_SOC 1658mW/1713mW",54.593,54.406,53.968,54.625,53.25,54.625,1789216174374072323
2.404,7.897,1.697,2897,"09-12-2026 13:29:35 RAM 2897/7620MB (lfb 11x4MB) SWAP 417/3810MB (cached 0MB) CPU [14%@1728,11%@1728,10%@1728,12%@1728,13%@1728,71%@1728] GR3D_FREQ 0% cpu@54.75C soc2@53.343C soc0@53.843C gpu@54.718C tj@54.718C soc1@54.687C VDD_IN 7897mW/7711mW VDD_CPU_GPU_CV 2404mW/2271mW VDD_SOC 1697mW/1713mW",54.75,54.718,53.843,54.687,53.343,54.718,1789216175381038716
2.01,7.238,1.619,2897,"09-12-2026 13:29:36 RAM 2897/7620MB (lfb 11x4MB) SWAP 417/3810MB (cached 0MB) CPU [13%@729,13%@1728,8%@1728,11%@1728,17%@1497,67%@1497] GR3D_FREQ 0% cpu@54.468C soc2@53.187C soc0@53.906C gpu@54.218C tj@54.781C soc1@54.812C VDD_IN 7238mW/7708mW VDD_CPU_GPU_CV 2010mW/2270mW VDD_SOC 1619mW/1712mW",54.468,54.218,53.906,54.812,53.187,54.781,1789216176387580189
2.558,8.174,1.776,2897,"09-12-2026 13:29:37 RAM 2897/7620MB (lfb 13x4MB) SWAP 417/3810MB (cached 0MB) CPU [12%@729,10%@1728,6%@1728,11%@1728,5%@1728,77%@1728] GR3D_FREQ 98% cpu@54.625C soc2@53.343C soc0@54.031C gpu@54.437C tj@54.625C soc1@54.562C VDD_IN 8174mW/7711mW VDD_CPU_GPU_CV 2558mW/2272mW VDD_SOC 1776mW/1713mW",54.625,54.437,54.031,54.562,53.343,54.625,1789216177393705950
1.895,7.04,1.582,2893,"09-12-2026 13:29:38 RAM 2893/7620MB (lfb 13x4MB) SWAP 417/3810MB (cached 0MB) CPU [14%@1344,18%@1344,16%@1344,12%@1344,12%@1728,71%@1728] GR3D_FREQ 0% cpu@54.687C soc2@53.218C soc0@53.781C gpu@54.406C tj@54.687C soc1@54.687C VDD_IN 7040mW/7707mW VDD_CPU_GPU_CV 1895mW/2269mW VDD_SOC 1582mW/1712mW",54.687,54.406,53.781,54.687,53.218,54.687,1789216178400752914
2.597,8.292,1.813,2894,"09-12-2026 13:29:39 RAM 2894/7620MB (lfb 13x4MB) SWAP 417/3810MB (cached 0MB) CPU [7%@729,4%@729,5%@729,6%@729,3%@1651,78%@1651] GR3D_FREQ 99% cpu@54.343C soc2@53.406C soc0@53.968C gpu@54.5C tj@54.656C soc1@54.656C VDD_IN 8292mW/7710mW VDD_CPU_GPU_CV 2597mW/2271mW VDD_SOC 1813mW/1712mW",54.343,54.5,53.968,54.656,53.406,54.656,1789216179407436595
1.816,6.921,1.582,2894,"09-12-2026 13:29:40 RAM 2894/7620MB (lfb 13x4MB) SWAP 417/3810MB (cached 0MB) CPU [23%@729,19%@729,20%@729,11%@729,13%@1728,79%@1728] GR3D_FREQ 0% cpu@54.593C soc2@53.156C soc0@53.843C gpu@54.187C tj@54.812C soc1@54.812C VDD_IN 6921mW/7706mW VDD_CPU_GPU_CV 1816mW/2269mW VDD_SOC 1582mW/1712mW",54.593,54.187,53.843,54.812,53.156,54.812,1789216180413637231
2.715,8.476,1.852,2894,"09-12-2026 13:29:41 RAM 2894/7620MB (lfb 13x4MB) SWAP 417/3810MB (cached 0MB) CPU [5%@729,3%@729,6%@729,4%@729,2%@1728,76%@1728] GR3D_FREQ 99% cpu@54.75C soc2@53.468C soc0@54.125C gpu@54.437C tj@54.75C soc1@54.593C VDD_IN 8476mW/7710mW VDD_CPU_GPU_CV 2715mW/2271mW VDD_SOC 1852mW/1712mW",54.75,54.437,54.125,54.593,53.468,54.75,1789216181420006461
1.658,6.763,1.542,2895,"09-12-2026 13:29:42 RAM 2895/7620MB (lfb 13x4MB) SWAP 417/3810MB (cached 0MB) CPU [22%@729,17%@729,12%@729,19%@729,20%@1728,76%@1728] GR3D_FREQ 0% cpu@54.656C soc2@53.187C soc0@53.781C gpu@54.25C tj@54.687C soc1@54.687C VDD_IN 6763mW/7705mW VDD_CPU_GPU_CV 1658mW/2268mW VDD_SOC 1542mW/1711mW",54.656,54.25,53.781,54.687,53.187,54.687,1789216182427745958
2.519,8.252,1.813,2895,"09-12-2026 13:29:43 RAM 2895/7620MB (lfb 13x4MB) SWAP 417/3810MB (cached 0MB) CPU [3%@729,2%@729,3%@729,4%@729,0%@1728,72%@1728] GR3D_FREQ 39% cpu@54.375C soc2@53.468C soc0@53.906C gpu@54.5C tj@54.812C soc1@54.812C VDD_IN 8252mW/7708mW VDD_CPU_GPU_CV 2519mW/2269mW VDD_SOC 1813mW/1712mW",54.375,54.5,53.906,54.812,53.468,54.812,1789216183433974611
1.697,6.842,1.582,2948,"09-12-2026 13:29:44 RAM 2948/7620MB (lfb 2x4MB) SWAP 417/3810MB (cached 0MB) CPU [21%@729,12%@729,17%@729,18%@729,13%@1728,81%@1728] GR3D_FREQ 0% cpu@54.531C soc2@53.25C soc0@53.843C gpu@54.375C tj@54.562C soc1@54.562C VDD_IN 6842mW/7703mW VDD_CPU_GPU_CV 1697mW/2266mW VDD_SOC 1582mW/1711mW",54.531,54.375,53.843,54.562,53.25,54.562,1789216184439656493
2.637,8.331,1.774,2896,"09-12-2026 13:29:45 RAM 2896/7620MB (lfb 13x4MB) SWAP 417/3810MB (cached 0MB) CPU [5%@1728,3%@1728,5%@1728,3%@1728,2%@1497,72%@1497] GR3D_FREQ 0% cpu@54.656C soc2@53.343C soc0@54.093C gpu@54.468C tj@54.656C soc1@54.687C VDD_IN 8331mW/7707mW VDD_CPU_GPU_CV 2637mW/2268mW VDD_SOC 1774mW/1712mW",54.656,54.468,54.093,54.687,53.343,54.656,1789216185446392547
2.286,7.66,1.658,2949,"09-12-2026 13:29:46 RAM 2949/7620MB (lfb 2x4MB) SWAP 417/3810MB (cached 0MB) CPU [23%@729,13%@1728,13%@1728,15%@1728,18%@1728,74%@1728] GR3D_FREQ 44% cpu@54.562C soc2@53.375C soc0@53.937C gpu@54.343C tj@54.562C soc1@54.562C VDD_IN 7660mW/7706mW VDD_CPU_GPU_CV 2286mW/2268mW VDD_SOC 1658mW/1711mW",54.562,54.343,53.937,54.562,53.375,54.562,1789216186452854069
2.404,7.897,1.737,2897,"09-12-2026 13:29:47 RAM 2897/7620MB (lfb 13x4MB) SWAP 417/3810MB (cached 0MB) CPU [6%@1728,6%@1728,6%@1728,8%@1728,3%@1728,79%@1728] GR3D_FREQ 0% cpu@54.531C soc2@53.281C soc0@53.906C gpu@54.5C tj@54.718C soc1@54.718C VDD_IN 7897mW/7707mW VDD_CPU_GPU_CV 2404mW/2269mW VDD_SOC 1737mW/1712mW",54.531,54.5,53.906,54.718,53.281,54.718,1789216187458779076
2.326,7.7,1.658,2898,"09-12-2026 13:29:48 RAM 2898/7620MB (lfb 13x4MB) SWAP 417/3810MB (cached 0MB) CPU [19%@729,10%@729,11%@1728,13%@1728,12%@1728,77%@1728] GR3D_FREQ 99% cpu@54.312C soc2@53.375C soc0@54.062C gpu@54.562C tj@54.562C soc1@54.562C VDD_IN 7700mW/7707mW VDD_CPU_GPU_CV 2326mW/2269mW VDD_SOC 1658mW/1711mW",54.312,54.562,54.062,54.562,53.375,54.562,1789216188465796219
2.168,7.463,1.658,2897,"09-12-2026 13:29:49 RAM 2897/7620MB (lfb 13x4MB) SWAP 417/3810MB (cached 0MB) CPU [10%@1267,8%@1267,9%@1267,13%@1267,6%@1728,77%@1728] GR3D_FREQ 0% cpu@54.875C soc2@53.312C soc0@54.031C gpu@54.468C tj@54.875C soc1@54.593C VDD_IN 7463mW/7706mW VDD_CPU_GPU_CV 2168mW/2269mW VDD_SOC 1658mW/1711mW",54.875,54.468,54.031,54.593,53.312,54.875,1789216189471611560
2.444,8.016,1.737,2897,"09-12-2026 13:29:50 RAM 2897/7620MB (lfb 13x4MB) SWAP 417/3810MB (cached 0MB) CPU [11%@1728,10%@1728,9%@1728,12%@1728,14%@1574,71%@1574] GR3D_FREQ 99% cpu@54.281C soc2@53.375C soc0@53.968C gpu@54.406C tj@54.718C soc1@54.718C VDD_IN 8016mW/7708mW VDD_CPU_GPU_CV 2444mW/2270mW VDD_SOC 1737mW/1711mW",54.281,54.406,53.968,54.718,53.375,54.718,1789216190479702407
1.971,7.198,1.619,2897,"09-12-2026 13:29:51 RAM 2897/7620MB (lfb 13x4MB) SWAP 417/3810MB (cached 0MB) CPU [14%@1190,11%@1190,15%@1190,14%@1190,11%@1728,75%@1728] GR3D_FREQ 0% cpu@54.562C soc2@53.187C soc0@53.843C gpu@54.156C tj@54.75C soc1@54.75C VDD_IN 7198mW/7705mW VDD_CPU_GPU_CV 1971mW/2268mW VDD_SOC 1619mW/1711mW",54.562,54.156,53.843,54.75,53.187,54.75,1789216191484674731
2.597,8.252,1.774,2896,"09-12-2026 13:29:52 RAM 2896/7620MB (lfb 13x4MB) SWAP 417/3810MB (cached 0MB) CPU [68%@729,9%@729,7%@729,10%@729,12%@1728,4%@1728] GR3D_FREQ 94% cpu@55.031C soc2@53.312C soc0@54.093C gpu@54.625C tj@55.031C soc1@54.593C VDD_IN 8252mW/7708mW VDD_CPU_GPU_CV 2597mW/2270mW VDD_SOC 1774mW/1711mW",55.031,54.625,54.093,54.593,53.312,55.031,1789216192491472282
1.934,7.04,1.582,2897,"09-12-2026 13:29:53 RAM 2897/7620MB (lfb 13x4MB) SWAP 417/3810MB (cached 0MB) CPU [15%@1190,15%@1190,13%@1190,12%@1190,23%@1728,72%@1728] GR3D_FREQ 0% cpu@54.656C soc2@53.156C soc0@53.937C gpu@54.375C tj@54.625C soc1@54.625C VDD_IN 7040mW/7704mW VDD_CPU_GPU_CV 1934mW/2268mW VDD_SOC 1582mW/1710mW",54.656,54.375,53.937,54.625,53.156,54.625,1789216193497067404
2.676,8.41,1.813,2897,"09-12-2026 13:29:54 RAM 2897/7620MB (lfb 13x4MB) SWAP 417/3810MB (cached 0MB) CPU [4%@1728,3%@1728,7%@1728,4%@1728,2%@1728,77%@1728] GR3D_FREQ 46% cpu@54.343C soc2@53.593C soc0@53.968C gpu@54.75C tj@54.75C soc1@54.718C VDD_IN 8410mW/7708mW VDD_CPU_GPU_CV 2676mW/2270mW VDD_SOC 1813mW/1711mW",54.343,54.75,53.968,54.718,53.593,54.75,1789216194504677063
1.737,6.842,1.542,2897,"09-12-2026 13:29:55 RAM 2897/7620MB (lfb 13x4MB) SWAP 417/3810MB (cached 0MB) CPU [17%@729,16%@729,15%@729,17%@729,35%@1728,61%@1728] GR3D_FREQ 0% cpu@54.812C soc2@53.187C soc0@53.843C gpu@54.187C tj@54.812C soc1@54.625C VDD_IN 6842mW/7704mW VDD_CPU_GPU_CV 1737mW/2267mW VDD_SOC 1542mW/1710mW",54.812,54.187,53.843,54.625,53.187,54.812,1789216195509642091
2.676,8.41,1.813,2899,"09-12-2026 13:29:56 RAM 2899/7620MB (lfb 14x4MB) SWAP 417/3810MB (cached 0MB) CPU [4%@729,4%@729,3%@729,3%@729,49%@1728,28%@1728] GR3D_FREQ 0% cpu@54.625C soc2@53.406C soc0@54.031C gpu@54.562C tj@54.625C soc1@54.625C VDD_IN 8410mW/7707mW VDD_CPU_GPU_CV 2676mW/2269mW VDD_SOC 1813mW/1710mW",54.625,54.562,54.031,54.625,53.406,54.625,1789216196516703909
1.931,7.158,1.619,2954,"09-12-2026 13:29:57 RAM 2954/7620MB (lfb 1x4MB) SWAP 417/3810MB (cached 0MB) CPU [17%@1190,36%@1190,17%@1190,12%@1190,44%@729,33%@729] GR3D_FREQ 99% cpu@54.468C soc2@53.687C soc0@53.937C gpu@54.312C tj@54.625C soc1@54.625C VDD_IN 7158mW/7704mW VDD_CPU_GPU_CV 1931mW/2268mW VDD_SOC 1619mW/1710mW",54.468,54.312,53.937,54.625,53.687,54.625,1789216197522675871
2.637,8.213,1.774,2899,"09-12-2026 13:29:58 RAM 2899/7620MB (lfb 13x4MB) SWAP 417/3810MB (cached 0MB) CPU [7%@1651,19%@1651,6%@1651,12%@1651,61%@1190,2%@1190] GR3D_FREQ 0% cpu@54.781C soc2@53.312C soc0@53.875C gpu@54.625C tj@54.781C soc1@54.718C VDD_IN 8213mW/7707mW VDD_CPU_GPU_CV 2637mW/2270mW VDD_SOC 1774mW/1710mW",54.781,54.625,53.875,54.718,53.312,54.781,1789216198528521128
2.326,7.66,1.658,2896,"09-12-2026 13:29:59 RAM 2896/7620MB (lfb 12x4MB) SWAP 417/3810MB (cached 0MB) CPU [13%@1728,20%@1728,68%@1728,15%@1728,11%@729,10%@729] GR3D_FREQ 99% cpu@54.843C soc2@53.343C soc0@54C gpu@54.656C tj@54.843C soc1@54.812C VDD_IN 7660mW/7707mW VDD_CPU_GPU_CV 2326mW/2270mW VDD_SOC 1658mW/1710mW",54.843,54.656,54.0,54.812,53.343,54.843,1789216199533964613
2.247,7.621,1.658,2897,"09-12-2026 13:30:00 RAM 2897/7620MB (lfb 12x4MB) SWAP 417/3810MB (cached 0MB) CPU [13%@1113,7%@1113,67%@1113,7%@1113,18%@1728,6%@1728] GR3D_FREQ 0% cpu@54.875C soc2@53.281C soc0@53.968C gpu@54.687C tj@54.875C soc1@54.625C VDD_IN 7621mW/7706mW VDD_CPU_GPU_CV 2247mW/2270mW VDD_SOC 1658mW/1710mW",54.875,54.687,53.968,54.625,53.281,54.875,1789216200540921823
2.597,8.174,1.734,2897,"09-12-2026 13:30:01 RAM 2897/7620MB (lfb 14x4MB) SWAP 417/3810MB (cached 0MB) CPU [14%@729,10%@729,13%@1728,10%@1728,15%@1574,70%@1574] GR3D_FREQ 98% cpu@54.531C soc2@53.375C soc0@54.187C gpu@54.593C tj@54.625C soc1@54.625C VDD_IN 8174mW/7709mW VDD_CPU_GPU_CV 2597mW/2271mW VDD_SOC 1734mW/1710mW",54.531,54.593,54.187,54.625,53.375,54.625,1789216201546882266
2.05,7.277,1.619,2897,"09-12-2026 13:30:02 RAM 2897/7620MB (lfb 14x4MB) SWAP 417/3810MB (cached 0MB) CPU [29%@1728,15%@1728,12%@1728,15%@1728,8%@1420,58%@1420] GR3D_FREQ 0% cpu@54.656C soc2@53.343C soc0@53.812C gpu@54.375C tj@54.656C soc1@54.656C VDD_IN 7277mW/7706mW VDD_CPU_GPU_CV 2050mW/2270mW VDD_SOC 1619mW/1709mW",54.656,54.375,53.812,54.656,53.343,54.656,1789216202553977632
2.558,8.213,1.774,2896,"09-12-2026 13:30:03 RAM 2896/7620MB (lfb 12x4MB) SWAP 417/3810MB (cached 0MB) CPU [8%@729,7%@729,8%@729,7%@729,3%@1574,76%@1574] GR3D_FREQ 99% cpu@54.343C soc2@53.375C soc0@53.968C gpu@54.656C tj@54.75C soc1@54.75C VDD_IN 8213mW/7709mW VDD_CPU_GPU_CV 2558mW/2272mW VDD_SOC 1774mW/1710mW",54.343,54.656,53.968,54.75,53.375,54.75,1789216203560248775
1.934,7.04,1.582,2895,"09-12-2026 13:30:04 RAM 2895/7620MB (lfb 11x4MB) SWAP 417/3810MB (cached 0MB) CPU [20%@1728,18%@1728,31%@1728,15%@1728,12%@1497,55%@1497] GR3D_FREQ 0% cpu@54.843C soc2@53.25C soc0@53.937C gpu@54.531C tj@54.843C soc1@54.656C VDD_IN 7040mW/7706mW VDD_CPU_GPU_CV 1934mW/2270mW VDD_SOC 1582mW/1709mW",54.843,54.531,53.937,54.656,53.25,54.843,1789216204566259386
2.755,8.515,1.813,2895,"09-12-2026 13:30:05 RAM 2895/7620MB (lfb 13x4MB) SWAP 417/3810MB (cached 0MB) CPU [2%@729,4%@729,4%@729,6%@729,1%@1728,77%@1728] GR3D_FREQ 98% cpu@54.375C soc2@53.406C soc0@54C gpu@54.812C tj@54.812C soc1@54.687C VDD_IN 8515mW/7710mW VDD_CPU_GPU_CV 2755mW/2272mW VDD_SOC 1813mW/1710mW",54.375,54.812,54.0,54.687,53.406,54.812,1789216205572785383
1.776,6.882,1.582,2895,"09-12-2026 13:30:06 RAM 2895/7620MB (lfb 13x4MB) SWAP 417/3810MB (cached 0MB) CPU [17%@729,10%@729,16%@729,21%@1728,14%@1728,83%@1728] GR3D_FREQ 0% cpu@54.5C soc2@53.156C soc0@53.718C gpu@54.343C tj@54.718C soc1@54.718C VDD_IN 6882mW/7706mW VDD_CPU_GPU_CV 1776mW/2270mW VDD_SOC 1582mW/1709mW",54.5,54.343,53.718,54.718,53.156,54.718,1789216206578992128
2.794,8.594,1.852,2897,"09-12-2026 13:30:07 RAM 2897/7620MB (lfb 13x4MB) SWAP 417/3810MB (cached 0MB) CPU [3%@729,3%@729,5%@729,6%@1728,0%@1728,74%@1728] GR3D_FREQ 98% cpu@54.5C soc2@53.437C soc0@54.093C gpu@54.656C tj@54.687C soc1@54.687C VDD_IN 8594mW/7710mW VDD_CPU_GPU_CV 2794mW/2273mW VDD_SOC 1852mW/1710mW",54.5,54.656,54.093,54.687,53.437,54.687,1789216207585248335
2.326,7.66,1.658,2951,"09-12-2026 13:30:08 RAM 2951/7620MB (lfb 2x4MB) SWAP 417/3810MB (cached 0MB) CPU [22%@729,20%@729,17%@1728,10%@1728,18%@1728,76%@1728] GR3D_FREQ 99% cpu@54.562C soc2@53.906C soc0@54.062C gpu@54.468C tj@54.593C soc1@54.625C VDD_IN 7660mW/7710mW VDD_CPU_GPU_CV 2326mW/2273mW VDD_SOC 1658mW/1709mW",54.562,54.468,54.062,54.625,53.906,54.593,1789216208593405512
2.479,8.055,1.737,2905,"09-12-2026 13:30:09 RAM 2905/7620MB (lfb 14x4MB) SWAP 417/3810MB (cached 0MB) CPU [7%@1728,4%@1728,8%@1728,3%@1728,6%@1497,79%@1497] GR3D_FREQ 0% cpu@54.687C soc2@53.25C soc0@53.812C gpu@54.312C tj@54.687C soc1@54.625C VDD_IN 8055mW/7711mW VDD_CPU_GPU_CV 2479mW/2274mW VDD_SOC 1737mW/1710mW",54.687,54.312,53.812,54.625,53.25,54.687,1789216209598290535
2.247,7.581,1.658,2906,"09-12-2026 13:30:10 RAM 2906/7620MB (lfb 13x4MB) SWAP 417/3810MB (cached 0MB) CPU [16%@729,11%@729,16%@729,15%@729,14%@1728,76%@1728] GR3D_FREQ 95% cpu@54.437C soc2@53.312C soc0@53.843C gpu@54.312C tj@54.687C soc1@54.687C VDD_IN 7581mW/7711mW VDD_CPU_GPU_CV 2247mW/2274mW VDD_SOC 1658mW/1709mW",54.437,54.312,53.843,54.687,53.312,54.687,1789216210604823982
2.089,7.463,1.658,2906,"09-12-2026 13:30:11 RAM 2906/7620MB (lfb 13x4MB) SWAP 417/3810MB (cached 0MB) CPU [15%@1190,8%@1190,7%@1190,10%@1190,5%@1651,75%@1651] GR3D_FREQ 0% cpu@54.437C soc2@53.281C soc0@53.875C gpu@54.375C tj@54.656C soc1@54.625C VDD_IN 7463mW/7710mW VDD_CPU_GPU_CV 2089mW/2273mW VDD_SOC 1658mW/1709mW",54.437,54.375,53.875,54.625,53.281,54.656,1789216211611429081
2.404,7.897,1.697,2907,"09-12-2026 13:30:12 RAM 2907/7620MB (lfb 13x4MB) SWAP 417/3810MB (cached 0MB) CPU [14%@1728,13%@1728,10%@1728,13%@1728,8%@1728,77%@1728] GR3D_FREQ 98% cpu@54.593C soc2@53.406C soc0@54.125C gpu@54.5C tj@54.593C soc1@54.593C VDD_IN 7897mW/7710mW VDD_CPU_GPU_CV 2404mW/2273mW VDD_SOC 1697mW/1709mW",54.593,54.5,54.125,54.593,53.406,54.593,1789216212618017906
1.971,7.238,1.619,2907,"09-12-2026 13:30:13 RAM 2907/7620MB (lfb 13x4MB) SWAP 417/3810MB (cached 0MB) CPU [12%@1728,12%@1728,13%@1728,8%@1728,7%@1651,76%@1651] GR3D_FREQ 0% cpu@54.5C soc2@53.187C soc0@53.875C gpu@54.375C tj@54.656C soc1@54.656C VDD_IN 7238mW/7708mW VDD_CPU_GPU_CV 1971mW/2272mW VDD_SOC 1619mW/1709mW",54.5,54.375,53.875,54.656,53.187,54.656,1789216213624002409
2.444,7.937,1.737,2907,"09-12-2026 13:30:14 RAM 2907/7620MB (lfb 13x4MB) SWAP 417/3810MB (cached 0MB) CPU [12%@729,10%@729,5%@729,11%@729,9%@1728,79%@1728] GR3D_FREQ 0% cpu@54.375C soc2@53.406C soc0@53.937C gpu@54.375C tj@54.718C soc1@54.718C VDD_IN 7937mW/7709mW VDD_CPU_GPU_CV 2444mW/2273mW VDD_SOC 1737mW/1709mW",54.375,54.375,53.937,54.718,53.406,54.718,1789216214630724412
1.931,7.119,1.579,2907,"09-12-2026 13:30:15 RAM 2907/7620MB (lfb 13x4MB) SWAP 417/3810MB (cached 0MB) CPU [13%@729,13%@1728,11%@1728,10%@1728,54%@1728,40%@1728] GR3D_FREQ 0% cpu@54.468C soc2@53.218C soc0@53.937C gpu@54.218C tj@54.562C soc1@54.562C VDD_IN 7119mW/7707mW VDD_CPU_GPU_CV 1931mW/2271mW VDD_SOC 1579mW/1708mW",54.468,54.218,53.937,54.562,53.218,54.562,1789216215637784642
2.519,8.174,1.776,2907,"09-12-2026 13:30:16 RAM 2907/7620MB (lfb 13x4MB) SWAP 417/3810MB (cached 0MB) CPU [11%@729,6%@729,5%@729,3%@1728,4%@1728,76%@1728] GR3D_FREQ 0% cpu@54.562C soc2@53.312C soc0@53.937C gpu@54.531C tj@54.687C soc1@54.687C VDD_IN 8174mW/7709mW VDD_CPU_GPU_CV 2519mW/2272mW VDD_SOC 1776mW/1708mW",54.562,54.531,53.937,54.687,53.312,54.687,1789216216644976948
1.855,7.0,1.582,2907,"09-12-2026 13:30:17 RAM 2907/7620MB (lfb 13x4MB) SWAP 417/3810MB (cached 0MB) CPU [17%@729,9%@729,17%@729,13%@729,19%@1728,82%@1728] GR3D_FREQ 0% cpu@54.718C soc2@53.187C soc0@53.843C gpu@54.375C tj@54.718C soc1@54.625C VDD_IN 7000mW/7705mW VDD_CPU_GPU_CV 1855mW/2270mW VDD_SOC 1582mW/1708mW",54.718,54.375,53.843,54.625,53.187,54.718,1789216217650593056
2.676,8.371,1.813,2906,"09-12-2026 13:30:18 RAM 2906/7620MB (lfb 14x4MB) SWAP 417/3810MB (cached 0MB) CPU [4%@729,5%@729,2%@729,1%@729,0%@1728,76%@1728] GR3D_FREQ 0% cpu@54.5C soc2@53.375C soc0@54.062C gpu@54.406C tj@54.812C soc1@54.812C VDD_IN 8371mW/7708mW VDD_CPU_GPU_CV 2676mW/2272mW VDD_SOC 1813mW/1708mW",54.5,54.406,54.062,54.812,53.375,54.812,1789216218657562406
1.776,6.842,1.542,2915,"09-12-2026 13:30:19 RAM 2915/7620MB (lfb 12x4MB) SWAP 417/3810MB (cached 0MB) CPU [21%@729,14%@729,19%@729,11%@729,15%@1728,84%@1728] GR3D_FREQ 0% cpu@54.75C soc2@53.218C soc0@53.781C gpu@54.218C tj@54.75C soc1@54.656C VDD_IN 6842mW/7705mW VDD_CPU_GPU_CV 1776mW/2270mW VDD_SOC 1542mW/1708mW",54.75,54.218,53.781,54.656,53.218,54.75,1789216219663167842
2.715,8.436,1.813,2907,"09-12-2026 13:30:20 RAM 2907/7620MB (lfb 14x4MB) SWAP 417/3810MB (cached 0MB) CPU [5%@729,5%@729,4%@729,6%@729,1%@1728,73%@1728] GR3D_FREQ 0% cpu@54.593C soc2@53.406C soc0@53.968C gpu@54.5C tj@54.656C soc1@54.656C VDD_IN 8436mW/7708mW VDD_CPU_GPU_CV 2715mW/2272mW VDD_SOC 1813mW/1708mW",54.593,54.5,53.968,54.656,53.406,54.656,1789216220669852185
2.286,7.621,1.658,2964,"09-12-2026 13:30:21 RAM 2964/7620MB (lfb 2x4MB) SWAP 417/3810MB (cached 0MB) CPU [17%@729,16%@729,15%@729,13%@729,13%@1728,74%@1728] GR3D_FREQ 0% cpu@54.562C soc2@53.375C soc0@53.906C gpu@54.468C tj@54.625C soc1@54.625C VDD_IN 7621mW/7707mW VDD_CPU_GPU_CV 2286mW/2272mW VDD_SOC 1658mW/1708mW",54.562,54.468,53.906,54.625,53.375,54.625,1789216221675661051
2.404,7.858,1.697,2907,"09-12-2026 13:30:22 RAM 2907/7620MB (lfb 14x4MB) SWAP 417/3810MB (cached 0MB) CPU [8%@1728,10%@1728,7%@1728,8%@1728,13%@1497,67%@1497] GR3D_FREQ 0% cpu@54.687C soc2@53.312C soc0@53.968C gpu@54.531C tj@54.812C soc1@54.812C VDD_IN 7858mW/7708mW VDD_CPU_GPU_CV 2404mW/2273mW VDD_SOC 1697mW/1708mW",54.687,54.531,53.968,54.812,53.312,54.812,1789216222681326142
2.247,7.621,1.658,2909,"09-12-2026 13:30:23 RAM 2909/7620MB (lfb 13x4MB) SWAP 417/3810MB (cached 0MB) CPU [18%@729,9%@729,11%@1728,12%@1728,12%@1728,77%@1728] GR3D_FREQ 0% cpu@54.562C soc2@53.343C soc0@53.968C gpu@54.593C tj@54.625C soc1@54.625C VDD_IN 7621mW/7708mW VDD_CPU_GPU_CV 2247mW/2273mW VDD_SOC 1658mW/1708mW",54.562,54.593,53.968,54.625,53.343,54.625,1789216223688432643
2.128,7.384,1.658,2909,"09-12-2026 13:30:24 RAM 2909/7620MB (lfb 13x4MB) SWAP 417/3810MB (cached 0MB) CPU [18%@1728,11%@1728,11%@1728,14%@1728,5%@729,66%@729] GR3D_FREQ 0% cpu@54.843C soc2@53.343C soc0@53.875C gpu@54.281C tj@54.843C soc1@54.718C VDD_IN 7384mW/7706mW VDD_CPU_GPU_CV 2128mW/2272mW VDD_SOC 1658mW/1707mW",54.843,54.281,53.875,54.718,53.343,54.843,1789216224694588180
2.44,7.976,1.737,2910,"09-12-2026 13:30:25 RAM 2910/7620MB (lfb 12x4MB) SWAP 417/3810MB (cached 0MB) CPU [71%@1728,15%@1728,13%@1728,9%@1728,5%@729,6%@729] GR3D_FREQ 0% cpu@54.687C soc2@53.5C soc0@53.968C gpu@54.5C tj@54.843C soc1@54.843C VDD_IN 7976mW/7708mW VDD_CPU_GPU_CV 2440mW/2273mW VDD_SOC 1737mW/1708mW",54.687,54.5,53.968,54.843,53.5,54.843,1789216225700274732
2.01,7.198,1.579,2910,"09-12-2026 13:30:26 RAM 2910/7620MB (lfb 12x4MB) SWAP 417/3810MB (cached 0MB) CPU [15%@1190,13%@1190,72%@1190,14%@1190,12%@1728,8%@1728] GR3D_FREQ 0% cpu@54.718C soc2@53.187C soc0@53.968C gpu@54.375C tj@54.875C soc1@54.875C VDD_IN 7198mW/7705mW VDD_CPU_GPU_CV 2010mW/2272mW VDD_SOC 1579mW/1707mW",54.718,54.375,53.968,54.875,53.187,54.875,1789216226706353584
2.637,8.331,1.813,2911,"09-12-2026 13:30:27 RAM 2911/7620MB (lfb 13x4MB) SWAP 417/3810MB (cached 0MB) CPU [5%@1728,5%@1728,13%@1728,72%@1728,2%@729,3%@729] GR3D_FREQ 99% cpu@54.781C soc2@53.437C soc0@54.218C gpu@54.5C tj@54.781C soc1@54.718C VDD_IN 8331mW/7708mW VDD_CPU_GPU_CV 2637mW/2273mW VDD_SOC 1813mW/1707mW",54.781,54.5,54.218,54.718,53.437,54.781,1789216227711582441
1.895,7.0,1.582,2911,"09-12-2026 13:30:28 RAM 2911/7620MB (lfb 13x4MB) SWAP 417/3810MB (cached 0MB) CPU [19%@729,16%@729,15%@729,58%@729,16%@1728,24%@1728] GR3D_FREQ 0% cpu@54.593C soc2@53.25C soc0@54C gpu@54.562C tj@54.718C soc1@54.718C VDD_IN 7000mW/7705mW VDD_CPU_GPU_CV 1895mW/2271mW VDD_SOC 1582mW/1707mW",54.593,54.562,54.0,54.718,53.25,54.718,1789216228718459325
2.715,8.436,1.813,2911,"09-12-2026 13:30:29 RAM 2911/7620MB (lfb 13x4MB) SWAP 417/3810MB (cached 0MB) CPU [5%@729,2%@729,4%@729,2%@729,0%@1728,77%@1728] GR3D_FREQ 0% cpu@54.375C soc2@53.531C soc0@54.062C gpu@54.937C tj@54.937C soc1@54.781C VDD_IN 8436mW/7708mW VDD_CPU_GPU_CV 2715mW/2273mW VDD_SOC 1813mW/1707mW",54.375,54.937,54.062,54.781,53.531,54.937,1789216229724513470
1.619,6.723,1.542,2911,"09-12-2026 13:30:30 RAM 2911/7620MB (lfb 13x4MB) SWAP 417/3810MB (cached 0MB) CPU [13%@1728,14%@1728,16%@1728,20%@1728,12%@729,78%@729] GR3D_FREQ 0% cpu@54.593C soc2@53.25C soc0@53.968C gpu@54.531C tj@54.718C soc1@54.718C VDD_IN 6723mW/7704mW VDD_CPU_GPU_CV 1619mW/2271mW VDD_SOC 1542mW/1707mW",54.593,54.531,53.968,54.718,53.25,54.718,1789216230729699230
2.558,8.292,1.813,2911,"09-12-2026 13:30:31 RAM 2911/7620MB (lfb 13x4MB) SWAP 417/3810MB (cached 0MB) CPU [43%@1728,5%@1728,15%@1728,31%@1728,0%@729,1%@729] GR3D_FREQ 98% cpu@54.656C soc2@53.531C soc0@54.062C gpu@54.593C tj@54.75C soc1@54.75C VDD_IN 8292mW/7706mW VDD_CPU_GPU_CV 2558mW/2272mW VDD_SOC 1813mW/1707mW",54.656,54.593,54.062,54.75,53.531,54.75,1789216231735232706
1.895,7.04,1.582,2912,"09-12-2026 13:30:32 RAM 2912/7620MB (lfb 13x4MB) SWAP 417/3810MB (cached 0MB) CPU [21%@1728,31%@1728,66%@1728,17%@1728,6%@729,9%@729] GR3D_FREQ 0% cpu@55.093C soc2@53.312C soc0@53.875C gpu@54.343C tj@55.312C soc1@54.781C VDD_IN 7040mW/7703mW VDD_CPU_GPU_CV 1895mW/2270mW VDD_SOC 1582mW/1707mW",55.093,54.343,53.875,54.781,53.312,55.312,1789216232741241247
2.833,8.633,1.852,2911,"09-12-2026 13:30:33 RAM 2911/7620MB (lfb 13x4MB) SWAP 417/3810MB (cached 0MB) CPU [3%@1728,1%@1728,78%@1728,1%@1728,4%@729,2%@729] GR3D_FREQ 99% cpu@55.187C soc2@53.468C soc0@54.25C gpu@54.625C tj@55.187C soc1@54.843C VDD_IN 8633mW/7707mW VDD_CPU_GPU_CV 2833mW/2273mW VDD_SOC 1852mW/1707mW",55.187,54.625,54.25,54.843,53.468,55.187,1789216233748587036
2.444,7.858,1.658,2967,"09-12-2026 13:30:34 RAM 2967/7620MB (lfb 2x2MB) SWAP 417/3810MB (cached 0MB) CPU [22%@729,32%@729,33%@729,15%@1728,11%@1728,34%@1728] GR3D_FREQ 99% cpu@54.5C soc2@53.531C soc0@54.156C gpu@54.625C tj@54.656C soc1@54.656C VDD_IN 7858mW/7708mW VDD_CPU_GPU_CV 2444mW/2273mW VDD_SOC 1658mW/1707mW",54.5,54.625,54.156,54.656,53.531,54.656,1789216234758622783
2.444,7.976,1.737,2911,"09-12-2026 13:30:35 RAM 2911/7620MB (lfb 13x4MB) SWAP 417/3810MB (cached 0MB) CPU [6%@1113,9%@1113,5%@1113,6%@1728,4%@1651,79%@1651] GR3D_FREQ 0% cpu@54.625C soc2@53.375C soc0@54.093C gpu@54.593C tj@54.718C soc1@54.718C VDD_IN 7976mW/7709mW VDD_CPU_GPU_CV 2444mW/2274mW VDD_SOC 1737mW/1707mW",54.625,54.593,54.093,54.718,53.375,54.718,1789216235764374897
2.326,7.739,1.658,2907,"09-12-2026 13:30:36 RAM 2907/7620MB (lfb 13x4MB) SWAP 417/3810MB (cached 0MB) CPU [15%@729,12%@729,12%@729,10%@729,15%@1728,78%@1728] GR3D_FREQ 99% cpu@54.593C soc2@53.375C soc0@53.968C gpu@54.562C tj@54.687C soc1@54.687C VDD_IN 7739mW/7709mW VDD_CPU_GPU_CV 2326mW/2274mW VDD_SOC 1658mW/1707mW",54.593,54.562,53.968,54.687,53.375,54.687,1789216236770065552
2.089,7.384,1.658,2907,"09-12-2026 13:30:37 RAM 2907/7620MB (lfb 13x4MB) SWAP 417/3810MB (cached 0MB) CPU [10%@1728,8%@1728,10%@1728,8%@1728,6%@1728,78%@1728] GR3D_FREQ 0% cpu@54.468C soc2@53.343C soc0@53.937C gpu@54.468C tj@54.718C soc1@54.718C VDD_IN 7384mW/7708mW VDD_CPU_GPU_CV 2089mW/2274mW VDD_SOC 1658mW/1707mW",54.468,54.468,53.937,54.718,53.343,54.718,1789216237775901859
2.479,8.016,1.737,2908,"09-12-2026 13:30:38 RAM 2908/7620MB (lfb 13x4MB) SWAP 417/3810MB (cached 0MB) CPU [12%@729,10%@729,14%@729,7%@729,8%@1497,77%@1497] GR3D_FREQ 99% cpu@54.343C soc2@53.562C soc0@54C gpu@54.593C tj@54.718C soc1@54.718C VDD_IN 8016mW/7709mW VDD_CPU_GPU_CV 2479mW/2274mW VDD_SOC 1737mW/1707mW",54.343,54.593,54.0,54.718,53.562,54.718,1789216238782734706
1.971,7.198,1.619,2909,"09-12-2026 13:30:39 RAM 2909/7620MB (lfb 13x4MB) SWAP 417/3810MB (cached 0MB) CPU [13%@1344,11%@1344,11%@1344,13%@1344,13%@1651,76%@1651] GR3D_FREQ 0% cpu@54.593C soc2@53.312C soc0@53.875C gpu@54.343C tj@54.75C soc1@54.75C VDD_IN 7198mW/7707mW VDD_CPU_GPU_CV 1971mW/2273mW VDD_SOC 1619mW/1706mW",54.593,54.343,53.875,54.75,53.312,54.75,1789216239788497976
2.558,8.213,1.774,2908,"09-12-2026 13:30:40 RAM 2908/7620MB (lfb 13x4MB) SWAP 417/3810MB (cached 0MB) CPU [10%@729,8%@729,7%@729,7%@729,9%@1728,74%@1728] GR3D_FREQ 44% cpu@54.562C soc2@53.5C soc0@54.062C gpu@54.593C tj@54.718C soc1@54.781C VDD_IN 8213mW/7709mW VDD_CPU_GPU_CV 2558mW/2274mW VDD_SOC 1774mW/1707mW",54.562,54.593,54.062,54.781,53.5,54.718,1789216240794974506
1.895,7.04,1.582,2910,"09-12-2026 13:30:41 RAM 2910/7620MB (lfb 13x4MB) SWAP 417/3810MB (cached 0MB) CPU [21%@1728,18%@1728,15%@1728,22%@1728,11%@729,59%@729] GR3D_FREQ 0% cpu@54.687C soc2@53.281C soc0@53.906C gpu@54.312C tj@54.781C soc1@54.781C VDD_IN 7040mW/7706mW VDD_CPU_GPU_CV 1895mW/2273mW VDD_SOC 1582mW/1706mW",54.687,54.312,53.906,54.781,53.281,54.781,1789216241800071570
2.519,8.213,1.774,2909,"09-12-2026 13:30:42 RAM 2909/7620MB (lfb 13x4MB) SWAP 417/3810MB (cached 0MB) CPU [4%@1651,10%@1651,73%@1651,5%@1728,1%@729,0%@729] GR3D_FREQ 0% cpu@55.125C soc2@53.437C soc0@54.093C gpu@54.781C tj@55.125C soc1@54.875C VDD_IN 8213mW/7709mW VDD_CPU_GPU_CV 2519mW/2274mW VDD_SOC 1774mW/1706mW",55.125,54.781,54.093,54.875,53.437,55.125,1789216242807818593
1.895,6.961,1.582,2909,"09-12-2026 13:30:43 RAM 2909/7620MB (lfb 13x4MB) SWAP 417/3810MB (cached 0MB) CPU [18%@1728,19%@1728,36%@1728,64%@1728,11%@729,3%@729] GR3D_FREQ 0% cpu@54.968C soc2@53.25C soc0@53.937C gpu@54.5C tj@54.968C soc1@54.875C VDD_IN 6961mW/7706mW VDD_CPU_GPU_CV 1895mW/2272mW VDD_SOC 1582mW/1706mW",54.968,54.5,53.937,54.875,53.25,54.968,1789216243811920412
2.873,8.712,1.852,2908,"09-12-2026 13:30:44 RAM 2908/7620MB (lfb 13x4MB) SWAP 417/3810MB (cached 0MB) CPU [3%@1728,2%@1728,2%@1728,76%@1728,1%@729,2%@729] GR3D_FREQ 98% cpu@54.968C soc2@53.562C soc0@54.156C gpu@54.875C tj@54.968C soc1@54.593C VDD_IN 8712mW/7710mW VDD_CPU_GPU_CV 2873mW/2275mW VDD_SOC 1852mW/1707mW",54.968,54.875,54.156,54.593,53.562,54.968,1789216244817178891
2.404,7.739,1.658,2964,"09-12-2026 13:30:45 RAM 2964/7620MB (lfb 1x4MB) SWAP 417/3810MB (cached 0MB) CPU [57%@1728,19%@1728,17%@1728,34%@1728,5%@729,11%@729] GR3D_FREQ 0% cpu@54.968C soc2@53.468C soc0@54.125C gpu@54.593C tj@54.968C soc1@54.593C VDD_IN 7739mW/7710mW VDD_CPU_GPU_CV 2404mW/2275mW VDD_SOC 1658mW/1706mW",54.968,54.593,54.125,54.593,53.468,54.968,1789216245822765894
2.365,7.858,1.737,2909,"09-12-2026 13:30:46 RAM 2909/7620MB (lfb 12x4MB) SWAP 417/3810MB (cached 0MB) CPU [46%@1728,39%@1728,4%@1728,5%@1728,7%@1113,3%@1113] GR3D_FREQ 0% cpu@54.968C soc2@53.406C soc0@54.125C gpu@54.531C tj@54.968C soc1@54.687C VDD_IN 7858mW/7710mW VDD_CPU_GPU_CV 2365mW/2276mW VDD_SOC 1737mW/1706mW",54.968,54.531,54.125,54.687,53.406,54.968,1789216246828741228
2.286,7.66,1.658,2910,"09-12-2026 13:30:47 RAM 2910/7620MB (lfb 12x4MB) SWAP 417/3810MB (cached 0MB) CPU [13%@729,13%@729,12%@729,12%@729,16%@1728,74%@1728] GR3D_FREQ 1% cpu@54.562C soc2@53.406C soc0@53.906C gpu@54.593C tj@54.687C soc1@54.687C VDD_IN 7660mW/7710mW VDD_CPU_GPU_CV 2286mW/2276mW VDD_SOC 1658mW/1706mW",54.562,54.593,53.906,54.687,53.406,54.687,1789216247836174635
2.207,7.502,1.658,2910,"09-12-2026 13:30:48 RAM 2910/7620MB (lfb 12x4MB) SWAP 417/3810MB (cached 0MB) CPU [10%@1651,7%@1651,11%@1651,20%@1651,7%@729,63%@729] GR3D_FREQ 0% cpu@54.812C soc2@53.375C soc0@53.937C gpu@54.468C tj@54.812C soc1@54.718C VDD_IN 7502mW/7709mW VDD_CPU_GPU_CV 2207mW/2275mW VDD_SOC 1658mW/1706mW",54.812,54.468,53.937,54.718,53.375,54.812,1789216248841046662
2.519,8.095,1.737,2908,"09-12-2026 13:30:49 RAM 2908/7620MB (lfb 12x4MB) SWAP 417/3810MB (cached 0MB) CPU [10%@1728,70%@1728,18%@1728,9%@1728,6%@729,4%@729] GR3D_FREQ 0% cpu@54.625C soc2@53.531C soc0@54.062C gpu@54.687C tj@54.687C soc1@54.687C VDD_IN 8095mW/7711mW VDD_CPU_GPU_CV 2519mW/2276mW VDD_SOC 1737mW/1706mW",54.625,54.687,54.062,54.687,53.531,54.687,1789216249847102812
1.934,7.079,1.582,2906,"09-12-2026 13:30:50 RAM 2906/7620MB (lfb 13x4MB) SWAP 417/3810MB (cached 0MB) CPU [17%@729,47%@729,9%@729,15%@1728,12%@1651,39%@1651] GR3D_FREQ 0% cpu@54.406C soc2@53.406C soc0@53.937C gpu@54.375C tj@54.75C soc1@54.75C VDD_IN 7079mW/7708mW VDD_CPU_GPU_CV 1934mW/2275mW VDD_SOC 1582mW/1706mW",54.406,54.375,53.937,54.75,53.406,54.75,1789216250854051194
2.519,8.134,1.774,2907,"09-12-2026 13:30:51 RAM 2907/7620MB (lfb 13x4MB) SWAP 417/3810MB (cached 0MB) CPU [7%@1728,4%@1728,10%@1728,5%@1728,6%@1728,77%@1728] GR3D_FREQ 5% cpu@54.437C soc2@53.375C soc0@53.968C gpu@54.625C tj@54.843C soc1@54.843C VDD_IN 8134mW/7710mW VDD_CPU_GPU_CV 2519mW/2276mW VDD_SOC 1774mW/1706mW",54.437,54.625,53.968,54.843,53.375,54.843,1789216251860648941
1.816,6.921,1.582,2907,"09-12-2026 13:30:52 RAM 2907/7620MB (lfb 13x4MB) SWAP 417/3810MB (cached 0MB) CPU [18%@1113,22%@1113,11%@1113,13%@1113,15%@1651,80%@1651] GR3D_FREQ 0% cpu@54.781C soc2@53.25C soc0@54C gpu@54.437C tj@54.875C soc1@54.875C VDD_IN 6921mW/7707mW VDD_CPU_GPU_CV 1816mW/2274mW VDD_SOC 1582mW/1706mW",54.781,54.437,54.0,54.875,53.25,54.875,1789216252867362884
2.637,8.371,1.813,2907,"09-12-2026 13:30:53 RAM 2907/7620MB (lfb 13x4MB) SWAP 417/3810MB (cached 0MB) CPU [3%@1728,3%@1728,5%@1728,3%@1728,0%@1728,78%@1728] GR3D_FREQ 0% cpu@54.718C soc2@53.5C soc0@54.343C gpu@54.687C tj@54.75C soc1@54.75C VDD_IN 8371mW/7710mW VDD_CPU_GPU_CV 2637mW/2275mW VDD_SOC 1813mW/1706mW",54.718,54.687,54.343,54.75,53.5,54.75,1789216253874546145
1.816,6.882,1.582,2920,"09-12-2026 13:30:54 RAM 2920/7620MB (lfb 10x4MB) SWAP 417/3810MB (cached 0MB) CPU [28%@1728,48%@1728,30%@1728,14%@1728,13%@729,17%@729] GR3D_FREQ 0% cpu@54.843C soc2@53.343C soc0@54.093C gpu@54.375C tj@54.843C soc1@54.718C VDD_IN 6882mW/7706mW VDD_CPU_GPU_CV 1816mW/2274mW VDD_SOC 1582mW/1705mW",54.843,54.375,54.093,54.718,53.343,54.843,1789216254879899621
2.676,8.357,1.813,2908,"09-12-2026 13:30:55 RAM 2908/7620MB (lfb 13x4MB) SWAP 417/3810MB (cached 0MB) CPU [4%@1113,17%@1113,5%@1113,4%@1113,33%@1728,26%@1728] GR3D_FREQ 0% cpu@54.468C soc2@53.5C soc0@54.093C gpu@54.562C tj@54.75C soc1@54.75C VDD_IN 8357mW/7709mW VDD_CPU_GPU_CV 2676mW/2275mW VDD_SOC 1813mW/1706mW",54.468,54.562,54.093,54.75,53.5,54.75,1789216255886603498
2.326,7.739,1.658,2964,"09-12-2026 13:30:56 RAM 2964/7620MB (lfb 1x4MB) SWAP 417/3810MB (cached 0MB) CPU [19%@1728,15%@1728,15%@1728,14%@1728,12%@1728,77%@1728] GR3D_FREQ 0% cpu@54.625C soc2@53.5C soc0@53.937C gpu@54.5C tj@54.718C soc1@54.718C VDD_IN 7739mW/7709mW VDD_CPU_GPU_CV 2326mW/2275mW VDD_SOC 1658mW/1706mW",54.625,54.5,53.937,54.718,53.5,54.718,1789216256892428937
2.444,7.937,1.737,2908,"09-12-2026 13:30:57 RAM 2908/7620MB (lfb 13x4MB) SWAP 417/3810MB (cached 0MB) CPU [13%@1728,8%@1728,6%@1728,6%@1728,5%@729,71%@729] GR3D_FREQ 0% cpu@54.687C soc2@53.562C soc0@54.093C gpu@54.531C tj@54.75C soc1@54.75C VDD_IN 7937mW/7710mW VDD_CPU_GPU_CV 2444mW/2276mW VDD_SOC 1737mW/1706mW",54.687,54.531,54.093,54.75,53.562,54.75,1789216257897726054
2.286,7.66,1.658,2906,"09-12-2026 13:30:58 RAM 2906/7620MB (lfb 13x4MB) SWAP 417/3810MB (cached 0MB) CPU [16%@729,24%@729,15%@729,23%@729,54%@1728,5%@1728] GR3D_FREQ 10% cpu@54.687C soc2@53.562C soc0@54.093C gpu@54.562C tj@54.875C soc1@54.875C VDD_IN 7660mW/7710mW VDD_CPU_GPU_CV 2286mW/2276mW VDD_SOC 1658mW/1706mW",54.687,54.562,54.093,54.875,53.562,54.875,1789216258904641929
2.01,7.317,1.658,2906,"09-12-2026 13:30:59 RAM 2906/7620MB (lfb 13x4MB) SWAP 417/3810MB (cached 0MB) CPU [15%@1728,8%@1728,9%@1728,9%@1728,32%@1728,51%@1728] GR3D_FREQ 0% cpu@54.687C soc2@53.281C soc0@54.031C gpu@54.437C tj@54.937C soc1@54.937C VDD_IN 7317mW/7708mW VDD_CPU_GPU_CV 2010mW/2275mW VDD_SOC 1658mW/1705mW",54.687,54.437,54.031,54.937,53.281,54.937,1789216259911153553
2.479,8.055,1.737,2908,"09-12-2026 13:31:00 RAM 2908/7620MB (lfb 12x4MB) SWAP 417/3810MB (cached 0MB) CPU [64%@1574,14%@1574,9%@1574,19%@1574,6%@729,4%@729] GR3D_FREQ 99% cpu@54.593C soc2@53.593C soc0@54.125C gpu@54.593C tj@54.781C soc1@54.781C VDD_IN 8055mW/7709mW VDD_CPU_GPU_CV 2479mW/2276mW VDD_SOC 1737mW/1706mW",54.593,54.593,54.125,54.781,53.593,54.781,1789216260916534602
2.05,7.277,1.619,2908,"09-12-2026 13:31:01 RAM 2908/7620MB (lfb 12x4MB) SWAP 417/3810MB (cached 0MB) CPU [27%@729,45%@729,28%@729,11%@729,9%@1497,11%@1497] GR3D_FREQ 0% cpu@54.968C soc2@53.406C soc0@54.093C gpu@54.437C tj@54.968C soc1@54.718C VDD_IN 7277mW/7708mW VDD_CPU_GPU_CV 2050mW/2275mW VDD_SOC 1619mW/1705mW",54.968,54.437,54.093,54.718,53.406,54.968,1789216261923718177
2.597,8.292,1.774,2909,"09-12-2026 13:31:02 RAM 2909/7620MB (lfb 12x4MB) SWAP 417/3810MB (cached 0MB) CPU [8%@729,4%@729,4%@729,4%@1728,6%@1728,77%@1728] GR3D_FREQ 99% cpu@54.593C soc2@53.375C soc0@54.093C gpu@54.531C tj@54.75C soc1@54.75C VDD_IN 8292mW/7710mW VDD_CPU_GPU_CV 2597mW/2276mW VDD_SOC 1774mW/1705mW",54.593,54.531,54.093,54.75,53.375,54.75,1789216262929855751
1.855,6.961,1.582,2909,"09-12-2026 13:31:03 RAM 2909/7620MB (lfb 12x4MB) SWAP 417/3810MB (cached 0MB) CPU [18%@1344,10%@1344,16%@1344,18%@1344,14%@1420,78%@1420] GR3D_FREQ 0% cpu@54.781C soc2@53.375C soc0@53.937C gpu@54.375C tj@54.781C soc1@54.906C VDD_IN 6961mW/7707mW VDD_CPU_GPU_CV 1855mW/2275mW VDD_SOC 1582mW/1705mW",54.781,54.375,53.937,54.906,53.375,54.781,1789216263938082585
2.715,8.476,1.852,2909,"09-12-2026 13:31:04 RAM 2909/7620MB (lfb 12x4MB) SWAP 417/3810MB (cached 0MB) CPU [4%@729,5%@729,4%@729,6%@729,1%@1728,77%@1728] GR3D_FREQ 61% cpu@54.593C soc2@53.781C soc0@54.187C gpu@54.75C tj@54.75C soc1@54.718C VDD_IN 8476mW/7710mW VDD_CPU_GPU_CV 2715mW/2276mW VDD_SOC 1852mW/1706mW",54.593,54.75,54.187,54.718,53.781,54.75,1789216264943724607
1.776,6.842,1.582,2909,"09-12-2026 13:31:05 RAM 2909/7620MB (lfb 12x4MB) SWAP 417/3810MB (cached 0MB) CPU [18%@1728,17%@1728,13%@1728,14%@1728,19%@1728,76%@1728] GR3D_FREQ 0% cpu@54.812C soc2@53.25C soc0@53.968C gpu@54.437C tj@54.906C soc1@54.906C VDD_IN 6842mW/7707mW VDD_CPU_GPU_CV 1776mW/2274mW VDD_SOC 1582mW/1705mW",54.812,54.437,53.968,54.906,53.25,54.906,1789216265950360049
2.715,8.515,1.852,2909,"09-12-2026 13:31:06 RAM 2909/7620MB (lfb 12x4MB) SWAP 417/3810MB (cached 0MB) CPU [1%@729,6%@729,4%@729,4%@729,0%@1728,75%@1728] GR3D_FREQ 66% cpu@54.781C soc2@53.593C soc0@54.156C gpu@54.687C tj@54.781C soc1@54.718C VDD_IN 8515mW/7710mW VDD_CPU_GPU_CV 2715mW/2276mW VDD_SOC 1852mW/1706mW",54.781,54.687,54.156,54.718,53.593,54.781,1789216266956305389
1.855,7.04,1.582,2964,"09-12-2026 13:31:07 RAM 2964/7620MB (lfb 1x4MB) SWAP 417/3810MB (cached 0MB) CPU [19%@729,14%@729,17%@729,20%@729,15%@1267,77%@1267] GR3D_FREQ 99% cpu@54.406C soc2@53.468C soc0@54.093C gpu@54.437C tj@54.718C soc1@54.75C VDD_IN 7040mW/7707mW VDD_CPU_GPU_CV 1855mW/2275mW VDD_SOC 1582mW/1705mW",54.406,54.437,54.093,54.75,53.468,54.718,1789216267964700516
2.597,8.213,1.774,2908,"09-12-2026 13:31:08 RAM 2908/7620MB (lfb 13x4MB) SWAP 417/3810MB (cached 0MB) CPU [6%@729,2%@729,4%@729,6%@729,4%@1728,76%@1728] GR3D_FREQ 0% cpu@54.718C soc2@53.437C soc0@54.062C gpu@54.625C tj@54.812C soc1@54.812C VDD_IN 8213mW/7709mW VDD_CPU_GPU_CV 2597mW/2276mW VDD_SOC 1774mW/1705mW",54.718,54.625,54.062,54.812,53.437,54.812,1789216268970416583
2.207,7.463,1.619,2909,"09-12-2026 13:31:09 RAM 2909/7620MB (lfb 13x4MB) SWAP 417/3810MB (cached 0MB) CPU [18%@729,22%@729,14%@729,35%@729,11%@1728,45%@1728] GR3D_FREQ 0% cpu@54.843C soc2@53.375C soc0@54.062C gpu@54.593C tj@54.843C soc1@54.75C VDD_IN 7463mW/7708mW VDD_CPU_GPU_CV 2207mW/2275mW VDD_SOC 1619mW/1705mW",54.843,54.593,54.062,54.75,53.375,54.843,1789216269977047182
2.247,7.621,1.658,2910,"09-12-2026 13:31:10 RAM 2910/7620MB (lfb 13x4MB) SWAP 417/3810MB (cached 0MB) CPU [7%@1267,7%@1267,8%@1267,10%@1267,7%@1728,76%@1728] GR3D_FREQ 0% cpu@54.656C soc2@53.468C soc0@54.062C gpu@54.468C tj@54.875C soc1@54.875C VDD_IN 7621mW/7708mW VDD_CPU_GPU_CV 2247mW/2275mW VDD_SOC 1658mW/1705mW",54.656,54.468,54.062,54.875,53.468,54.875,1789216270983119094
2.286,7.739,1.697,2910,"09-12-2026 13:31:11 RAM 2910/7620MB (lfb 13x4MB) SWAP 417/3810MB (cached 0MB) CPU [12%@729,16%@729,11%@729,10%@729,8%@1497,77%@1497] GR3D_FREQ 99% cpu@54.468C soc2@53.468C soc0@54.125C gpu@54.625C tj@54.906C soc1@54.906C VDD_IN 7739mW/7708mW VDD_CPU_GPU_CV 2286mW/2275mW VDD_SOC 1697mW/1705mW",54.468,54.625,54.125,54.906,53.468,54.906,1789216271989096980
2.05,7.317,1.619,2911,"09-12-2026 13:31:12 RAM 2911/7620MB (lfb 13x4MB) SWAP 417/3810MB (cached 0MB) CPU [10%@1728,17%@1728,11%@1728,11%@1728,10%@1497,77%@1497] GR3D_FREQ 0% cpu@54.812C soc2@53.312C soc0@54.062C gpu@54.593C tj@54.968C soc1@54.968C VDD_IN 7317mW/7707mW VDD_CPU_GPU_CV 2050mW/2275mW VDD_SOC 1619mW/1705mW",54.812,54.593,54.062,54.968,53.312,54.968,1789216272995178754
2.597,8.252,1.774,2911,"09-12-2026 13:31:13 RAM 2911/7620MB (lfb 13x4MB) SWAP 417/3810MB (cached 0MB) CPU [10%@1728,9%@1728,6%@1728,12%@1728,7%@1728,79%@1728] GR3D_FREQ 85% cpu@54.781C soc2@53.5C soc0@54.187C gpu@54.75C tj@54.781C soc1@54.718C VDD_IN 8252mW/7709mW VDD_CPU_GPU_CV 2597mW/2276mW VDD_SOC 1774mW/1705mW",54.781,54.75,54.187,54.718,53.5,54.781,1789216274001676666
1.895,7.04,1.582,2911,"09-12-2026 13:31:14 RAM 2911/7620MB (lfb 13x4MB) SWAP 417/3810MB (cached 0MB) CPU [19%@1267,12%@1267,13%@1267,16%@1267,10%@1728,77%@1728] GR3D_FREQ 0% cpu@54.875C soc2@53.312C soc0@54.125C gpu@54.437C tj@54.875C soc1@54.718C VDD_IN 7040mW/7706mW VDD_CPU_GPU_CV 1895mW/2274mW VDD_SOC 1582mW/1704mW",54.875,54.437,54.125,54.718,53.312,54.875,1789216275007245353
2.558,8.252,1.774,2912,"09-12-2026 13:31:16 RAM 2912/7620MB (lfb 13x4MB) SWAP 417/3810MB (cached 0MB) CPU [8%@729,5%@729,4%@729,7%@729,4%@1728,78%@1728] GR3D_FREQ 26% cpu@54.593C soc2@53.531C soc0@54.187C gpu@54.687C tj@54.875C soc1@54.875C VDD_IN 8252mW/7708mW VDD_CPU_GPU_CV 2558mW/2275mW VDD_SOC 1774mW/1705mW",54.593,54.687,54.187,54.875,53.531,54.875,1789216276014949963
1.816,6.882,1.582,2913,"09-12-2026 13:31:17 RAM 2913/7620MB (lfb 13x4MB) SWAP 417/3810MB (cached 0MB) CPU [21%@729,16%@729,14%@729,17%@729,18%@1728,75%@1728] GR3D_FREQ 0% cpu@54.625C soc2@53.375C soc0@54C gpu@54.531C tj@54.875C soc1@54.875C VDD_IN 6882mW/7705mW VDD_CPU_GPU_CV 1816mW/2274mW VDD_SOC 1582mW/1704mW",54.625,54.531,54.0,54.875,53.375,54.875,1789216277021441854
2.755,8.515,1.852,2913,"09-12-2026 13:31:18 RAM 2913/7620MB (lfb 13x4MB) SWAP 417/3810MB (cached 0MB) CPU [4%@729,4%@729,3%@729,3%@729,0%@1728,77%@1728] GR3D_FREQ 83% cpu@54.593C soc2@53.5C soc0@54.187C gpu@54.625C tj@54.968C soc1@54.968C VDD_IN 8515mW/7708mW VDD_CPU_GPU_CV 2755mW/2275mW VDD_SOC 1852mW/1705mW",54.593,54.625,54.187,54.968,53.5,54.968,1789216278028533341
1.697,6.763,1.542,2914,"09-12-2026 13:31:19 RAM 2914/7620MB (lfb 13x4MB) SWAP 417/3810MB (cached 0MB) CPU [22%@729,13%@729,18%@729,18%@729,14%@1728,81%@1728] GR3D_FREQ 0% cpu@54.718C soc2@53.25C soc0@54.062C gpu@54.375C tj@54.75C soc1@54.75C VDD_IN 6763mW/7705mW VDD_CPU_GPU_CV 1697mW/2273mW VDD_SOC 1542mW/1704mW",54.718,54.375,54.062,54.75,53.25,54.75,1789216279034047574
2.637,8.41,1.813,2914,"09-12-2026 13:31:20 RAM 2914/7620MB (lfb 13x4MB) SWAP 417/3810MB (cached 0MB) CPU [5%@1728,4%@1728,5%@1728,3%@1728,1%@1113,70%@1113] GR3D_FREQ 99% cpu@54.593C soc2@53.593C soc0@54.281C gpu@54.593C tj@54.75C soc1@54.75C VDD_IN 8410mW/7707mW VDD_CPU_GPU_CV 2637mW/2275mW VDD_SOC 1813mW/1705mW",54.593,54.593,54.281,54.75,53.593,54.75,1789216280040844621
1.931,7.158,1.619,2971,"09-12-2026 13:31:21 RAM 2971/7620MB (lfb 1x4MB) SWAP 417/3810MB (cached 0MB) CPU [21%@1728,12%@1728,20%@1728,18%@1728,12%@1036,79%@1036] GR3D_FREQ 99% cpu@54.343C soc2@53.718C soc0@54.031C gpu@54.468C tj@54.781C soc1@54.781C VDD_IN 7158mW/7705mW VDD_CPU_GPU_CV 1931mW/2273mW VDD_SOC 1619mW/1704mW",54.343,54.468,54.031,54.781,53.718,54.781,1789216281047553390
2.519,8.134,1.776,2915,"09-12-2026 13:31:22 RAM 2915/7620MB (lfb 13x4MB) SWAP 417/3810MB (cached 0MB) CPU [7%@1728,5%@1728,3%@1728,3%@1728,2%@1728,77%@1728] GR3D_FREQ 0% cpu@54.656C soc2@53.5C soc0@54.031C gpu@54.531C tj@54.843C soc1@54.906C VDD_IN 8134mW/7707mW VDD_CPU_GPU_CV 2519mW/2274mW VDD_SOC 1776mW/1705mW",54.656,54.531,54.031,54.906,53.5,54.843,1789216282053303446
2.168,7.423,1.619,2914,"09-12-2026 13:31:23 RAM 2914/7620MB (lfb 13x4MB) SWAP 417/3810MB (cached 0MB) CPU [17%@1728,13%@1728,48%@1728,13%@1728,15%@729,42%@729] GR3D_FREQ 0% cpu@54.968C soc2@53.437C soc0@54.093C gpu@54.625C tj@54.968C soc1@54.906C VDD_IN 7423mW/7706mW VDD_CPU_GPU_CV 2168mW/2274mW VDD_SOC 1619mW/1704mW",54.968,54.625,54.093,54.906,53.437,54.968,1789216283060597792
2.128,7.542,1.697,2914,"09-12-2026 13:31:24 RAM 2914/7620MB (lfb 13x4MB) SWAP 417/3810MB (cached 0MB) CPU [8%@729,9%@1728,5%@1728,8%@1728,23%@1651,61%@1651] GR3D_FREQ 0% cpu@54.5C soc2@53.375C soc0@54.156C gpu@54.593C tj@55.031C soc1@55.031C VDD_IN 7542mW/7705mW VDD_CPU_GPU_CV 2128mW/2273mW VDD_SOC 1697mW/1704mW",54.5,54.593,54.156,55.031,53.375,55.031,1789216284066352538
2.404,7.897,1.697,2915,"09-12-2026 13:31:25 RAM 2915/7620MB (lfb 12x4MB) SWAP 417/3810MB (cached 0MB) CPU [58%@1728,15%@1728,14%@1728,8%@1728,9%@729,28%@729] GR3D_FREQ 96% cpu@55.031C soc2@53.718C soc0@54.187C gpu@54.656C tj@55.031C soc1@54.781C VDD_IN 7897mW/7706mW VDD_CPU_GPU_CV 2404mW/2274mW VDD_SOC 1697mW/1704mW",55.031,54.656,54.187,54.781,53.718,55.031,1789216285071421493
2.207,7.463,1.619,2914,"09-12-2026 13:31:26 RAM 2914/7620MB (lfb 12x4MB) SWAP 417/3810MB (cached 0MB) CPU [36%@1728,12%@1728,45%@1728,16%@1728,9%@1574,10%@1574] GR3D_FREQ 0% cpu@54.937C soc2@53.468C soc0@54.187C gpu@54.5C tj@54.937C soc1@54.875C VDD_IN 7463mW/7705mW VDD_CPU_GPU_CV 2207mW/2274mW VDD_SOC 1619mW/1704mW",54.937,54.5,54.187,54.875,53.468,54.937,1789216286078737087
2.597,8.213,1.774,2914,"09-12-2026 13:31:27 RAM 2914/7620MB (lfb 12x4MB) SWAP 417/3810MB (cached 0MB) CPU [16%@729,7%@729,10%@729,4%@729,6%@1728,73%@1728] GR3D_FREQ 2% cpu@54.781C soc2@53.531C soc0@54.156C gpu@54.687C tj@54.875C soc1@54.875C VDD_IN 8213mW/7707mW VDD_CPU_GPU_CV 2597mW/2275mW VDD_SOC 1774mW/1704mW",54.781,54.687,54.156,54.875,53.531,54.875,1789216287084515159
1.934,7.079,1.582,2914,"09-12-2026 13:31:28 RAM 2914/7620MB (lfb 12x4MB) SWAP 417/3810MB (cached 0MB) CPU [22%@729,16%@729,21%@729,12%@729,24%@1728,53%@1728] GR3D_FREQ 0% cpu@54.718C soc2@53.531C soc0@54.125C gpu@54.468C tj@54.937C soc1@54.937C VDD_IN 7079mW/7705mW VDD_CPU_GPU_CV 1934mW/2274mW VDD_SOC 1582mW/1704mW",54.718,54.468,54.125,54.937,53.531,54.937,1789216288091177424
2.676,8.41,1.813,2915,"09-12-2026 13:31:29 RAM 2915/7620MB (lfb 12x4MB) SWAP 417/3810MB (cached 0MB) CPU [6%@729,5%@729,4%@729,6%@729,2%@1728,77%@1728] GR3D_FREQ 15% cpu@54.75C soc2@53.656C soc0@54.218C gpu@54.812C tj@55.062C soc1@55.062C VDD_IN 8410mW/7707mW VDD_CPU_GPU_CV 2676mW/2275mW VDD_SOC 1813mW/1704mW",54.75,54.812,54.218,55.062,53.656,55.062,1789216289098668076
1.737,6.842,1.542,2914,"09-12-2026 13:31:30 RAM 2914/7620MB (lfb 13x4MB) SWAP 417/3810MB (cached 0MB) CPU [21%@729,18%@729,16%@729,16%@729,13%@1728,80%@1728] GR3D_FREQ 0% cpu@54.843C soc2@53.312C soc0@54.125C gpu@54.531C tj@54.906C soc1@54.906C VDD_IN 6842mW/7704mW VDD_CPU_GPU_CV 1737mW/2273mW VDD_SOC 1542mW/1704mW",54.843,54.531,54.125,54.906,53.312,54.906,1789216290104016760
2.637,8.436,1.813,2916,"09-12-2026 13:31:31 RAM 2916/7620MB (lfb 12x4MB) SWAP 417/3810MB (cached 0MB) CPU [3%@729,4%@729,4%@729,2%@729,0%@1344,73%@1344] GR3D_FREQ 99% cpu@54.625C soc2@53.625C soc0@54.375C gpu@54.781C tj@54.875C soc1@54.875C VDD_IN 8436mW/7707mW VDD_CPU_GPU_CV 2637mW/2274mW VDD_SOC 1813mW/1704mW",54.625,54.781,54.375,54.875,53.625,54.875,1789216291110302192
1.737,6.842,1.582,2969,"09-12-2026 13:31:32 RAM 2969/7620MB (lfb 1x2MB) SWAP 417/3810MB (cached 0MB) CPU [17%@729,16%@729,18%@729,16%@729,12%@1728,85%@1728] GR3D_FREQ 0% cpu@54.937C soc2@53.406C soc0@54.062C gpu@54.625C tj@54.937C soc1@54.843C VDD_IN 6842mW/7704mW VDD_CPU_GPU_CV 1737mW/2273mW VDD_SOC 1582mW/1703mW",54.937,54.625,54.062,54.843,53.406,54.937,1789216292117596712
2.676,8.331,1.774,2917,"09-12-2026 13:31:33 RAM 2917/7620MB (lfb 12x4MB) SWAP 417/3810MB (cached 0MB) CPU [6%@729,8%@729,4%@729,3%@729,1%@1497,73%@1497] GR3D_FREQ 0% cpu@54.718C soc2@53.656C soc0@54.343C gpu@54.562C tj@54.906C soc1@54.906C VDD_IN 8331mW/7706mW VDD_CPU_GPU_CV 2676mW/2274mW VDD_SOC 1774mW/1704mW",54.718,54.562,54.343,54.906,53.656,54.906,1789216293123019365
2.286,7.621,1.658,2969,"09-12-2026 13:31:34 RAM 2969/7620MB (lfb 1x2MB) SWAP 417/3810MB (cached 0MB) CPU [18%@729,12%@729,20%@729,11%@729,13%@1728,76%@1728] GR3D_FREQ 0% cpu@54.625C soc2@53.625C soc0@54.187C gpu@54.593C tj@54.968C soc1@54.968C VDD_IN 7621mW/7706mW VDD_CPU_GPU_CV 2286mW/2274mW VDD_SOC 1658mW/1704mW",54.625,54.593,54.187,54.968,53.625,54.968,1789216294129101173
2.207,7.7,1.697,2916,"09-12-2026 13:31:35 RAM 2916/7620MB (lfb 13x4MB) SWAP 417/3810MB (cached 0MB) CPU [9%@729,8%@1728,11%@1728,2%@1728,4%@1574,75%@1574] GR3D_FREQ 0% cpu@54.656C soc2@53.468C soc0@54.218C gpu@54.437C tj@55.031C soc1@55.031C VDD_IN 7700mW/7706mW VDD_CPU_GPU_CV 2207mW/2274mW VDD_SOC 1697mW/1704mW",54.656,54.437,54.218,55.031,53.468,55.031,1789216295135423304
2.207,7.581,1.658,2916,"09-12-2026 13:31:36 RAM 2916/7620MB (lfb 13x4MB) SWAP 417/3810MB (cached 0MB) CPU [16%@729,14%@729,13%@729,12%@729,16%@1728,70%@1728] GR3D_FREQ 99% cpu@54.593C soc2@53.593C soc0@54.312C gpu@54.5C tj@54.781C soc1@54.781C VDD_IN 7581mW/7705mW VDD_CPU_GPU_CV 2207mW/2274mW VDD_SOC 1658mW/1703mW",54.593,54.5,54.312,54.781,53.593,54.781,1789216296141827949
2.128,7.502,1.658,2917,"09-12-2026 13:31:37 RAM 2917/7620MB (lfb 13x4MB) SWAP 417/3810MB (cached 0MB) CPU [7%@729,10%@729,11%@729,8%@729,6%@1574,77%@1574] GR3D_FREQ 0% cpu@54.937C soc2@53.562C soc0@54.281C gpu@54.562C tj@54.937C soc1@54.906C VDD_IN 7502mW/7704mW VDD_CPU_GPU_CV 2128mW/2273mW VDD_SOC 1658mW/1703mW",54.937,54.562,54.281,54.906,53.562,54.937,1789216297148043536
2.365,7.858,1.697,2917,"09-12-2026 13:31:38 RAM 2917/7620MB (lfb 13x4MB) SWAP 417/3810MB (cached 0MB) CPU [13%@729,10%@729,14%@729,12%@729,9%@1728,79%@1728] GR3D_FREQ 0% cpu@54.718C soc2@53.656C soc0@54.218C gpu@54.562C tj@54.906C soc1@54.906C VDD_IN 7858mW/7705mW VDD_CPU_GPU_CV 2365mW/2273mW VDD_SOC 1697mW/1703mW",54.718,54.562,54.218,54.906,53.656,54.906,1789216298156317485
1.971,7.238,1.619,2917,"09-12-2026 13:31:39 RAM 2917/7620MB (lfb 13x4MB) SWAP 417/3810MB (cached 0MB) CPU [15%@729,10%@729,12%@729,10%@729,11%@1497,77%@1497] GR3D_FREQ 0% cpu@54.718C soc2@53.625C soc0@54.156C gpu@54.531C tj@55.031C soc1@55.031C VDD_IN 7238mW/7703mW VDD_CPU_GPU_CV 1971mW/2272mW VDD_SOC 1619mW/1703mW",54.718,54.531,54.156,55.031,53.625,55.031,1789216299162953024
