power_VDD_CPU_GPU_CV_w,power_VDD_IN_w,power_VDD_SOC_w,ram_used_mb,raw,temperature_cpu_c,temperature_gpu_c,temperature_soc0_c,temperature_soc1_c,temperature_soc2_c,temperature_tj_c,timestamp_ns
0.831,5.704,1.545,2765,"09-12-2026 13:21:09 RAM 2765/7620MB (lfb 8x4MB) SWAP 417/3810MB (cached 0MB) CPU [7%@1036,8%@1036,3%@1036,4%@1036,1%@1190,75%@1190] GR3D_FREQ 0% cpu@50.718C soc2@49.531C soc0@50.437C gpu@50.718C tj@51.531C soc1@51.562C VDD_IN 5704mW/5704mW VDD_CPU_GPU_CV 831mW/831mW VDD_SOC 1545mW/1545mW",50.718,50.718,50.437,51.562,49.531,51.531,1789215669175355095
0.831,5.704,1.545,2765,"09-12-2026 13:21:10 RAM 2765/7620MB (lfb 8x4MB) SWAP 417/3810MB (cached 0MB) CPU [5%@729,5%@729,8%@729,4%@729,1%@1190,74%@1190] GR3D_FREQ 0% cpu@50.687C soc2@49.531C soc0@50.343C gpu@50.562C tj@51.531C soc1@51.531C VDD_IN 5704mW/5704mW VDD_CPU_GPU_CV 831mW/831mW VDD_SOC 1545mW/1545mW",50.687,50.562,50.343,51.531,49.531,51.531,1789215670181381528
0.791,5.665,1.545,2765,"09-12-2026 13:21:11 RAM 2765/7620MB (lfb 8x4MB) SWAP 417/3810MB (cached 0MB) CPU [5%@1728,2%@1728,13%@1728,7%@1728,1%@729,64%@729] GR3D_FREQ 0% cpu@50.906C soc2@49.593C soc0@50.5C gpu@50.562C tj@51.343C soc1@51.343C VDD_IN 5665mW/5691mW VDD_CPU_GPU_CV 791mW/818mW VDD_SOC 1545mW/1545mW",50.906,50.562,50.5,51.343,49.593,51.343,1789215671188078539
0.83,5.704,1.545,2766,"09-12-2026 13:21:12 RAM 2766/7620MB (lfb 8x4MB) SWAP 417/3810MB (cached 0MB) CPU [8%@1113,5%@1113,37%@1113,42%@1728,0%@729,2%@729] GR3D_FREQ 0% cpu@50.937C soc2@49.625C soc0@50.406C gpu@50.656C tj@51.468C soc1@51.468C VDD_IN 5704mW/5694mW VDD_CPU_GPU_CV 830mW/821mW VDD_SOC 1545mW/1545mW",50.937,50.656,50.406,51.468,49.625,51.468,1789215672194449465
0.83,5.704,1.545,2766,"09-12-2026 13:21:13 RAM 2766/7620MB (lfb 8x4MB) SWAP 417/3810MB (cached 0MB) CPU [6%@1190,52%@1190,6%@1190,30%@1190,0%@729,0%@729] GR3D_FREQ 0% cpu@50.718C soc2@49.687C soc0@50.375C gpu@50.781C tj@51.468C soc1@51.562C VDD_IN 5704mW/5696mW VDD_CPU_GPU_CV 830mW/823mW VDD_SOC 1545mW/1545mW",50.718,50.781,50.375,51.562,49.687,51.468,1789215673200454618
0.83,5.704,1.545,2766,"09-12-2026 13:21:14 RAM 2766/7620MB (lfb 8x4MB) SWAP 417/3810MB (cached 0MB) CPU [27%@1190,40%@1190,18%@1190,10%@1190,0%@729,0%@729] GR3D_FREQ 0% cpu@50.781C soc2@49.531C soc0@50.406C gpu@50.875C tj@51.593C soc1@51.593C VDD_IN 5704mW/5698mW VDD_CPU_GPU_CV 830mW/824mW VDD_SOC 1545mW/1545mW",50.781,50.875,50.406,51.593,49.531,51.593,1789215674206711063
0.83,5.704,1.545,2766,"09-12-2026 13:21:15 RAM 2766/7620MB (lfb 8x4MB) SWAP 417/3810MB (cached 0MB) CPU [16%@1267,38%@1267,34%@1267,6%@1267,0%@729,0%@729] GR3D_FREQ 0% cpu@51.062C soc2@49.593C soc0@50.468C gpu@50.843C tj@51.468C soc1@51.468C VDD_IN 5704mW/5698mW VDD_CPU_GPU_CV 830mW/825mW VDD_SOC 1545mW/1545mW",51.062,50.843,50.468,51.468,49.593,51.468,1789215675212584758
0.831,5.704,1.545,2766,"09-12-2026 13:21:16 RAM 2766/7620MB (lfb 8x4MB) SWAP 417/3810MB (cached 0MB) CPU [7%@1728,9%@1728,26%@1728,52%@1728,0%@729,0%@729] GR3D_FREQ 0% cpu@50.75C soc2@49.625C soc0@50.406C gpu@50.843C tj@51.437C soc1@51.437C VDD_IN 5704mW/5699mW VDD_CPU_GPU_CV 831mW/826mW VDD_SOC 1545mW/1545mW",50.75,50.843,50.406,51.437,49.625,51.437,1789215676219425959
1.028,6.021,1.545,2762,"09-12-2026 13:21:17 RAM 2762/7620MB (lfb 8x4MB) SWAP 417/3810MB (cached 0MB) CPU [13%@1190,26%@1190,7%@1190,56%@1190,6%@729,2%@729] GR3D_FREQ 0% cpu@50.968C soc2@49.687C soc0@50.375C gpu@50.75C tj@51.5C soc1@51.5C VDD_IN 6021mW/5735mW VDD_CPU_GPU_CV 1028mW/848mW VDD_SOC 1545mW/1545mW",50.968,50.75,50.375,51.5,49.687,51.5,1789215677224433560
0.83,5.744,1.545,2762,"09-12-2026 13:21:18 RAM 2762/7620MB (lfb 8x4MB) SWAP 417/3810MB (cached 0MB) CPU [9%@1113,7%@1113,24%@1113,54%@1113,1%@729,0%@729] GR3D_FREQ 0% cpu@50.906C soc2@49.656C soc0@50.437C gpu@50.718C tj@51.625C soc1@51.656C VDD_IN 5744mW/5736mW VDD_CPU_GPU_CV 830mW/846mW VDD_SOC 1545mW/1545mW",50.906,50.718,50.437,51.656,49.656,51.625,1789215678230671926
0.83,5.704,1.545,2762,"09-12-2026 13:21:19 RAM 2762/7620MB (lfb 8x4MB) SWAP 417/3810MB (cached 0MB) CPU [8%@1728,18%@1728,38%@1728,4%@1728,7%@729,21%@729] GR3D_FREQ 0% cpu@50.843C soc2@49.687C soc0@50.531C gpu@50.75C tj@51.5C soc1@51.5C VDD_IN 5704mW/5733mW VDD_CPU_GPU_CV 830mW/845mW VDD_SOC 1545mW/1545mW",50.843,50.75,50.531,51.5,49.687,51.5,1789215679236686632
0.831,5.665,1.545,2762,"09-12-2026 13:21:20 RAM 2762/7620MB (lfb 8x4MB) SWAP 417/3810MB (cached 0MB) CPU [13%@1728,6%@1728,29%@1728,41%@1728,0%@729,0%@729] GR3D_FREQ 0% cpu@50.968C soc2@49.687C soc0@50.437C gpu@51.062C tj@51.593C soc1@51.593C VDD_IN 5665mW/5727mW VDD_CPU_GPU_CV 831mW/844mW VDD_SOC 1545mW/1545mW",50.968,51.062,50.437,51.593,49.687,51.593,1789215680243721799
0.831,5.665,1.545,2762,"09-12-2026 13:21:21 RAM 2762/7620MB (lfb 8x4MB) SWAP 417/3810MB (cached 0MB) CPU [4%@1728,22%@1728,3%@1728,57%@1728,2%@729,2%@729] GR3D_FREQ 0% cpu@50.75C soc2@49.718C soc0@50.406C gpu@51C tj@51.531C soc1@51.531C VDD_IN 5665mW/5722mW VDD_CPU_GPU_CV 831mW/843mW VDD_SOC 1545mW/1545mW",50.75,51.0,50.406,51.531,49.718,51.531,1789215681249358819
0.83,5.704,1.545,2762,"09-12-2026 13:21:22 RAM 2762/7620MB (lfb 8x4MB) SWAP 417/3810MB (cached 0MB) CPU [6%@1728,4%@1728,2%@1728,73%@1728,1%@729,1%@729] GR3D_FREQ 0% cpu@50.937C soc2@49.656C soc0@50.468C gpu@51C tj@51.625C soc1@51.718C VDD_IN 5704mW/5721mW VDD_CPU_GPU_CV 830mW/842mW VDD_SOC 1545mW/1545mW",50.937,51.0,50.468,51.718,49.656,51.625,1789215682255350223
0.831,5.704,1.545,2762,"09-12-2026 13:21:23 RAM 2762/7620MB (lfb 8x4MB) SWAP 417/3810MB (cached 0MB) CPU [6%@1113,34%@1113,3%@1113,45%@1113,1%@729,1%@729] GR3D_FREQ 0% cpu@50.968C soc2@49.656C soc0@50.562C gpu@50.718C tj@51.5C soc1@51.5C VDD_IN 5704mW/5720mW VDD_CPU_GPU_CV 831mW/841mW VDD_SOC 1545mW/1545mW",50.968,50.718,50.562,51.5,49.656,51.5,1789215683262220350
0.792,5.665,1.545,2762,"09-12-2026 13:21:24 RAM 2762/7620MB (lfb 8x4MB) SWAP 417/3810MB (cached 0MB) CPU [5%@1190,20%@1190,3%@1190,59%@1190,4%@729,3%@729] GR3D_FREQ 0% cpu@51.031C soc2@49.625C soc0@50.625C gpu@50.75C tj@51.5C soc1@51.5C VDD_IN 5665mW/5717mW VDD_CPU_GPU_CV 792mW/838mW VDD_SOC 1545mW/1545mW",51.031,50.75,50.625,51.5,49.625,51.5,1789215684268308514
0.831,5.704,1.545,2762,"09-12-2026 13:21:25 RAM 2762/7620MB (lfb 8x4MB) SWAP 417/3810MB (cached 0MB) CPU [6%@1036,33%@1036,32%@1036,20%@1036,2%@729,3%@729] GR3D_FREQ 0% cpu@50.75C soc2@49.718C soc0@50.562C gpu@50.781C tj@51.593C soc1@51.593C VDD_IN 5704mW/5716mW VDD_CPU_GPU_CV 831mW/838mW VDD_SOC 1545mW/1545mW",50.75,50.781,50.562,51.593,49.718,51.593,1789215685274924084
0.83,5.665,1.545,2762,"09-12-2026 13:21:26 RAM 2762/7620MB (lfb 8x4MB) SWAP 417/3810MB (cached 0MB) CPU [7%@1728,28%@1728,3%@1728,52%@1728,1%@729,0%@729] GR3D_FREQ 0% cpu@50.968C soc2@49.687C soc0@50.5C gpu@51.187C tj@51.656C soc1@51.656C VDD_IN 5665mW/5713mW VDD_CPU_GPU_CV 830mW/837mW VDD_SOC 1545mW/1545mW",50.968,51.187,50.5,51.656,49.687,51.656,1789215686281112082
0.831,5.704,1.545,2762,"09-12-2026 13:21:27 RAM 2762/7620MB (lfb 8x4MB) SWAP 417/3810MB (cached 0MB) CPU [6%@1113,66%@1728,3%@1728,11%@1728,2%@729,4%@729] GR3D_FREQ 0% cpu@51C soc2@49.687C soc0@50.562C gpu@51C tj@51.5C soc1@51.5C VDD_IN 5704mW/5713mW VDD_CPU_GPU_CV 831mW/837mW VDD_SOC 1545mW/1545mW",51.0,51.0,50.562,51.5,49.687,51.5,1789215687287951624
0.83,5.704,1.545,2762,"09-12-2026 13:21:28 RAM 2762/7620MB (lfb 8x4MB) SWAP 417/3810MB (cached 0MB) CPU [5%@1728,22%@1728,58%@1728,1%@1728,4%@729,3%@729] GR3D_FREQ 0% cpu@50.937C soc2@49.718C soc0@50.562C gpu@50.906C tj@51.625C soc1@51.625C VDD_IN 5704mW/5712mW VDD_CPU_GPU_CV 830mW/836mW VDD_SOC 1545mW/1545mW",50.937,50.906,50.562,51.625,49.718,51.625,1789215688293993045
0.831,5.665,1.545,2762,"09-12-2026 13:21:29 RAM 2762/7620MB (lfb 8x4MB) SWAP 417/3810MB (cached 0MB) CPU [3%@1113,2%@1113,61%@1113,20%@1113,3%@729,2%@729] GR3D_FREQ 0% cpu@50.843C soc2@49.687C soc0@50.468C gpu@50.875C tj@51.531C soc1@51.531C VDD_IN 5665mW/5710mW VDD_CPU_GPU_CV 831mW/836mW VDD_SOC 1545mW/1545mW",50.843,50.875,50.468,51.531,49.687,51.531,1789215689300379841
0.83,5.704,1.545,2762,"09-12-2026 13:21:30 RAM 2762/7620MB (lfb 8x4MB) SWAP 417/3810MB (cached 0MB) CPU [6%@1113,9%@1113,53%@1113,22%@1113,4%@729,1%@729] GR3D_FREQ 0% cpu@50.937C soc2@49.718C soc0@50.531C gpu@50.906C tj@51.625C soc1@51.625C VDD_IN 5704mW/5710mW VDD_CPU_GPU_CV 830mW/836mW VDD_SOC 1545mW/1545mW",50.937,50.906,50.531,51.625,49.718,51.625,1789215690306506065
0.83,5.665,1.545,2763,"09-12-2026 13:21:31 RAM 2763/7620MB (lfb 8x4MB) SWAP 417/3810MB (cached 0MB) CPU [16%@1190,23%@1190,34%@1190,3%@1190,3%@729,16%@729] GR3D_FREQ 0% cpu@50.875C soc2@49.718C soc0@50.656C gpu@50.812C tj@51.531C soc1@51.531C VDD_IN 5665mW/5708mW VDD_CPU_GPU_CV 830mW/836mW VDD_SOC 1545mW/1545mW",50.875,50.812,50.656,51.531,49.718,51.531,1789215691312528370
0.83,5.665,1.545,2763,"09-12-2026 13:21:32 RAM 2763/7620MB (lfb 8x4MB) SWAP 417/3810MB (cached 0MB) CPU [5%@1728,62%@1728,17%@1728,2%@1728,3%@729,2%@729] GR3D_FREQ 0% cpu@51.093C soc2@49.656C soc0@50.625C gpu@50.781C tj@51.656C soc1@51.656C VDD_IN 5665mW/5706mW VDD_CPU_GPU_CV 830mW/835mW VDD_SOC 1545mW/1545mW",51.093,50.781,50.625,51.656,49.656,51.656,1789215692318689356
0.791,5.665,1.545,2763,"09-12-2026 13:21:33 RAM 2763/7620MB (lfb 8x4MB) SWAP 417/3810MB (cached 0MB) CPU [6%@1190,74%@1190,1%@1190,3%@1190,3%@729,2%@729] GR3D_FREQ 0% cpu@50.75C soc2@49.75C soc0@50.468C gpu@50.875C tj@51.593C soc1@51.593C VDD_IN 5665mW/5704mW VDD_CPU_GPU_CV 791mW/834mW VDD_SOC 1545mW/1545mW",50.75,50.875,50.468,51.593,49.75,51.593,1789215693324602387
0.83,5.665,1.545,2763,"09-12-2026 13:21:34 RAM 2763/7620MB (lfb 8x4MB) SWAP 417/3810MB (cached 0MB) CPU [4%@1190,62%@1190,3%@1190,17%@1190,3%@729,1%@729] GR3D_FREQ 0% cpu@51.093C soc2@49.656C soc0@50.562C gpu@50.718C tj@51.718C soc1@51.718C VDD_IN 5665mW/5703mW VDD_CPU_GPU_CV 830mW/834mW VDD_SOC 1545mW/1545mW",51.093,50.718,50.562,51.718,49.656,51.718,1789215694331095273
0.83,5.704,1.545,2763,"09-12-2026 13:21:35 RAM 2763/7620MB (lfb 8x4MB) SWAP 417/3810MB (cached 0MB) CPU [9%@729,2%@729,37%@729,40%@729,2%@1190,3%@1190] GR3D_FREQ 0% cpu@51.031C soc2@49.75C soc0@50.625C gpu@50.906C tj@51.562C soc1@51.562C VDD_IN 5704mW/5703mW VDD_CPU_GPU_CV 830mW/833mW VDD_SOC 1545mW/1545mW",51.031,50.906,50.625,51.562,49.75,51.562,1789215695337730468
0.831,5.704,1.545,2763,"09-12-2026 13:21:36 RAM 2763/7620MB (lfb 8x4MB) SWAP 417/3810MB (cached 0MB) CPU [18%@1113,61%@1113,4%@1113,2%@1113,5%@729,3%@729] GR3D_FREQ 0% cpu@50.812C soc2@49.843C soc0@50.718C gpu@50.875C tj@51.625C soc1@51.625C VDD_IN 5704mW/5703mW VDD_CPU_GPU_CV 831mW/833mW VDD_SOC 1545mW/1545mW",50.812,50.875,50.718,51.625,49.843,51.625,1789215696344125626
0.83,5.665,1.545,2763,"09-12-2026 13:21:37 RAM 2763/7620MB (lfb 8x4MB) SWAP 417/3810MB (cached 0MB) CPU [7%@729,5%@729,33%@729,2%@729,10%@1036,35%@1036] GR3D_FREQ 0% cpu@50.781C soc2@49.781C soc0@50.562C gpu@50.75C tj@51.718C soc1@51.718C VDD_IN 5665mW/5702mW VDD_CPU_GPU_CV 830mW/833mW VDD_SOC 1545mW/1545mW",50.781,50.75,50.562,51.718,49.781,51.718,1789215697350379069
0.792,5.665,1.545,2763,"09-12-2026 13:21:38 RAM 2763/7620MB (lfb 8x4MB) SWAP 417/3810MB (cached 0MB) CPU [6%@1728,5%@1728,3%@1728,3%@1728,2%@1190,75%@1190] GR3D_FREQ 0% cpu@50.906C soc2@49.781C soc0@50.562C gpu@50.906C tj@51.687C soc1@51.75C VDD_IN 5665mW/5700mW VDD_CPU_GPU_CV 792mW/832mW VDD_SOC 1545mW/1545mW",50.906,50.906,50.562,51.75,49.781,51.687,1789215698356887276
0.792,5.665,1.545,2763,"09-12-2026 13:21:39 RAM 2763/7620MB (lfb 8x4MB) SWAP 417/3810MB (cached 0MB) CPU [5%@729,3%@729,4%@729,5%@1728,0%@1113,75%@1113] GR3D_FREQ 0% cpu@51.093C soc2@49.687C soc0@50.718C gpu@50.75C tj@51.593C soc1@51.593C VDD_IN 5665mW/5699mW VDD_CPU_GPU_CV 792mW/831mW VDD_SOC 1545mW/1545mW",51.093,50.75,50.718,51.593,49.687,51.593,1789215699363202655
0.792,5.665,1.545,2763,"09-12-2026 13:21:40 RAM 2763/7620MB (lfb 8x4MB) SWAP 417/3810MB (cached 0MB) CPU [4%@1728,3%@1728,4%@1728,4%@1728,0%@1190,75%@1190] GR3D_FREQ 0% cpu@51C soc2@49.781C soc0@50.562C gpu@50.937C tj@51.656C soc1@51.656C VDD_IN 5665mW/5698mW VDD_CPU_GPU_CV 792mW/829mW VDD_SOC 1545mW/1545mW",51.0,50.937,50.562,51.656,49.781,51.656,1789215700370059519
0.792,5.665,1.545,2763,"09-12-2026 13:21:41 RAM 2763/7620MB (lfb 8x4MB) SWAP 417/3810MB (cached 0MB) CPU [7%@729,8%@729,4%@729,1%@729,0%@1036,75%@1036] GR3D_FREQ 0% cpu@50.937C soc2@49.812C soc0@50.531C gpu@51.031C tj@51.687C soc1@51.687C VDD_IN 5665mW/5697mW VDD_CPU_GPU_CV 792mW/828mW VDD_SOC 1545mW/1545mW",50.937,51.031,50.531,51.687,49.812,51.687,1789215701376414572
0.791,5.665,1.545,2763,"09-12-2026 13:21:42 RAM 2763/7620MB (lfb 8x4MB) SWAP 417/3810MB (cached 0MB) CPU [5%@1728,4%@1728,6%@1728,4%@1728,0%@1036,76%@1036] GR3D_FREQ 0% cpu@51.093C soc2@49.718C soc0@50.656C gpu@50.812C tj@51.875C soc1@51.875C VDD_IN 5665mW/5696mW VDD_CPU_GPU_CV 791mW/827mW VDD_SOC 1545mW/1545mW",51.093,50.812,50.656,51.875,49.718,51.875,1789215702383943250
0.791,5.665,1.545,2763,"09-12-2026 13:21:43 RAM 2763/7620MB (lfb 8x4MB) SWAP 417/3810MB (cached 0MB) CPU [4%@1728,5%@1728,4%@1728,3%@1728,0%@1190,75%@1190] GR3D_FREQ 0% cpu@50.968C soc2@49.781C soc0@50.656C gpu@50.875C tj@51.656C soc1@51.656C VDD_IN 5665mW/5695mW VDD_CPU_GPU_CV 791mW/826mW VDD_SOC 1545mW/1545mW",50.968,50.875,50.656,51.656,49.781,51.656,1789215703389315751
0.792,5.665,1.545,2763,"09-12-2026 13:21:44 RAM 2763/7620MB (lfb 8x4MB) SWAP 417/3810MB (cached 0MB) CPU [6%@729,7%@729,5%@729,2%@1728,1%@1190,75%@1190] GR3D_FREQ 0% cpu@51.093C soc2@49.687C soc0@50.5C gpu@50.812C tj@51.593C soc1@51.593C VDD_IN 5665mW/5694mW VDD_CPU_GPU_CV 792mW/825mW VDD_SOC 1545mW/1545mW",51.093,50.812,50.5,51.593,49.687,51.593,1789215704395745520
0.792,5.665,1.545,2763,"09-12-2026 13:21:45 RAM 2763/7620MB (lfb 8x4MB) SWAP 417/3810MB (cached 0MB) CPU [6%@729,4%@729,5%@1728,2%@1728,0%@1190,76%@1190] GR3D_FREQ 0% cpu@50.843C soc2@49.812C soc0@50.625C gpu@51.031C tj@51.718C soc1@51.718C VDD_IN 5665mW/5694mW VDD_CPU_GPU_CV 792mW/824mW VDD_SOC 1545mW/1545mW",50.843,51.031,50.625,51.718,49.812,51.718,1789215705402262793
0.791,5.665,1.545,2763,"09-12-2026 13:21:46 RAM 2763/7620MB (lfb 8x4MB) SWAP 417/3810MB (cached 0MB) CPU [4%@1728,5%@1728,4%@1728,4%@1728,0%@1190,75%@1190] GR3D_FREQ 0% cpu@50.968C soc2@49.75C soc0@50.656C gpu@51.031C tj@51.843C soc1@51.843C VDD_IN 5665mW/5693mW VDD_CPU_GPU_CV 791mW/823mW VDD_SOC 1545mW/1545mW",50.968,51.031,50.656,51.843,49.75,51.843,1789215706408712246
0.791,5.665,1.545,2763,"09-12-2026 13:21:47 RAM 2763/7620MB (lfb 8x4MB) SWAP 417/3810MB (cached 0MB) CPU [5%@729,4%@729,4%@729,2%@1728,0%@1190,75%@1190] GR3D_FREQ 0% cpu@51.093C soc2@49.75C soc0@50.687C gpu@51.062C tj@51.656C soc1@51.656C VDD_IN 5665mW/5692mW VDD_CPU_GPU_CV 791mW/823mW VDD_SOC 1545mW/1545mW",51.093,51.062,50.687,51.656,49.75,51.656,1789215707415184140
0.792,5.665,1.545,2763,"09-12-2026 13:21:48 RAM 2763/7620MB (lfb 8x4MB) SWAP 417/3810MB (cached 0MB) CPU [6%@729,1%@729,6%@729,4%@1728,1%@1190,75%@1190] GR3D_FREQ 0% cpu@50.875C soc2@49.781C soc0@50.593C gpu@50.875C tj@51.718C soc1@51.718C VDD_IN 5665mW/5691mW VDD_CPU_GPU_CV 792mW/822mW VDD_SOC 1545mW/1545mW",50.875,50.875,50.593,51.718,49.781,51.718,1789215708421545135
0.792,5.665,1.545,2763,"09-12-2026 13:21:49 RAM 2763/7620MB (lfb 8x4MB) SWAP 417/3810MB (cached 0MB) CPU [6%@729,2%@729,6%@729,3%@729,1%@1036,74%@1036] GR3D_FREQ 0% cpu@50.937C soc2@49.781C soc0@50.531C gpu@50.937C tj@51.812C soc1@51.812C VDD_IN 5665mW/5691mW VDD_CPU_GPU_CV 792mW/821mW VDD_SOC 1545mW/1545mW",50.937,50.937,50.531,51.812,49.781,51.812,1789215709429346615
0.831,5.665,1.545,2763,"09-12-2026 13:21:50 RAM 2763/7620MB (lfb 8x4MB) SWAP 417/3810MB (cached 0MB) CPU [4%@729,5%@729,4%@729,4%@729,2%@1190,72%@1190] GR3D_FREQ 0% cpu@51C soc2@49.812C soc0@50.75C gpu@51.093C tj@51.843C soc1@51.843C VDD_IN 5665mW/5690mW VDD_CPU_GPU_CV 831mW/821mW VDD_SOC 1545mW/1545mW",51.0,51.093,50.75,51.843,49.812,51.843,1789215710435458757
0.792,5.665,1.545,2763,"09-12-2026 13:21:51 RAM 2763/7620MB (lfb 8x4MB) SWAP 417/3810MB (cached 0MB) CPU [5%@729,3%@729,1%@729,5%@729,2%@1190,70%@1190] GR3D_FREQ 0% cpu@51.25C soc2@49.75C soc0@50.562C gpu@51.125C tj@51.625C soc1@51.625C VDD_IN 5665mW/5690mW VDD_CPU_GPU_CV 792mW/821mW VDD_SOC 1545mW/1545mW",51.25,51.125,50.562,51.625,49.75,51.625,1789215711441457009
0.792,5.665,1.545,2763,"09-12-2026 13:21:52 RAM 2763/7620MB (lfb 8x4MB) SWAP 417/3810MB (cached 0MB) CPU [5%@729,4%@729,4%@729,4%@729,1%@1190,68%@1190] GR3D_FREQ 0% cpu@50.875C soc2@49.781C soc0@50.625C gpu@50.843C tj@51.718C soc1@51.718C VDD_IN 5665mW/5689mW VDD_CPU_GPU_CV 792mW/820mW VDD_SOC 1545mW/1545mW",50.875,50.843,50.625,51.718,49.781,51.718,1789215712448050985
0.792,5.665,1.545,2763,"09-12-2026 13:21:53 RAM 2763/7620MB (lfb 8x4MB) SWAP 417/3810MB (cached 0MB) CPU [6%@729,3%@729,4%@729,5%@729,2%@1190,65%@1190] GR3D_FREQ 0% cpu@50.937C soc2@49.718C soc0@50.593C gpu@51C tj@51.875C soc1@51.875C VDD_IN 5665mW/5689mW VDD_CPU_GPU_CV 792mW/819mW VDD_SOC 1545mW/1545mW",50.937,51.0,50.593,51.875,49.718,51.875,1789215713455862721
0.792,5.665,1.545,2763,"09-12-2026 13:21:54 RAM 2763/7620MB (lfb 8x4MB) SWAP 417/3810MB (cached 0MB) CPU [5%@729,4%@729,4%@729,3%@1728,2%@1190,64%@1190] GR3D_FREQ 0% cpu@51.156C soc2@49.843C soc0@50.593C gpu@50.906C tj@51.593C soc1@51.593C VDD_IN 5665mW/5688mW VDD_CPU_GPU_CV 792mW/819mW VDD_SOC 1545mW/1545mW",51.156,50.906,50.593,51.593,49.843,51.593,1789215714460992041
0.792,5.665,1.545,2763,"09-12-2026 13:21:55 RAM 2763/7620MB (lfb 8x4MB) SWAP 417/3810MB (cached 0MB) CPU [5%@729,1%@729,3%@729,3%@1728,2%@1190,65%@1190] GR3D_FREQ 0% cpu@51.031C soc2@49.843C soc0@50.625C gpu@51.156C tj@51.625C soc1@51.625C VDD_IN 5665mW/5688mW VDD_CPU_GPU_CV 792mW/818mW VDD_SOC 1545mW/1545mW",51.031,51.156,50.625,51.625,49.843,51.625,1789215715467257485
0.792,5.665,1.545,2763,"09-12-2026 13:21:56 RAM 2763/7620MB (lfb 8x4MB) SWAP 417/3810MB (cached 0MB) CPU [6%@729,5%@1728,4%@1728,3%@1728,3%@1190,61%@1190] GR3D_FREQ 0% cpu@50.968C soc2@49.875C soc0@50.593C gpu@51.125C tj@51.718C soc1@51.718C VDD_IN 5665mW/5687mW VDD_CPU_GPU_CV 792mW/818mW VDD_SOC 1545mW/1545mW",50.968,51.125,50.593,51.718,49.875,51.718,1789215716473825053
0.792,5.674,1.545,2763,"09-12-2026 13:21:57 RAM 2763/7620MB (lfb 8x4MB) SWAP 417/3810MB (cached 0MB) CPU [5%@729,3%@729,4%@729,3%@729,4%@1190,63%@1190] GR3D_FREQ 0% cpu@51C soc2@49.812C soc0@50.75C gpu@50.937C tj@51.875C soc1@51.875C VDD_IN 5674mW/5687mW VDD_CPU_GPU_CV 792mW/817mW VDD_SOC 1545mW/1545mW",51.0,50.937,50.75,51.875,49.812,51.875,1789215717481816848
0.792,5.665,1.545,2763,"09-12-2026 13:21:58 RAM 2763/7620MB (lfb 8x4MB) SWAP 417/3810MB (cached 0MB) CPU [7%@1728,3%@1728,4%@1728,2%@1728,3%@1190,63%@1190] GR3D_FREQ 0% cpu@51.406C soc2@49.812C soc0@50.687C gpu@50.937C tj@51.656C soc1@51.656C VDD_IN 5665mW/5686mW VDD_CPU_GPU_CV 792mW/817mW VDD_SOC 1545mW/1545mW",51.406,50.937,50.687,51.656,49.812,51.656,1789215718488122208
0.792,5.665,1.545,2763,"09-12-2026 13:21:59 RAM 2763/7620MB (lfb 8x4MB) SWAP 417/3810MB (cached 0MB) CPU [6%@729,4%@1728,4%@1728,4%@1728,2%@1190,60%@1190] GR3D_FREQ 0% cpu@51.156C soc2@49.812C soc0@50.625C gpu@51C tj@51.687C soc1@51.687C VDD_IN 5665mW/5686mW VDD_CPU_GPU_CV 792mW/816mW VDD_SOC 1545mW/1545mW",51.156,51.0,50.625,51.687,49.812,51.687,1789215719494085175
0.792,5.665,1.545,2763,"09-12-2026 13:22:00 RAM 2763/7620MB (lfb 8x4MB) SWAP 417/3810MB (cached 0MB) CPU [4%@1728,4%@1728,4%@1728,4%@1728,2%@1113,60%@1113] GR3D_FREQ 0% cpu@50.937C soc2@49.75C soc0@50.625C gpu@51.187C tj@51.781C soc1@51.781C VDD_IN 5665mW/5686mW VDD_CPU_GPU_CV 792mW/816mW VDD_SOC 1545mW/1545mW",50.937,51.187,50.625,51.781,49.75,51.781,1789215720500820715
0.792,5.665,1.545,2763,"09-12-2026 13:22:01 RAM 2763/7620MB (lfb 8x4MB) SWAP 417/3810MB (cached 0MB) CPU [8%@729,5%@729,3%@729,3%@729,1%@1113,63%@1113] GR3D_FREQ 0% cpu@51.187C soc2@49.812C soc0@50.75C gpu@51.281C tj@51.656C soc1@51.656C VDD_IN 5665mW/5685mW VDD_CPU_GPU_CV 792mW/815mW VDD_SOC 1545mW/1545mW",51.187,51.281,50.75,51.656,49.812,51.656,1789215721507098756
0.791,5.674,1.545,2763,"09-12-2026 13:22:02 RAM 2763/7620MB (lfb 8x4MB) SWAP 417/3810MB (cached 0MB) CPU [6%@729,4%@729,3%@729,4%@1728,1%@1113,61%@1113] GR3D_FREQ 0% cpu@51.093C soc2@49.843C soc0@50.812C gpu@51.062C tj@51.687C soc1@51.687C VDD_IN 5674mW/5685mW VDD_CPU_GPU_CV 791mW/815mW VDD_SOC 1545mW/1545mW",51.093,51.062,50.812,51.687,49.843,51.687,1789215722514976513
0.792,5.674,1.545,2763,"09-12-2026 13:22:03 RAM 2763/7620MB (lfb 8x4MB) SWAP 417/3810MB (cached 0MB) CPU [3%@1728,2%@1728,7%@1728,5%@1728,0%@1190,62%@1190] GR3D_FREQ 0% cpu@51.375C soc2@49.843C soc0@50.687C gpu@51.031C tj@51.718C soc1@51.718C VDD_IN 5674mW/5685mW VDD_CPU_GPU_CV 792mW/814mW VDD_SOC 1545mW/1545mW",51.375,51.031,50.687,51.718,49.843,51.718,1789215723520560552
0.792,5.665,1.545,2763,"09-12-2026 13:22:04 RAM 2763/7620MB (lfb 8x4MB) SWAP 417/3810MB (cached 0MB) CPU [14%@729,27%@729,5%@729,3%@729,6%@1190,52%@1190] GR3D_FREQ 0% cpu@50.937C soc2@49.781C soc0@50.625C gpu@51.031C tj@51.75C soc1@51.75C VDD_IN 5665mW/5684mW VDD_CPU_GPU_CV 792mW/814mW VDD_SOC 1545mW/1545mW",50.937,51.031,50.625,51.75,49.781,51.75,1789215724528330761
0.83,5.665,1.545,2763,"09-12-2026 13:22:05 RAM 2763/7620MB (lfb 8x4MB) SWAP 417/3810MB (cached 0MB) CPU [5%@729,3%@729,8%@729,2%@729,12%@1190,73%@1190] GR3D_FREQ 0% cpu@51.062C soc2@49.781C soc0@50.781C gpu@50.906C tj@51.593C soc1@51.593C VDD_IN 5665mW/5684mW VDD_CPU_GPU_CV 830mW/814mW VDD_SOC 1545mW/1545mW",51.062,50.906,50.781,51.593,49.781,51.593,1789215725533895046
0.792,5.665,1.545,2763,"09-12-2026 13:22:06 RAM 2763/7620MB (lfb 8x4MB) SWAP 417/3810MB (cached 0MB) CPU [7%@1728,3%@1728,4%@1728,0%@1728,8%@1113,75%@1113] GR3D_FREQ 0% cpu@51.25C soc2@49.875C soc0@50.625C gpu@50.906C tj@51.687C soc1@51.687C VDD_IN 5665mW/5684mW VDD_CPU_GPU_CV 792mW/814mW VDD_SOC 1545mW/1545mW",51.25,50.906,50.625,51.687,49.875,51.687,1789215726540439101
0.791,5.665,1.545,2763,"09-12-2026 13:22:07 RAM 2763/7620MB (lfb 8x4MB) SWAP 417/3810MB (cached 0MB) CPU [7%@729,4%@729,4%@729,4%@729,1%@1190,74%@1190] GR3D_FREQ 0% cpu@50.906C soc2@49.875C soc0@50.687C gpu@51.156C tj@51.718C soc1@51.718C VDD_IN 5665mW/5683mW VDD_CPU_GPU_CV 791mW/813mW VDD_SOC 1545mW/1545mW",50.906,51.156,50.687,51.718,49.875,51.718,1789215727547109310
0.792,5.665,1.545,2763,"09-12-2026 13:22:08 RAM 2763/7620MB (lfb 8x4MB) SWAP 417/3810MB (cached 0MB) CPU [7%@729,4%@729,3%@729,3%@729,0%@1190,73%@1190] GR3D_FREQ 0% cpu@51.031C soc2@49.843C soc0@50.625C gpu@51.125C tj@51.875C soc1@51.875C VDD_IN 5665mW/5683mW VDD_CPU_GPU_CV 792mW/813mW VDD_SOC 1545mW/1545mW",51.031,51.125,50.625,51.875,49.843,51.875,1789215728555644606
0.792,5.665,1.545,2764,"09-12-2026 13:22:09 RAM 2764/7620MB (lfb 8x4MB) SWAP 417/3810MB (cached 0MB) CPU [5%@729,4%@729,4%@729,2%@1728,1%@1190,75%@1190] GR3D_FREQ 0% cpu@51.156C soc2@49.843C soc0@50.687C gpu@50.875C tj@51.718C soc1@51.718C VDD_IN 5665mW/5683mW VDD_CPU_GPU_CV 792mW/813mW VDD_SOC 1545mW/1545mW",51.156,50.875,50.687,51.718,49.843,51.718,1789215729560925767
0.83,5.665,1.545,2764,"09-12-2026 13:22:10 RAM 2764/7620MB (lfb 8x4MB) SWAP 417/3810MB (cached 0MB) CPU [5%@729,2%@729,3%@729,8%@729,1%@1190,75%@1190] GR3D_FREQ 0% cpu@50.937C soc2@49.937C soc0@50.718C gpu@50.843C tj@51.781C soc1@51.781C VDD_IN 5665mW/5683mW VDD_CPU_GPU_CV 830mW/813mW VDD_SOC 1545mW/1545mW",50.937,50.843,50.718,51.781,49.937,51.781,1789215730568926359
0.83,5.665,1.545,2764,"09-12-2026 13:22:11 RAM 2764/7620MB (lfb 8x4MB) SWAP 417/3810MB (cached 0MB) CPU [7%@729,3%@729,2%@1728,3%@1728,1%@1190,75%@1190] GR3D_FREQ 0% cpu@51C soc2@49.875C soc0@50.687C gpu@51.125C tj@51.812C soc1@51.843C VDD_IN 5665mW/5682mW VDD_CPU_GPU_CV 830mW/813mW VDD_SOC 1545mW/1545mW",51.0,51.125,50.687,51.843,49.875,51.812,1789215731573986132
0.792,5.665,1.545,2764,"09-12-2026 13:22:12 RAM 2764/7620MB (lfb 8x4MB) SWAP 417/3810MB (cached 0MB) CPU [7%@729,4%@729,4%@729,3%@1728,0%@1190,75%@1190] GR3D_FREQ 0% cpu@51.093C soc2@49.875C soc0@50.718C gpu@51.125C tj@51.968C soc1@51.968C VDD_IN 5665mW/5682mW VDD_CPU_GPU_CV 792mW/813mW VDD_SOC 1545mW/1545mW",51.093,51.125,50.718,51.968,49.875,51.968,1789215732580215083
0.792,5.665,1.545,2764,"09-12-2026 13:22:13 RAM 2764/7620MB (lfb 8x4MB) SWAP 417/3810MB (cached 0MB) CPU [4%@1728,5%@1728,4%@1728,4%@1728,0%@1190,75%@1190] GR3D_FREQ 0% cpu@51.312C soc2@49.875C soc0@50.875C gpu@51.125C tj@51.781C soc1@51.781C VDD_IN 5665mW/5682mW VDD_CPU_GPU_CV 792mW/813mW VDD_SOC 1545mW/1545mW",51.312,51.125,50.875,51.781,49.875,51.781,1789215733587017884
0.791,5.665,1.545,2764,"09-12-2026 13:22:14 RAM 2764/7620MB (lfb 8x4MB) SWAP 417/3810MB (cached 0MB) CPU [6%@729,2%@1728,4%@1728,3%@1728,0%@1190,76%@1190] GR3D_FREQ 0% cpu@51.125C soc2@50C soc0@50.625C gpu@50.968C tj@51.843C soc1@51.843C VDD_IN 5665mW/5681mW VDD_CPU_GPU_CV 791mW/812mW VDD_SOC 1545mW/1545mW",51.125,50.968,50.625,51.843,50.0,51.843,1789215734594129748
0.792,5.665,1.545,2764,"09-12-2026 13:22:15 RAM 2764/7620MB (lfb 8x4MB) SWAP 417/3810MB (cached 0MB) CPU [6%@729,2%@729,3%@729,4%@729,1%@1113,75%@1113] GR3D_FREQ 0% cpu@51.125C soc2@49.937C soc0@50.718C gpu@50.937C tj@51.843C soc1@51.843C VDD_IN 5665mW/5681mW VDD_CPU_GPU_CV 792mW/812mW VDD_SOC 1545mW/1545mW",51.125,50.937,50.718,51.843,49.937,51.843,1789215735599896174
0.791,5.665,1.545,2764,"09-12-2026 13:22:16 RAM 2764/7620MB (lfb 8x4MB) SWAP 417/3810MB (cached 0MB) CPU [4%@729,4%@729,3%@729,5%@729,1%@1113,75%@1113] GR3D_FREQ 0% cpu@51.218C soc2@49.812C soc0@50.75C gpu@51.062C tj@51.937C soc1@51.937C VDD_IN 5665mW/5681mW VDD_CPU_GPU_CV 791mW/812mW VDD_SOC 1545mW/1545mW",51.218,51.062,50.75,51.937,49.812,51.937,1789215736606298195
0.792,5.665,1.545,2764,"09-12-2026 13:22:17 RAM 2764/7620MB (lfb 8x4MB) SWAP 417/3810MB (cached 0MB) CPU [4%@1728,4%@1728,4%@1728,4%@1728,0%@1190,76%@1190] GR3D_FREQ 0% cpu@51.062C soc2@49.906C soc0@50.625C gpu@51.281C tj@51.656C soc1@51.656C VDD_IN 5665mW/5681mW VDD_CPU_GPU_CV 792mW/811mW VDD_SOC 1545mW/1545mW",51.062,51.281,50.625,51.656,49.906,51.656,1789215737613009204
0.791,5.665,1.545,2764,"09-12-2026 13:22:18 RAM 2764/7620MB (lfb 8x4MB) SWAP 417/3810MB (cached 0MB) CPU [5%@729,6%@729,3%@729,4%@1728,0%@1113,75%@1113] GR3D_FREQ 0% cpu@51.156C soc2@49.875C soc0@50.718C gpu@51.25C tj@51.843C soc1@51.843C VDD_IN 5665mW/5681mW VDD_CPU_GPU_CV 791mW/811mW VDD_SOC 1545mW/1545mW",51.156,51.25,50.718,51.843,49.875,51.843,1789215738620136841
0.791,5.665,1.545,2764,"09-12-2026 13:22:19 RAM 2764/7620MB (lfb 8x4MB) SWAP 417/3810MB (cached 0MB) CPU [6%@1728,4%@1728,4%@1728,3%@1728,1%@1190,75%@1190] GR3D_FREQ 0% cpu@51.156C soc2@49.875C soc0@50.718C gpu@50.937C tj@51.875C soc1@51.875C VDD_IN 5665mW/5680mW VDD_CPU_GPU_CV 791mW/811mW VDD_SOC 1545mW/1545mW",51.156,50.937,50.718,51.875,49.875,51.875,1789215739625885650
0.792,5.665,1.545,2764,"09-12-2026 13:22:20 RAM 2764/7620MB (lfb 8x4MB) SWAP 417/3810MB (cached 0MB) CPU [5%@729,5%@729,4%@729,5%@729,0%@1190,75%@1190] GR3D_FREQ 0% cpu@51.375C soc2@49.968C soc0@50.843C gpu@51.031C tj@51.781C soc1@51.781C VDD_IN 5665mW/5680mW VDD_CPU_GPU_CV 792mW/811mW VDD_SOC 1545mW/1545mW",51.375,51.031,50.843,51.781,49.968,51.781,1789215740632414995
0.792,5.665,1.545,2764,"09-12-2026 13:22:21 RAM 2764/7620MB (lfb 8x4MB) SWAP 417/3810MB (cached 0MB) CPU [6%@729,3%@729,4%@729,4%@1728,0%@1113,75%@1113] GR3D_FREQ 0% cpu@51.25C soc2@49.906C soc0@50.656C gpu@51C tj@51.843C soc1@51.718C VDD_IN 5665mW/5680mW VDD_CPU_GPU_CV 792mW/810mW VDD_SOC 1545mW/1545mW",51.25,51.0,50.656,51.718,49.906,51.843,1789215741638748384
0.791,5.665,1.545,2764,"09-12-2026 13:22:22 RAM 2764/7620MB (lfb 8x4MB) SWAP 417/3810MB (cached 0MB) CPU [5%@1728,4%@1728,4%@1728,3%@1728,0%@1190,75%@1190] GR3D_FREQ 0% cpu@50.968C soc2@49.968C soc0@50.593C gpu@51.25C tj@51.875C soc1@51.875C VDD_IN 5665mW/5680mW VDD_CPU_GPU_CV 791mW/810mW VDD_SOC 1545mW/1545mW",50.968,51.25,50.593,51.875,49.968,51.875,1789215742644996528
0.792,5.665,1.545,2764,"09-12-2026 13:22:23 RAM 2764/7620MB (lfb 8x4MB) SWAP 417/3810MB (cached 0MB) CPU [5%@1728,4%@1728,4%@1728,2%@1728,0%@1190,75%@1190] GR3D_FREQ 0% cpu@51.031C soc2@49.968C soc0@50.843C gpu@51.218C tj@51.937C soc1@51.937C VDD_IN 5665mW/5679mW VDD_CPU_GPU_CV 792mW/810mW VDD_SOC 1545mW/1545mW",51.031,51.218,50.843,51.937,49.968,51.937,1789215743651790044
0.791,5.665,1.545,2764,"09-12-2026 13:22:24 RAM 2764/7620MB (lfb 8x4MB) SWAP 417/3810MB (cached 0MB) CPU [6%@729,6%@729,4%@729,5%@729,1%@1190,74%@1190] GR3D_FREQ 0% cpu@51.125C soc2@49.968C soc0@50.812C gpu@51.281C tj@51.843C soc1@51.843C VDD_IN 5665mW/5679mW VDD_CPU_GPU_CV 791mW/810mW VDD_SOC 1545mW/1545mW",51.125,51.281,50.812,51.843,49.968,51.843,1789215744657963683
0.791,5.665,1.545,2764,"09-12-2026 13:22:25 RAM 2764/7620MB (lfb 8x4MB) SWAP 417/3810MB (cached 0MB) CPU [6%@729,4%@729,5%@729,3%@729,1%@1190,75%@1190] GR3D_FREQ 0% cpu@51.437C soc2@49.937C soc0@50.656C gpu@51.093C tj@51.812C soc1@51.812C VDD_IN 5665mW/5679mW VDD_CPU_GPU_CV 791mW/809mW VDD_SOC 1545mW/1545mW",51.437,51.093,50.656,51.812,49.937,51.812,1789215745664083841
0.791,5.665,1.545,2764,"09-12-2026 13:22:26 RAM 2764/7620MB (lfb 8x4MB) SWAP 417/3810MB (cached 0MB) CPU [6%@729,5%@729,3%@729,4%@729,0%@1113,74%@1113] GR3D_FREQ 0% cpu@51.031C soc2@49.968C soc0@50.812C gpu@51.062C tj@51.875C soc1@51.875C VDD_IN 5665mW/5679mW VDD_CPU_GPU_CV 791mW/809mW VDD_SOC 1545mW/1545mW",51.031,51.062,50.812,51.875,49.968,51.875,1789215746670446084
0.792,5.665,1.545,2764,"09-12-2026 13:22:27 RAM 2764/7620MB (lfb 8x4MB) SWAP 417/3810MB (cached 0MB) CPU [5%@729,4%@729,5%@1728,3%@1728,0%@1190,74%@1190] GR3D_FREQ 0% cpu@51.093C soc2@49.968C soc0@50.781C gpu@51.281C tj@51.968C soc1@51.968C VDD_IN 5665mW/5679mW VDD_CPU_GPU_CV 792mW/809mW VDD_SOC 1545mW/1545mW",51.093,51.281,50.781,51.968,49.968,51.968,1789215747677515696
0.831,5.665,1.545,2764,"09-12-2026 13:22:28 RAM 2764/7620MB (lfb 8x4MB) SWAP 417/3810MB (cached 0MB) CPU [7%@729,4%@729,3%@729,6%@1728,0%@1190,75%@1190] GR3D_FREQ 0% cpu@51.406C soc2@49.968C soc0@50.937C gpu@51.343C tj@51.781C soc1@51.781C VDD_IN 5665mW/5679mW VDD_CPU_GPU_CV 831mW/809mW VDD_SOC 1545mW/1545mW",51.406,51.343,50.937,51.781,49.968,51.781,1789215748683588063
0.831,5.665,1.545,2764,"09-12-2026 13:22:29 RAM 2764/7620MB (lfb 8x4MB) SWAP 417/3810MB (cached 0MB) CPU [5%@729,3%@729,4%@729,3%@1728,0%@1190,74%@1190] GR3D_FREQ 0% cpu@51.093C soc2@50C soc0@50.718C gpu@51.281C tj@51.843C soc1@51.843C VDD_IN 5665mW/5678mW VDD_CPU_GPU_CV 831mW/809mW VDD_SOC 1545mW/1545mW",51.093,51.281,50.718,51.843,50.0,51.843,1789215749689762994
0.831,5.665,1.545,2764,"09-12-2026 13:22:30 RAM 2764/7620MB (lfb 8x4MB) SWAP 417/3810MB (cached 0MB) CPU [5%@729,4%@729,4%@729,4%@1728,0%@1190,75%@1190] GR3D_FREQ 0% cpu@51.156C soc2@49.968C soc0@50.843C gpu@51.156C tj@51.906C soc1@51.906C VDD_IN 5665mW/5678mW VDD_CPU_GPU_CV 831mW/810mW VDD_SOC 1545mW/1545mW",51.156,51.156,50.843,51.906,49.968,51.906,1789215750697228102
0.831,5.665,1.545,2764,"09-12-2026 13:22:31 RAM 2764/7620MB (lfb 8x4MB) SWAP 417/3810MB (cached 0MB) CPU [6%@729,2%@729,7%@1728,2%@1728,0%@1190,74%@1190] GR3D_FREQ 0% cpu@51.25C soc2@49.968C soc0@50.875C gpu@51.218C tj@52.031C soc1@52.031C VDD_IN 5665mW/5678mW VDD_CPU_GPU_CV 831mW/810mW VDD_SOC 1545mW/1545mW",51.25,51.218,50.875,52.031,49.968,52.031,1789215751702558355
0.831,5.665,1.545,2764,"09-12-2026 13:22:32 RAM 2764/7620MB (lfb 8x4MB) SWAP 417/3810MB (cached 0MB) CPU [6%@729,5%@729,4%@729,3%@1728,0%@1113,75%@1113] GR3D_FREQ 0% cpu@51.125C soc2@50C soc0@51C gpu@51.218C tj@51.875C soc1@51.875C VDD_IN 5665mW/5678mW VDD_CPU_GPU_CV 831mW/810mW VDD_SOC 1545mW/1545mW",51.125,51.218,51.0,51.875,50.0,51.875,1789215752710106506
0.831,5.665,1.545,2764,"09-12-2026 13:22:33 RAM 2764/7620MB (lfb 8x4MB) SWAP 417/3810MB (cached 0MB) CPU [9%@729,4%@729,5%@729,4%@729,0%@1190,75%@1190] GR3D_FREQ 0% cpu@51.312C soc2@50.062C soc0@50.812C gpu@51.406C tj@51.875C soc1@51.875C VDD_IN 5665mW/5678mW VDD_CPU_GPU_CV 831mW/810mW VDD_SOC 1545mW/1545mW",51.312,51.406,50.812,51.875,50.062,51.875,1789215753715486325
0.831,5.665,1.545,2764,"09-12-2026 13:22:34 RAM 2764/7620MB (lfb 8x4MB) SWAP 417/3810MB (cached 0MB) CPU [3%@1728,5%@1728,4%@1728,3%@1728,1%@1190,74%@1190] GR3D_FREQ 0% cpu@51.187C soc2@50.125C soc0@50.843C gpu@51.125C tj@51.937C soc1@51.937C VDD_IN 5665mW/5678mW VDD_CPU_GPU_CV 831mW/811mW VDD_SOC 1545mW/1545mW",51.187,51.125,50.843,51.937,50.125,51.937,1789215754722441352
0.83,5.674,1.545,2764,"09-12-2026 13:22:35 RAM 2764/7620MB (lfb 8x4MB) SWAP 417/3810MB (cached 0MB) CPU [5%@729,3%@1728,4%@1728,5%@1728,0%@1190,75%@1190] GR3D_FREQ 0% cpu@51.156C soc2@49.968C soc0@50.937C gpu@51.187C tj@52.062C soc1@52.062C VDD_IN 5674mW/5678mW VDD_CPU_GPU_CV 830mW/811mW VDD_SOC 1545mW/1545mW",51.156,51.187,50.937,52.062,49.968,52.062,1789215755728710491
0.831,5.665,1.545,2764,"09-12-2026 13:22:36 RAM 2764/7620MB (lfb 8x4MB) SWAP 417/3810MB (cached 0MB) CPU [3%@729,3%@1728,4%@1728,6%@1728,0%@1190,75%@1190] GR3D_FREQ 0% cpu@51.312C soc2@50C soc0@51.093C gpu@51.218C tj@51.968C soc1@51.968C VDD_IN 5665mW/5677mW VDD_CPU_GPU_CV 831mW/811mW VDD_SOC 1545mW/1545mW",51.312,51.218,51.093,51.968,50.0,51.968,1789215756735818393
0.831,5.665,1.545,2764,"09-12-2026 13:22:37 RAM 2764/7620MB (lfb 8x4MB) SWAP 417/3810MB (cached 0MB) CPU [6%@729,3%@729,4%@729,3%@729,0%@1190,75%@1190] GR3D_FREQ 0% cpu@51.625C soc2@50.093C soc0@50.812C gpu@51.218C tj@51.906C soc1@51.906C VDD_IN 5665mW/5677mW VDD_CPU_GPU_CV 831mW/811mW VDD_SOC 1545mW/1545mW",51.625,51.218,50.812,51.906,50.093,51.906,1789215757741409790
0.83,5.665,1.545,2764,"09-12-2026 13:22:38 RAM 2764/7620MB (lfb 8x4MB) SWAP 417/3810MB (cached 0MB) CPU [6%@729,3%@729,4%@729,5%@729,1%@1113,74%@1113] GR3D_FREQ 0% cpu@51.25C soc2@50.031C soc0@50.875C gpu@51.031C tj@51.968C soc1@51.968C VDD_IN 5665mW/5677mW VDD_CPU_GPU_CV 830mW/812mW VDD_SOC 1545mW/1545mW",51.25,51.031,50.875,51.968,50.031,51.968,1789215758747675154
0.831,5.665,1.545,2764,"09-12-2026 13:22:39 RAM 2764/7620MB (lfb 8x4MB) SWAP 417/3810MB (cached 0MB) CPU [4%@729,4%@729,4%@729,5%@1728,0%@1190,75%@1190] GR3D_FREQ 0% cpu@51.312C soc2@50C soc0@50.937C gpu@51.156C tj@52.031C soc1@52.031C VDD_IN 5665mW/5677mW VDD_CPU_GPU_CV 831mW/812mW VDD_SOC 1545mW/1545mW",51.312,51.156,50.937,52.031,50.0,52.031,1789215759754637842
0.831,5.674,1.545,2764,"09-12-2026 13:22:40 RAM 2764/7620MB (lfb 8x4MB) SWAP 417/3810MB (cached 0MB) CPU [7%@1728,4%@1728,4%@1728,4%@1728,0%@1190,75%@1190] GR3D_FREQ 0% cpu@51.437C soc2@50.031C soc0@51C gpu@51.187C tj@51.937C soc1@51.937C VDD_IN 5674mW/5677mW VDD_CPU_GPU_CV 831mW/812mW VDD_SOC 1545mW/1545mW",51.437,51.187,51.0,51.937,50.031,51.937,1789215760760585046
0.791,5.665,1.545,2764,"09-12-2026 13:22:41 RAM 2764/7620MB (lfb 8x4MB) SWAP 417/3810MB (cached 0MB) CPU [5%@1728,4%@1728,3%@1728,3%@1728,0%@1190,75%@1190] GR3D_FREQ 0% cpu@51.312C soc2@50.093C soc0@50.843C gpu@51.281C tj@51.843C soc1@51.843C VDD_IN 5665mW/5677mW VDD_CPU_GPU_CV 791mW/812mW VDD_SOC 1545mW/1545mW",51.312,51.281,50.843,51.843,50.093,51.843,1789215761768063318
0.83,5.665,1.545,2764,"09-12-2026 13:22:42 RAM 2764/7620MB (lfb 8x4MB) SWAP 417/3810MB (cached 0MB) CPU [6%@729,4%@729,4%@729,3%@729,0%@1113,75%@1113] GR3D_FREQ 0% cpu@51.281C soc2@49.937C soc0@50.937C gpu@51.25C tj@52.031C soc1@52.031C VDD_IN 5665mW/5677mW VDD_CPU_GPU_CV 830mW/812mW VDD_SOC 1545mW/1545mW",51.281,51.25,50.937,52.031,49.937,52.031,1789215762774314529
0.792,5.665,1.545,2764,"09-12-2026 13:22:43 RAM 2764/7620MB (lfb 8x4MB) SWAP 417/3810MB (cached 0MB) CPU [7%@729,4%@729,3%@729,2%@729,0%@1036,75%@1036] GR3D_FREQ 0% cpu@51.406C soc2@49.937C soc0@50.937C gpu@51.031C tj@51.875C soc1@51.875C VDD_IN 5665mW/5677mW VDD_CPU_GPU_CV 792mW/812mW VDD_SOC 1545mW/1545mW",51.406,51.031,50.937,51.875,49.937,51.875,1789215763780077486
0.791,5.665,1.545,2764,"09-12-2026 13:22:44 RAM 2764/7620MB (lfb 8x4MB) SWAP 417/3810MB (cached 0MB) CPU [4%@729,3%@729,3%@729,5%@1728,1%@1036,75%@1036] GR3D_FREQ 0% cpu@51.218C soc2@50.062C soc0@50.968C gpu@51.218C tj@51.937C soc1@51.937C VDD_IN 5665mW/5677mW VDD_CPU_GPU_CV 791mW/812mW VDD_SOC 1545mW/1545mW",51.218,51.218,50.968,51.937,50.062,51.937,1789215764786634903
0.791,5.665,1.545,2764,"09-12-2026 13:22:45 RAM 2764/7620MB (lfb 8x4MB) SWAP 417/3810MB (cached 0MB) CPU [5%@1728,4%@1728,4%@1728,3%@1728,0%@1190,75%@1190] GR3D_FREQ 0% cpu@51.437C soc2@50.031C soc0@50.937C gpu@51.125C tj@51.937C soc1@51.937C VDD_IN 5665mW/5676mW VDD_CPU_GPU_CV 791mW/811mW VDD_SOC 1545mW/1545mW",51.437,51.125,50.937,51.937,50.031,51.937,1789215765792647648
0.791,5.665,1.545,2764,"09-12-2026 13:22:46 RAM 2764/7620MB (lfb 8x4MB) SWAP 417/3810MB (cached 0MB) CPU [5%@1728,3%@1728,7%@1728,2%@1728,0%@1190,75%@1190] GR3D_FREQ 0% cpu@51.281C soc2@49.968C soc0@51C gpu@51.25C tj@51.906C soc1@51.906C VDD_IN 5665mW/5676mW VDD_CPU_GPU_CV 791mW/811mW VDD_SOC 1545mW/1545mW",51.281,51.25,51.0,51.906,49.968,51.906,1789215766799623833
0.791,5.665,1.545,2764,"09-12-2026 13:22:47 RAM 2764/7620MB (lfb 8x4MB) SWAP 417/3810MB (cached 0MB) CPU [6%@729,5%@729,3%@729,4%@729,0%@1190,75%@1190] GR3D_FREQ 0% cpu@51.468C soc2@50.062C soc0@50.968C gpu@51.375C tj@51.875C soc1@51.875C VDD_IN 5665mW/5676mW VDD_CPU_GPU_CV 791mW/811mW VDD_SOC 1545mW/1545mW",51.468,51.375,50.968,51.875,50.062,51.875,1789215767806124266
0.792,5.665,1.545,2764,"09-12-2026 13:22:48 RAM 2764/7620MB (lfb 8x4MB) SWAP 417/3810MB (cached 0MB) CPU [3%@729,5%@729,3%@729,2%@729,0%@1190,76%@1190] GR3D_FREQ 0% cpu@51.437C soc2@50.031C soc0@51C gpu@51.312C tj@51.875C soc1@51.875C VDD_IN 5665mW/5676mW VDD_CPU_GPU_CV 792mW/811mW VDD_SOC 1545mW/1545mW",51.437,51.312,51.0,51.875,50.031,51.875,1789215768812039224
0.791,5.665,1.545,2764,"09-12-2026 13:22:49 RAM 2764/7620MB (lfb 8x4MB) SWAP 417/3810MB (cached 0MB) CPU [7%@729,3%@729,3%@729,3%@729,0%@1113,75%@1113] GR3D_FREQ 0% cpu@51.125C soc2@50.031C soc0@50.906C gpu@51.187C tj@51.968C soc1@51.968C VDD_IN 5665mW/5676mW VDD_CPU_GPU_CV 791mW/811mW VDD_SOC 1545mW/1545mW",51.125,51.187,50.906,51.968,50.031,51.968,1789215769818587744
0.83,5.665,1.545,2764,"09-12-2026 13:22:50 RAM 2764/7620MB (lfb 8x4MB) SWAP 417/3810MB (cached 0MB) CPU [7%@729,3%@729,4%@729,4%@729,1%@1190,76%@1190] GR3D_FREQ 0% cpu@51.156C soc2@49.968C soc0@51C gpu@51.218C tj@52.125C soc1@52.125C VDD_IN 5665mW/5676mW VDD_CPU_GPU_CV 830mW/811mW VDD_SOC 1545mW/1545mW",51.156,51.218,51.0,52.125,49.968,52.125,1789215770825363671
0.83,5.665,1.545,2764,"09-12-2026 13:22:51 RAM 2764/7620MB (lfb 8x4MB) SWAP 417/3810MB (cached 0MB) CPU [5%@1728,4%@1728,4%@1728,4%@1728,0%@1190,75%@1190] GR3D_FREQ 0% cpu@51.312C soc2@50.031C soc0@50.968C gpu@51.156C tj@51.937C soc1@51.937C VDD_IN 5665mW/5676mW VDD_CPU_GPU_CV 830mW/811mW VDD_SOC 1545mW/1545mW",51.312,51.156,50.968,51.937,50.031,51.937,1789215771831877810
0.791,5.665,1.545,2764,"09-12-2026 13:22:52 RAM 2764/7620MB (lfb 8x4MB) SWAP 417/3810MB (cached 0MB) CPU [6%@729,4%@729,3%@729,5%@729,0%@1190,75%@1190] GR3D_FREQ 0% cpu@51.468C soc2@50.062C soc0@51.125C gpu@51.406C tj@51.875C soc1@51.875C VDD_IN 5665mW/5676mW VDD_CPU_GPU_CV 791mW/811mW VDD_SOC 1545mW/1545mW",51.468,51.406,51.125,51.875,50.062,51.875,1789215772837675113
0.791,5.665,1.545,2764,"09-12-2026 13:22:53 RAM 2764/7620MB (lfb 8x4MB) SWAP 417/3810MB (cached 0MB) CPU [5%@729,5%@729,4%@729,1%@729,0%@1190,75%@1190] GR3D_FREQ 0% cpu@51.25C soc2@50C soc0@50.906C gpu@51.375C tj@51.906C soc1@51.906C VDD_IN 5665mW/5676mW VDD_CPU_GPU_CV 791mW/811mW VDD_SOC 1545mW/1545mW",51.25,51.375,50.906,51.906,50.0,51.906,1789215773844375046
0.83,5.665,1.545,2764,"09-12-2026 13:22:54 RAM 2764/7620MB (lfb 8x4MB) SWAP 417/3810MB (cached 0MB) CPU [10%@729,3%@729,2%@729,3%@1728,1%@1190,75%@1190] GR3D_FREQ 0% cpu@51.281C soc2@50.093C soc0@50.968C gpu@51.437C tj@52C soc1@52C VDD_IN 5665mW/5675mW VDD_CPU_GPU_CV 830mW/811mW VDD_SOC 1545mW/1545mW",51.281,51.437,50.968,52.0,50.093,52.0,1789215774850088359
0.791,5.665,1.545,2764,"09-12-2026 13:22:55 RAM 2764/7620MB (lfb 8x4MB) SWAP 417/3810MB (cached 0MB) CPU [3%@729,4%@729,5%@729,4%@729,0%@1190,75%@1190] GR3D_FREQ 0% cpu@51.5C soc2@50.031C soc0@51C gpu@51.218C tj@51.875C soc1@51.875C VDD_IN 5665mW/5675mW VDD_CPU_GPU_CV 791mW/811mW VDD_SOC 1545mW/1545mW",51.5,51.218,51.0,51.875,50.031,51.875,1789215775856989660
0.792,5.665,1.545,2764,"09-12-2026 13:22:56 RAM 2764/7620MB (lfb 8x4MB) SWAP 417/3810MB (cached 0MB) CPU [5%@1728,5%@1728,4%@1728,1%@1728,0%@1190,75%@1190] GR3D_FREQ 0% cpu@51.312C soc2@50.062C soc0@50.937C gpu@51.25C tj@51.875C soc1@51.875C VDD_IN 5665mW/5675mW VDD_CPU_GPU_CV 792mW/810mW VDD_SOC 1545mW/1545mW",51.312,51.25,50.937,51.875,50.062,51.875,1789215776863928510
0.83,5.665,1.545,2764,"09-12-2026 13:22:57 RAM 2764/7620MB (lfb 8x4MB) SWAP 417/3810MB (cached 0MB) CPU [7%@729,3%@729,4%@729,3%@729,0%@1190,75%@1190] GR3D_FREQ 0% cpu@51.218C soc2@50.093C soc0@50.968C gpu@51.375C tj@51.968C soc1@51.968C VDD_IN 5665mW/5675mW VDD_CPU_GPU_CV 830mW/811mW VDD_SOC 1545mW/1545mW",51.218,51.375,50.968,51.968,50.093,51.968,1789215777869800323
0.831,5.665,1.545,2764,"09-12-2026 13:22:58 RAM 2764/7620MB (lfb 8x4MB) SWAP 417/3810MB (cached 0MB) CPU [5%@729,4%@729,3%@1728,3%@1728,0%@1190,76%@1190] GR3D_FREQ 0% cpu@51.343C soc2@50.031C soc0@51.031C gpu@51.437C tj@52.062C soc1@52.062C VDD_IN 5665mW/5675mW VDD_CPU_GPU_CV 831mW/811mW VDD_SOC 1545mW/1545mW",51.343,51.437,51.031,52.062,50.031,52.062,1789215778875867978
0.791,5.665,1.545,2764,"09-12-2026 13:22:59 RAM 2764/7620MB (lfb 8x4MB) SWAP 417/3810MB (cached 0MB) CPU [7%@729,3%@729,6%@729,3%@729,0%@1190,74%@1190] GR3D_FREQ 0% cpu@51.531C soc2@50.062C soc0@51.062C gpu@51.437C tj@51.875C soc1@51.875C VDD_IN 5665mW/5675mW VDD_CPU_GPU_CV 791mW/811mW VDD_SOC 1545mW/1545mW",51.531,51.437,51.062,51.875,50.062,51.875,1789215779882149007
0.831,5.665,1.545,2764,"09-12-2026 13:23:00 RAM 2764/7620MB (lfb 8x4MB) SWAP 417/3810MB (cached 0MB) CPU [7%@729,3%@729,5%@729,5%@1728,0%@1113,73%@1113] GR3D_FREQ 0% cpu@51.437C soc2@50.156C soc0@50.906C gpu@51.281C tj@51.937C soc1@51.937C VDD_IN 5665mW/5675mW VDD_CPU_GPU_CV 831mW/811mW VDD_SOC 1545mW/1545mW",51.437,51.281,50.906,51.937,50.156,51.937,1789215780888865287
0.83,5.665,1.545,2764,"09-12-2026 13:23:01 RAM 2764/7620MB (lfb 8x4MB) SWAP 417/3810MB (cached 0MB) CPU [7%@1728,15%@1728,3%@1728,5%@1728,9%@729,53%@729] GR3D_FREQ 0% cpu@51.156C soc2@50.125C soc0@50.906C gpu@51.25C tj@51.968C soc1@51.968C VDD_IN 5665mW/5675mW VDD_CPU_GPU_CV 830mW/811mW VDD_SOC 1545mW/1545mW",51.156,51.25,50.906,51.968,50.125,51.968,1789215781895017025
0.831,5.704,1.545,2764,"09-12-2026 13:23:02 RAM 2764/7620MB (lfb 8x4MB) SWAP 417/3810MB (cached 0MB) CPU [10%@1190,27%@1190,35%@1190,12%@1190,0%@729,0%@729] GR3D_FREQ 0% cpu@51.375C soc2@50.093C soc0@50.906C gpu@51.25C tj@52.062C soc1@52.062C VDD_IN 5704mW/5675mW VDD_CPU_GPU_CV 831mW/811mW VDD_SOC 1545mW/1545mW",51.375,51.25,50.906,52.062,50.093,52.062,1789215782901094595
0.831,5.704,1.545,2764,"09-12-2026 13:23:03 RAM 2764/7620MB (lfb 8x4MB) SWAP 417/3810MB (cached 0MB) CPU [26%@1728,8%@1728,47%@1728,4%@1728,0%@729,0%@729] GR3D_FREQ 0% cpu@51.437C soc2@50.156C soc0@51.031C gpu@51.562C tj@51.937C soc1@51.937C VDD_IN 5704mW/5675mW VDD_CPU_GPU_CV 831mW/811mW VDD_SOC 1545mW/1545mW",51.437,51.562,51.031,51.937,50.156,51.937,1789215783907247205
0.83,5.704,1.545,2764,"09-12-2026 13:23:04 RAM 2764/7620MB (lfb 8x4MB) SWAP 417/3810MB (cached 0MB) CPU [14%@1728,11%@1728,27%@1728,22%@1728,0%@729,0%@729] GR3D_FREQ 0% cpu@51.562C soc2@50.156C soc0@50.937C gpu@51.531C tj@51.843C soc1@51.843C VDD_IN 5704mW/5676mW VDD_CPU_GPU_CV 830mW/811mW VDD_SOC 1545mW/1545mW",51.562,51.531,50.937,51.843,50.156,51.843,1789215784913908431
0.792,5.704,1.545,2764,"09-12-2026 13:23:05 RAM 2764/7620MB (lfb 8x4MB) SWAP 417/3810MB (cached 0MB) CPU [8%@1113,6%@1113,20%@1113,45%@1113,0%@729,0%@729] GR3D_FREQ 0% cpu@51.312C soc2@50.093C soc0@50.937C gpu@51.25C tj@52.031C soc1@52.031C VDD_IN 5704mW/5676mW VDD_CPU_GPU_CV 792mW/811mW VDD_SOC 1545mW/1545mW",51.312,51.25,50.937,52.031,50.093,52.031,1789215785919643687
0.831,5.665,1.545,2764,"09-12-2026 13:23:06 RAM 2764/7620MB (lfb 8x4MB) SWAP 417/3810MB (cached 0MB) CPU [8%@1728,9%@1728,12%@1728,41%@1728,0%@729,0%@729] GR3D_FREQ 0% cpu@51.437C soc2@50.125C soc0@51C gpu@51.25C tj@52.218C soc1@52.218C VDD_IN 5665mW/5676mW VDD_CPU_GPU_CV 831mW/811mW VDD_SOC 1545mW/1545mW",51.437,51.25,51.0,52.218,50.125,52.218,1789215786925581427
0.83,5.704,1.545,2764,"09-12-2026 13:23:07 RAM 2764/7620MB (lfb 8x4MB) SWAP 417/3810MB (cached 0MB) CPU [12%@1728,10%@1728,22%@1728,23%@1728,0%@729,0%@729] GR3D_FREQ 0% cpu@51.531C soc2@50.093C soc0@51.093C gpu@51.406C tj@51.937C soc1@51.937C VDD_IN 5704mW/5676mW VDD_CPU_GPU_CV 830mW/812mW VDD_SOC 1545mW/1545mW",51.531,51.406,51.093,51.937,50.093,51.937,1789215787932053026
0.83,5.704,1.545,2764,"09-12-2026 13:23:08 RAM 2764/7620MB (lfb 8x4MB) SWAP 417/3810MB (cached 0MB) CPU [16%@1728,13%@1728,24%@1728,18%@1728,1%@729,0%@729] GR3D_FREQ 0% cpu@51.531C soc2@50.187C soc0@50.968C gpu@51.406C tj@52.031C soc1@52.031C VDD_IN 5704mW/5676mW VDD_CPU_GPU_CV 830mW/812mW VDD_SOC 1545mW/1545mW",51.531,51.406,50.968,52.031,50.187,52.031,1789215788938515821
0.83,5.704,1.545,2764,"09-12-2026 13:23:09 RAM 2764/7620MB (lfb 8x4MB) SWAP 417/3810MB (cached 0MB) CPU [9%@1728,12%@1728,46%@1728,5%@1728,0%@729,0%@729] GR3D_FREQ 0% cpu@51.375C soc2@50.218C soc0@50.906C gpu@51.156C tj@52.062C soc1@52.062C VDD_IN 5704mW/5676mW VDD_CPU_GPU_CV 830mW/812mW VDD_SOC 1545mW/1545mW",51.375,51.156,50.906,52.062,50.218,52.062,1789215789945593075
0.831,5.704,1.545,2764,"09-12-2026 13:23:10 RAM 2764/7620MB (lfb 8x4MB) SWAP 417/3810MB (cached 0MB) CPU [7%@729,11%@729,19%@729,6%@729,7%@1190,15%@1190] GR3D_FREQ 0% cpu@51.437C soc2@50.125C soc0@50.968C gpu@51.218C tj@52.125C soc1@52.125C VDD_IN 5704mW/5677mW VDD_CPU_GPU_CV 831mW/812mW VDD_SOC 1545mW/1545mW",51.437,51.218,50.968,52.125,50.125,52.125,1789215790951749568
0.83,5.704,1.545,2764,"09-12-2026 13:23:11 RAM 2764/7620MB (lfb 8x4MB) SWAP 417/3810MB (cached 0MB) CPU [5%@1728,5%@1728,3%@1728,8%@1728,10%@729,41%@729] GR3D_FREQ 0% cpu@51.437C soc2@50.156C soc0@51.093C gpu@51.343C tj@52C soc1@52C VDD_IN 5704mW/5677mW VDD_CPU_GPU_CV 830mW/812mW VDD_SOC 1545mW/1545mW",51.437,51.343,51.093,52.0,50.156,52.0,1789215791958157048
0.831,5.704,1.545,2764,"09-12-2026 13:23:12 RAM 2764/7620MB (lfb 8x4MB) SWAP 417/3810MB (cached 0MB) CPU [11%@1728,6%@1728,4%@1728,48%@1728,0%@729,0%@729] GR3D_FREQ 0% cpu@51.593C soc2@50.218C soc0@51.031C gpu@51.406C tj@52C soc1@52C VDD_IN 5704mW/5677mW VDD_CPU_GPU_CV 831mW/812mW VDD_SOC 1545mW/1545mW",51.593,51.406,51.031,52.0,50.218,52.0,1789215792964488426
0.83,5.704,1.545,2764,"09-12-2026 13:23:13 RAM 2764/7620MB (lfb 8x4MB) SWAP 417/3810MB (cached 0MB) CPU [10%@1728,4%@1728,11%@1728,49%@1728,0%@729,2%@729] GR3D_FREQ 0% cpu@51.406C soc2@50.218C soc0@51C gpu@51.437C tj@52.062C soc1@52.062C VDD_IN 5704mW/5677mW VDD_CPU_GPU_CV 830mW/812mW VDD_SOC 1545mW/1545mW",51.406,51.437,51.0,52.062,50.218,52.062,1789215793972002581
0.83,5.704,1.545,2764,"09-12-2026 13:23:14 RAM 2764/7620MB (lfb 8x4MB) SWAP 417/3810MB (cached 0MB) CPU [7%@1728,24%@1728,9%@1728,17%@1728,1%@729,0%@729] GR3D_FREQ 0% cpu@51.468C soc2@50.218C soc0@51C gpu@51.25C tj@52.156C soc1@52.156C VDD_IN 5704mW/5677mW VDD_CPU_GPU_CV 830mW/813mW VDD_SOC 1545mW/1545mW",51.468,51.25,51.0,52.156,50.218,52.156,1789215794977327520
0.831,5.704,1.545,2764,"09-12-2026 13:23:15 RAM 2764/7620MB (lfb 8x4MB) SWAP 417/3810MB (cached 0MB) CPU [7%@1728,23%@1728,5%@1728,31%@1728,0%@729,0%@729] GR3D_FREQ 0% cpu@51.562C soc2@50.218C soc0@51.031C gpu@51.25C tj@52.062C soc1@52.062C VDD_IN 5704mW/5678mW VDD_CPU_GPU_CV 831mW/813mW VDD_SOC 1545mW/1545mW",51.562,51.25,51.031,52.062,50.218,52.062,1789215795984221744
0.792,5.704,1.545,2764,"09-12-2026 13:23:16 RAM 2764/7620MB (lfb 8x4MB) SWAP 417/3810MB (cached 0MB) CPU [9%@1728,32%@1728,14%@1728,9%@1728,1%@729,0%@729] GR3D_FREQ 0% cpu@51.593C soc2@50.25C soc0@51C gpu@51.281C tj@52.031C soc1@52.031C VDD_IN 5704mW/5678mW VDD_CPU_GPU_CV 792mW/813mW VDD_SOC 1545mW/1545mW",51.593,51.281,51.0,52.031,50.25,52.031,1789215796990250011
0.831,5.704,1.545,2764,"09-12-2026 13:23:17 RAM 2764/7620MB (lfb 8x4MB) SWAP 417/3810MB (cached 0MB) CPU [6%@1036,9%@1036,6%@1036,38%@1036,3%@729,4%@729] GR3D_FREQ 0% cpu@51.437C soc2@50.281C soc0@50.968C gpu@51.25C tj@52.156C soc1@52.156C VDD_IN 5704mW/5678mW VDD_CPU_GPU_CV 831mW/813mW VDD_SOC 1545mW/1545mW",51.437,51.25,50.968,52.156,50.281,52.156,1789215797996384655
0.791,5.665,1.545,2764,"09-12-2026 13:23:18 RAM 2764/7620MB (lfb 8x4MB) SWAP 417/3810MB (cached 0MB) CPU [5%@1190,3%@1190,3%@1190,61%@1190,2%@729,22%@729] GR3D_FREQ 0% cpu@51.531C soc2@50.125C soc0@51.062C gpu@51.437C tj@52.187C soc1@52.187C VDD_IN 5665mW/5678mW VDD_CPU_GPU_CV 791mW/813mW VDD_SOC 1545mW/1545mW",51.531,51.437,51.062,52.187,50.125,52.187,1789215799002400568
0.831,5.665,1.545,2764,"09-12-2026 13:23:19 RAM 2764/7620MB (lfb 8x4MB) SWAP 417/3810MB (cached 0MB) CPU [19%@1190,3%@1190,1%@1190,73%@1190,10%@729,20%@729] GR3D_FREQ 0% cpu@51.437C soc2@50.281C soc0@51.156C gpu@51.5C tj@52.062C soc1@52.062C VDD_IN 5665mW/5678mW VDD_CPU_GPU_CV 831mW/813mW VDD_SOC 1545mW/1545mW",51.437,51.5,51.156,52.062,50.281,52.062,1789215800008279860
0.831,5.665,1.545,2764,"09-12-2026 13:23:21 RAM 2764/7620MB (lfb 8x4MB) SWAP 417/3810MB (cached 0MB) CPU [14%@1190,3%@1190,3%@1190,72%@1190,2%@729,3%@729] GR3D_FREQ 0% cpu@51.437C soc2@50.218C soc0@51.156C gpu@51.562C tj@52.062C soc1@52.062C VDD_IN 5665mW/5678mW VDD_CPU_GPU_CV 831mW/813mW VDD_SOC 1545mW/1545mW",51.437,51.562,51.156,52.062,50.218,52.062,1789215801014758591
0.83,5.704,1.545,2764,"09-12-2026 13:23:22 RAM 2764/7620MB (lfb 8x4MB) SWAP 417/3810MB (cached 0MB) CPU [20%@729,5%@729,2%@729,68%@729,2%@1190,10%@1190] GR3D_FREQ 0% cpu@51.375C soc2@50.25C soc0@50.968C gpu@51.343C tj@52.093C soc1@52.093C VDD_IN 5704mW/5678mW VDD_CPU_GPU_CV 830mW/813mW VDD_SOC 1545mW/1545mW",51.375,51.343,50.968,52.093,50.25,52.093,1789215802020871047
0.792,5.665,1.545,2762,"09-12-2026 13:23:23 RAM 2762/7620MB (lfb 8x4MB) SWAP 417/3810MB (cached 0MB) CPU [5%@729,3%@729,5%@729,3%@729,1%@1113,74%@1113] GR3D_FREQ 0% cpu@51.5C soc2@50.218C soc0@51.031C gpu@51.375C tj@52.218C soc1@52.218C VDD_IN 5665mW/5678mW VDD_CPU_GPU_CV 792mW/813mW VDD_SOC 1545mW/1545mW",51.5,51.375,51.031,52.218,50.218,52.218,1789215803028887611
0.791,5.665,1.545,2762,"09-12-2026 13:23:24 RAM 2762/7620MB (lfb 8x4MB) SWAP 417/3810MB (cached 0MB) CPU [3%@1728,5%@1728,4%@1728,4%@1728,0%@1113,74%@1113] GR3D_FREQ 0% cpu@51.437C soc2@50.25C soc0@51.187C gpu@51.562C tj@52C soc1@52C VDD_IN 5665mW/5678mW VDD_CPU_GPU_CV 791mW/813mW VDD_SOC 1545mW/1545mW",51.437,51.562,51.187,52.0,50.25,52.0,1789215804034289270
0.792,5.665,1.545,2762,"09-12-2026 13:23:25 RAM 2762/7620MB (lfb 8x4MB) SWAP 417/3810MB (cached 0MB) CPU [4%@1728,2%@1728,5%@1728,5%@1728,0%@1190,75%@1190] GR3D_FREQ 0% cpu@51.625C soc2@50.25C soc0@51.062C gpu@51.562C tj@52C soc1@52C VDD_IN 5665mW/5678mW VDD_CPU_GPU_CV 792mW/812mW VDD_SOC 1545mW/1545mW",51.625,51.562,51.062,52.0,50.25,52.0,1789215805041600124
0.792,5.665,1.545,2762,"09-12-2026 13:23:26 RAM 2762/7620MB (lfb 8x4MB) SWAP 417/3810MB (cached 0MB) CPU [6%@1728,5%@1728,3%@1728,3%@1728,0%@1190,75%@1190] GR3D_FREQ 0% cpu@51.312C soc2@50.312C soc0@51.031C gpu@51.531C tj@52.093C soc1@52.093C VDD_IN 5665mW/5678mW VDD_CPU_GPU_CV 792mW/812mW VDD_SOC 1545mW/1545mW",51.312,51.531,51.031,52.093,50.312,52.093,1789215806047508492
0.792,5.674,1.545,2762,"09-12-2026 13:23:27 RAM 2762/7620MB (lfb 8x4MB) SWAP 417/3810MB (cached 0MB) CPU [7%@729,7%@729,4%@729,2%@729,0%@1190,75%@1190] GR3D_FREQ 0% cpu@51.375C soc2@50.187C soc0@51.062C gpu@51.312C tj@52.281C soc1@52.281C VDD_IN 5674mW/5678mW VDD_CPU_GPU_CV 792mW/812mW VDD_SOC 1545mW/1545mW",51.375,51.312,51.062,52.281,50.187,52.281,1789215807053554265
0.791,5.665,1.545,2762,"09-12-2026 13:23:28 RAM 2762/7620MB (lfb 8x4MB) SWAP 417/3810MB (cached 0MB) CPU [7%@729,3%@1728,5%@1728,3%@1728,0%@1190,75%@1190] GR3D_FREQ 0% cpu@51.531C soc2@50.218C soc0@51.125C gpu@51.281C tj@52C soc1@52.031C VDD_IN 5665mW/5677mW VDD_CPU_GPU_CV 791mW/812mW VDD_SOC 1545mW/1545mW",51.531,51.281,51.125,52.031,50.218,52.0,1789215808059860094
0.791,5.665,1.545,2762,"09-12-2026 13:23:29 RAM 2762/7620MB (lfb 8x4MB) SWAP 417/3810MB (cached 0MB) CPU [6%@729,2%@729,5%@1728,1%@1728,1%@1113,75%@1113] GR3D_FREQ 0% cpu@51.312C soc2@50.25C soc0@51.031C gpu@51.281C tj@52.093C soc1@52.093C VDD_IN 5665mW/5677mW VDD_CPU_GPU_CV 791mW/812mW VDD_SOC 1545mW/1545mW",51.312,51.281,51.031,52.093,50.25,52.093,1789215809066005390
0.791,5.665,1.545,2762,"09-12-2026 13:23:30 RAM 2762/7620MB (lfb 8x4MB) SWAP 417/3810MB (cached 0MB) CPU [7%@729,3%@729,3%@1728,2%@1728,3%@1190,75%@1190] GR3D_FREQ 0% cpu@51.343C soc2@50.312C soc0@51.031C gpu@51.531C tj@52.156C soc1@52.156C VDD_IN 5665mW/5677mW VDD_CPU_GPU_CV 791mW/812mW VDD_SOC 1545mW/1545mW",51.343,51.531,51.031,52.156,50.312,52.156,1789215810072667142
0.83,5.704,1.545,2762,"09-12-2026 13:23:31 RAM 2762/7620MB (lfb 8x4MB) SWAP 417/3810MB (cached 0MB) CPU [9%@1728,27%@1728,32%@1728,27%@1728,0%@729,0%@729] GR3D_FREQ 0% cpu@51.5C soc2@50.281C soc0@51.093C gpu@51.687C tj@52.218C soc1@52.218C VDD_IN 5704mW/5678mW VDD_CPU_GPU_CV 830mW/812mW VDD_SOC 1545mW/1545mW",51.5,51.687,51.093,52.218,50.281,52.218,1789215811078848406
0.83,5.665,1.545,2762,"09-12-2026 13:23:32 RAM 2762/7620MB (lfb 8x4MB) SWAP 417/3810MB (cached 0MB) CPU [8%@1728,11%@1728,64%@1728,4%@1728,3%@729,0%@729] GR3D_FREQ 0% cpu@51.625C soc2@50.281C soc0@51.187C gpu@51.687C tj@52.031C soc1@52.031C VDD_IN 5665mW/5677mW VDD_CPU_GPU_CV 830mW/812mW VDD_SOC 1545mW/1545mW",51.625,51.687,51.187,52.031,50.281,52.031,1789215812085293337
0.831,5.704,1.545,2762,"09-12-2026 13:23:33 RAM 2762/7620MB (lfb 8x4MB) SWAP 417/3810MB (cached 0MB) CPU [9%@1190,5%@1190,62%@1190,14%@1190,3%@729,0%@729] GR3D_FREQ 0% cpu@51.531C soc2@50.281C soc0@51.093C gpu@51.437C tj@52.062C soc1@52.062C VDD_IN 5704mW/5678mW VDD_CPU_GPU_CV 831mW/812mW VDD_SOC 1545mW/1545mW",51.531,51.437,51.093,52.062,50.281,52.062,1789215813090994751
0.792,5.665,1.545,2762,"09-12-2026 13:23:34 RAM 2762/7620MB (lfb 8x4MB) SWAP 417/3810MB (cached 0MB) CPU [8%@1113,5%@1113,4%@1113,75%@1113,0%@729,0%@729] GR3D_FREQ 0% cpu@51.406C soc2@50.312C soc0@51.062C gpu@51.406C tj@52.093C soc1@52.093C VDD_IN 5665mW/5678mW VDD_CPU_GPU_CV 792mW/812mW VDD_SOC 1545mW/1545mW",51.406,51.406,51.062,52.093,50.312,52.093,1789215814097151692
0.831,5.704,1.545,2762,"09-12-2026 13:23:35 RAM 2762/7620MB (lfb 8x4MB) SWAP 417/3810MB (cached 0MB) CPU [23%@1190,4%@1190,4%@1190,61%@1190,0%@729,0%@729] GR3D_FREQ 0% cpu@51.375C soc2@50.281C soc0@51.093C gpu@51.437C tj@52.156C soc1@52.156C VDD_IN 5704mW/5678mW VDD_CPU_GPU_CV 831mW/812mW VDD_SOC 1545mW/1545mW",51.375,51.437,51.093,52.156,50.281,52.156,1789215815103059937
0.831,5.665,1.545,2762,"09-12-2026 13:23:36 RAM 2762/7620MB (lfb 8x4MB) SWAP 417/3810MB (cached 0MB) CPU [5%@1190,6%@1190,37%@1190,48%@1190,0%@729,0%@729] GR3D_FREQ 0% cpu@51.5C soc2@50.218C soc0@51.062C gpu@51.437C tj@52.031C soc1@52.031C VDD_IN 5665mW/5678mW VDD_CPU_GPU_CV 831mW/812mW VDD_SOC 1545mW/1545mW",51.5,51.437,51.062,52.031,50.218,52.031,1789215816110141338
0.83,5.704,1.545,2762,"09-12-2026 13:23:37 RAM 2762/7620MB (lfb 8x4MB) SWAP 417/3810MB (cached 0MB) CPU [8%@1190,13%@1190,5%@1190,67%@1190,0%@729,0%@729] GR3D_FREQ 0% cpu@51.5C soc2@50.25C soc0@51.187C gpu@51.25C tj@52.031C soc1@52.062C VDD_IN 5704mW/5678mW VDD_CPU_GPU_CV 830mW/812mW VDD_SOC 1545mW/1545mW",51.5,51.25,51.187,52.062,50.25,52.031,1789215817115717846
0.831,5.665,1.545,2762,"09-12-2026 13:23:38 RAM 2762/7620MB (lfb 8x4MB) SWAP 417/3810MB (cached 0MB) CPU [6%@1728,17%@1728,3%@1728,61%@1728,0%@729,0%@729] GR3D_FREQ 0% cpu@51.406C soc2@50.25C soc0@50.968C gpu@51.281C tj@52C soc1@52C VDD_IN 5665mW/5678mW VDD_CPU_GPU_CV 831mW/812mW VDD_SOC 1545mW/1545mW",51.406,51.281,50.968,52.0,50.25,52.0,1789215818121955788
0.831,5.704,1.545,2762,"09-12-2026 13:23:39 RAM 2762/7620MB (lfb 8x4MB) SWAP 417/3810MB (cached 0MB) CPU [7%@1728,67%@1728,12%@1728,5%@1728,0%@729,0%@729] GR3D_FREQ 0% cpu@51.531C soc2@50.281C soc0@51.031C gpu@51.406C tj@52.156C soc1@52.156C VDD_IN 5704mW/5678mW VDD_CPU_GPU_CV 831mW/813mW VDD_SOC 1545mW/1545mW",51.531,51.406,51.031,52.156,50.281,52.156,1789215819128703970
0.83,5.704,1.545,2762,"09-12-2026 13:23:40 RAM 2762/7620MB (lfb 8x4MB) SWAP 417/3810MB (cached 0MB) CPU [7%@1190,43%@1190,31%@1190,2%@1190,2%@729,3%@729] GR3D_FREQ 0% cpu@51.562C soc2@50.218C soc0@51.125C gpu@51.406C tj@52.031C soc1@52.031C VDD_IN 5704mW/5678mW VDD_CPU_GPU_CV 830mW/813mW VDD_SOC 1545mW/1545mW",51.562,51.406,51.125,52.031,50.218,52.031,1789215820134595514
0.831,5.665,1.545,2762,"09-12-2026 13:23:41 RAM 2762/7620MB (lfb 8x4MB) SWAP 417/3810MB (cached 0MB) CPU [4%@1728,75%@1728,3%@1728,3%@1728,4%@729,2%@729] GR3D_FREQ 0% cpu@51.312C soc2@50.281C soc0@50.968C gpu@51.437C tj@52.031C soc1@52.031C VDD_IN 5665mW/5678mW VDD_CPU_GPU_CV 831mW/813mW VDD_SOC 1545mW/1545mW",51.312,51.437,50.968,52.031,50.281,52.031,1789215821141040622
0.831,5.665,1.545,2762,"09-12-2026 13:23:42 RAM 2762/7620MB (lfb 8x4MB) SWAP 417/3810MB (cached 0MB) CPU [7%@1728,7%@1728,4%@1728,3%@1728,8%@1190,63%@1190] GR3D_FREQ 0% cpu@51.375C soc2@50.218C soc0@51.031C gpu@51.281C tj@52.156C soc1@52.156C VDD_IN 5665mW/5678mW VDD_CPU_GPU_CV 831mW/813mW VDD_SOC 1545mW/1545mW",51.375,51.281,51.031,52.156,50.218,52.156,1789215822147650992
0.83,5.665,1.545,2762,"09-12-2026 13:23:43 RAM 2762/7620MB (lfb 8x4MB) SWAP 417/3810MB (cached 0MB) CPU [4%@729,4%@729,3%@729,3%@1728,0%@1190,75%@1190] GR3D_FREQ 0% cpu@51.468C soc2@50.25C soc0@51.062C gpu@51.281C tj@52.125C soc1@52.125C VDD_IN 5665mW/5678mW VDD_CPU_GPU_CV 830mW/813mW VDD_SOC 1545mW/1545mW",51.468,51.281,51.062,52.125,50.25,52.125,1789215823154303142
0.83,5.704,1.545,2762,"09-12-2026 13:23:44 RAM 2762/7620MB (lfb 8x4MB) SWAP 417/3810MB (cached 0MB) CPU [8%@1728,3%@1728,3%@1728,4%@1728,33%@729,44%@729] GR3D_FREQ 0% cpu@51.625C soc2@50.25C soc0@51.156C gpu@51.218C tj@52.062C soc1@52.062C VDD_IN 5704mW/5678mW VDD_CPU_GPU_CV 830mW/813mW VDD_SOC 1545mW/1545mW",51.625,51.218,51.156,52.062,50.25,52.062,1789215824160518821
0.831,5.665,1.545,2762,"09-12-2026 13:23:45 RAM 2762/7620MB (lfb 8x4MB) SWAP 417/3810MB (cached 0MB) CPU [4%@729,4%@729,4%@729,10%@729,70%@1190,1%@1190] GR3D_FREQ 0% cpu@51.562C soc2@50.281C soc0@51C gpu@51.406C tj@52.156C soc1@52.156C VDD_IN 5665mW/5678mW VDD_CPU_GPU_CV 831mW/813mW VDD_SOC 1545mW/1545mW",51.562,51.406,51.0,52.156,50.281,52.156,1789215825166960910
0.83,5.704,1.545,2762,"09-12-2026 13:23:46 RAM 2762/7620MB (lfb 8x4MB) SWAP 417/3810MB (cached 0MB) CPU [6%@1113,4%@1113,57%@1113,18%@1113,6%@729,0%@729] GR3D_FREQ 0% cpu@51.406C soc2@50.281C soc0@51.125C gpu@51.437C tj@52.156C soc1@52.156C VDD_IN 5704mW/5678mW VDD_CPU_GPU_CV 830mW/813mW VDD_SOC 1545mW/1545mW",51.406,51.437,51.125,52.156,50.281,52.156,1789215826173553506
0.831,5.704,1.545,2762,"09-12-2026 13:23:47 RAM 2762/7620MB (lfb 8x4MB) SWAP 417/3810MB (cached 0MB) CPU [6%@1113,5%@1113,72%@1113,8%@1113,0%@729,0%@729] GR3D_FREQ 0% cpu@51.437C soc2@50.218C soc0@51.125C gpu@51.312C tj@52.218C soc1@52.218C VDD_IN 5704mW/5678mW VDD_CPU_GPU_CV 831mW/814mW VDD_SOC 1545mW/1545mW",51.437,51.312,51.125,52.218,50.218,52.218,1789215827180193318
0.83,5.704,1.545,2762,"09-12-2026 13:23:48 RAM 2762/7620MB (lfb 8x4MB) SWAP 417/3810MB (cached 0MB) CPU [8%@1728,7%@1728,57%@1728,22%@1728,0%@729,0%@729] GR3D_FREQ 0% cpu@51.5C soc2@50.25C soc0@51.156C gpu@51.375C tj@52.062C soc1@52.062C VDD_IN 5704mW/5678mW VDD_CPU_GPU_CV 830mW/814mW VDD_SOC 1545mW/1545mW",51.5,51.375,51.156,52.062,50.25,52.062,1789215828186428206
0.83,5.704,1.545,2762,"09-12-2026 13:23:49 RAM 2762/7620MB (lfb 8x4MB) SWAP 417/3810MB (cached 0MB) CPU [6%@1728,19%@1728,40%@1728,30%@1728,0%@729,0%@729] GR3D_FREQ 0% cpu@51.593C soc2@50.312C soc0@51.093C gpu@51.343C tj@52.125C soc1@52.125C VDD_IN 5704mW/5679mW VDD_CPU_GPU_CV 830mW/814mW VDD_SOC 1545mW/1545mW",51.593,51.343,51.093,52.125,50.312,52.125,1789215829192871133
0.83,5.704,1.545,2762,"09-12-2026 13:23:50 RAM 2762/7620MB (lfb 8x4MB) SWAP 417/3810MB (cached 0MB) CPU [5%@1728,19%@1728,30%@1728,36%@1728,1%@729,1%@729] GR3D_FREQ 0% cpu@51.468C soc2@50.343C soc0@51.062C gpu@51.562C tj@52.156C soc1@52.156C VDD_IN 5704mW/5679mW VDD_CPU_GPU_CV 830mW/814mW VDD_SOC 1545mW/1545mW",51.468,51.562,51.062,52.156,50.343,52.156,1789215830199037002
0.83,5.704,1.545,2762,"09-12-2026 13:23:51 RAM 2762/7620MB (lfb 8x4MB) SWAP 417/3810MB (cached 0MB) CPU [10%@1113,2%@1113,3%@1113,70%@1113,3%@729,2%@729] GR3D_FREQ 0% cpu@51.5C soc2@50.25C soc0@51.093C gpu@51.562C tj@52.281C soc1@52.281C VDD_IN 5704mW/5679mW VDD_CPU_GPU_CV 830mW/814mW VDD_SOC 1545mW/1545mW",51.5,51.562,51.093,52.281,50.25,52.281,1789215831205700205
0.831,5.704,1.545,2762,"09-12-2026 13:23:52 RAM 2762/7620MB (lfb 8x4MB) SWAP 417/3810MB (cached 0MB) CPU [5%@1190,2%@1190,48%@1190,32%@1190,4%@729,4%@729] GR3D_FREQ 0% cpu@51.781C soc2@50.25C soc0@51.156C gpu@51.593C tj@52.031C soc1@52.031C VDD_IN 5704mW/5679mW VDD_CPU_GPU_CV 831mW/814mW VDD_SOC 1545mW/1545mW",51.781,51.593,51.156,52.031,50.25,52.031,1789215832211497160
0.83,5.704,1.545,2762,"09-12-2026 13:23:53 RAM 2762/7620MB (lfb 8x4MB) SWAP 417/3810MB (cached 0MB) CPU [8%@1190,1%@1190,50%@1190,21%@1190,8%@729,3%@729] GR3D_FREQ 0% cpu@51.656C soc2@50.343C soc0@51.031C gpu@51.625C tj@52.062C soc1@52.062C VDD_IN 5704mW/5679mW VDD_CPU_GPU_CV 830mW/814mW VDD_SOC 1545mW/1545mW",51.656,51.625,51.031,52.062,50.343,52.062,1789215833217846838
0.831,5.704,1.545,2762,"09-12-2026 13:23:54 RAM 2762/7620MB (lfb 8x4MB) SWAP 417/3810MB (cached 0MB) CPU [3%@1190,45%@1190,35%@1190,1%@1190,7%@729,3%@729] GR3D_FREQ 0% cpu@51.406C soc2@50.312C soc0@51.125C gpu@51.437C tj@52.125C soc1@52.125C VDD_IN 5704mW/5679mW VDD_CPU_GPU_CV 831mW/814mW VDD_SOC 1545mW/1545mW",51.406,51.437,51.125,52.125,50.312,52.125,1789215834223704009
0.83,5.704,1.545,2762,"09-12-2026 13:23:55 RAM 2762/7620MB (lfb 8x4MB) SWAP 417/3810MB (cached 0MB) CPU [6%@1728,6%@1728,65%@1728,2%@1728,1%@729,6%@729] GR3D_FREQ 0% cpu@51.437C soc2@50.218C soc0@51.156C gpu@51.375C tj@52.187C soc1@52.187C VDD_IN 5704mW/5679mW VDD_CPU_GPU_CV 830mW/814mW VDD_SOC 1545mW/1545mW",51.437,51.375,51.156,52.187,50.218,52.187,1789215835229651331
0.83,5.704,1.545,2762,"09-12-2026 13:23:56 RAM 2762/7620MB (lfb 8x4MB) SWAP 417/3810MB (cached 0MB) CPU [7%@1728,3%@1728,46%@1728,35%@1728,1%@729,2%@729] GR3D_FREQ 0% cpu@51.687C soc2@50.312C soc0@51.218C gpu@51.406C tj@52.031C soc1@52.062C VDD_IN 5704mW/5680mW VDD_CPU_GPU_CV 830mW/814mW VDD_SOC 1545mW/1545mW",51.687,51.406,51.218,52.062,50.312,52.031,1789215836236109137
0.831,5.704,1.545,2762,"09-12-2026 13:23:57 RAM 2762/7620MB (lfb 8x4MB) SWAP 417/3810MB (cached 0MB) CPU [8%@1113,16%@1113,37%@1113,26%@1113,5%@729,3%@729] GR3D_FREQ 0% cpu@51.656C soc2@50.343C soc0@51.093C gpu@51.593C tj@52.062C soc1@52.062C VDD_IN 5704mW/5680mW VDD_CPU_GPU_CV 831mW/815mW VDD_SOC 1545mW/1545mW",51.656,51.593,51.093,52.062,50.343,52.062,1789215837242436239
0.831,5.704,1.545,2764,"09-12-2026 13:23:58 RAM 2764/7620MB (lfb 8x4MB) SWAP 417/3810MB (cached 0MB) CPU [4%@1113,54%@1113,23%@1113,3%@1113,4%@729,3%@729] GR3D_FREQ 0% cpu@51.468C soc2@50.312C soc0@51.031C gpu@51.562C tj@52.156C soc1@52.156C VDD_IN 5704mW/5680mW VDD_CPU_GPU_CV 831mW/815mW VDD_SOC 1545mW/1545mW",51.468,51.562,51.031,52.156,50.312,52.156,1789215838248171380
0.83,5.704,1.545,2764,"09-12-2026 13:23:59 RAM 2764/7620MB (lfb 8x4MB) SWAP 417/3810MB (cached 0MB) CPU [8%@1728,23%@1728,10%@1728,51%@1728,0%@729,1%@729] GR3D_FREQ 0% cpu@51.468C soc2@50.187C soc0@51.093C gpu@51.593C tj@52.281C soc1@52.281C VDD_IN 5704mW/5680mW VDD_CPU_GPU_CV 830mW/815mW VDD_SOC 1545mW/1545mW",51.468,51.593,51.093,52.281,50.187,52.281,1789215839254505798
0.831,5.704,1.545,2764,"09-12-2026 13:24:00 RAM 2764/7620MB (lfb 8x4MB) SWAP 417/3810MB (cached 0MB) CPU [9%@1190,5%@1190,3%@1190,71%@1190,1%@729,1%@729] GR3D_FREQ 0% cpu@51.593C soc2@50.281C soc0@51.187C gpu@51.375C tj@52.062C soc1@52.062C VDD_IN 5704mW/5680mW VDD_CPU_GPU_CV 831mW/815mW VDD_SOC 1545mW/1545mW",51.593,51.375,51.187,52.062,50.281,52.062,1789215840260508528
0.831,5.704,1.545,2764,"09-12-2026 13:24:01 RAM 2764/7620MB (lfb 8x4MB) SWAP 417/3810MB (cached 0MB) CPU [4%@1190,8%@1190,57%@1728,19%@1728,0%@729,1%@729] GR3D_FREQ 0% cpu@51.687C soc2@50.281C soc0@51.25C gpu@51.468C tj@52.093C soc1@52.093C VDD_IN 5704mW/5680mW VDD_CPU_GPU_CV 831mW/815mW VDD_SOC 1545mW/1545mW",51.687,51.468,51.25,52.093,50.281,52.093,1789215841266783989
0.83,5.704,1.545,2764,"09-12-2026 13:24:02 RAM 2764/7620MB (lfb 8x4MB) SWAP 417/3810MB (cached 0MB) CPU [8%@1728,8%@1728,71%@1728,4%@1728,0%@729,1%@729] GR3D_FREQ 0% cpu@51.562C soc2@50.375C soc0@51.187C gpu@51.437C tj@52.156C soc1@52.156C VDD_IN 5704mW/5680mW VDD_CPU_GPU_CV 830mW/815mW VDD_SOC 1545mW/1545mW",51.562,51.437,51.187,52.156,50.375,52.156,1789215842273223835
0.831,5.704,1.545,2764,"09-12-2026 13:24:03 RAM 2764/7620MB (lfb 8x4MB) SWAP 417/3810MB (cached 0MB) CPU [2%@1728,3%@1728,76%@1728,2%@1728,2%@729,2%@729] GR3D_FREQ 0% cpu@51.687C soc2@50.187C soc0@51.125C gpu@51.687C tj@52.218C soc1@52.218C VDD_IN 5704mW/5681mW VDD_CPU_GPU_CV 831mW/815mW VDD_SOC 1545mW/1545mW",51.687,51.687,51.125,52.218,50.187,52.218,1789215843279803457
0.831,5.704,1.545,2764,"09-12-2026 13:24:04 RAM 2764/7620MB (lfb 8x4MB) SWAP 417/3810MB (cached 0MB) CPU [5%@1113,42%@1113,34%@1113,6%@1113,2%@729,3%@729] GR3D_FREQ 0% cpu@51.625C soc2@50.25C soc0@51.156C gpu@51.718C tj@52.093C soc1@52.093C VDD_IN 5704mW/5681mW VDD_CPU_GPU_CV 831mW/815mW VDD_SOC 1545mW/1545mW",51.625,51.718,51.156,52.093,50.25,52.093,1789215844285823751
0.83,5.704,1.545,2764,"09-12-2026 13:24:05 RAM 2764/7620MB (lfb 8x4MB) SWAP 417/3810MB (cached 0MB) CPU [5%@1190,3%@1190,75%@1190,2%@1190,5%@729,2%@729] GR3D_FREQ 0% cpu@51.562C soc2@50.25C soc0@51.25C gpu@51.343C tj@52.156C soc1@52.156C VDD_IN 5704mW/5681mW VDD_CPU_GPU_CV 830mW/815mW VDD_SOC 1545mW/1545mW",51.562,51.343,51.25,52.156,50.25,52.156,1789215845292055593
0.83,5.704,1.545,2764,"09-12-2026 13:24:06 RAM 2764/7620MB (lfb 8x4MB) SWAP 417/3810MB (cached 0MB) CPU [4%@1728,3%@1728,73%@1728,2%@1728,7%@1190,5%@1190] GR3D_FREQ 0% cpu@51.343C soc2@50.281C soc0@51.125C gpu@51.5C tj@52.125C soc1@52.125C VDD_IN 5704mW/5681mW VDD_CPU_GPU_CV 830mW/815mW VDD_SOC 1545mW/1545mW",51.343,51.5,51.125,52.125,50.281,52.125,1789215846298325710
0.83,5.665,1.545,2764,"09-12-2026 13:24:07 RAM 2764/7620MB (lfb 8x4MB) SWAP 417/3810MB (cached 0MB) CPU [9%@729,2%@729,2%@1728,3%@1728,6%@1190,71%@1190] GR3D_FREQ 0% cpu@51.375C soc2@50.218C soc0@51.093C gpu@51.5C tj@52.281C soc1@52.281C VDD_IN 5665mW/5681mW VDD_CPU_GPU_CV 830mW/815mW VDD_SOC 1545mW/1545mW",51.375,51.5,51.093,52.281,50.218,52.281,1789215847305857981
0.83,5.665,1.545,2764,"09-12-2026 13:24:08 RAM 2764/7620MB (lfb 8x4MB) SWAP 417/3810MB (cached 0MB) CPU [6%@729,5%@729,3%@729,3%@1728,0%@1190,75%@1190] GR3D_FREQ 0% cpu@51.437C soc2@50.343C soc0@51.25C gpu@51.312C tj@52.031C soc1@52.031C VDD_IN 5665mW/5681mW VDD_CPU_GPU_CV 830mW/816mW VDD_SOC 1545mW/1545mW",51.437,51.312,51.25,52.031,50.343,52.031,1789215848312526296
0.83,5.665,1.545,2764,"09-12-2026 13:24:09 RAM 2764/7620MB (lfb 8x4MB) SWAP 417/3810MB (cached 0MB) CPU [8%@729,5%@729,3%@729,2%@729,0%@1190,75%@1190] GR3D_FREQ 0% cpu@51.531C soc2@50.218C soc0@51.093C gpu@51.343C tj@52.125C soc1@52.125C VDD_IN 5665mW/5681mW VDD_CPU_GPU_CV 830mW/816mW VDD_SOC 1545mW/1545mW",51.531,51.343,51.093,52.125,50.218,52.125,1789215849318037389
0.83,5.704,1.545,2764,"09-12-2026 13:24:10 RAM 2764/7620MB (lfb 8x4MB) SWAP 417/3810MB (cached 0MB) CPU [7%@729,4%@729,4%@1728,7%@1728,0%@1036,75%@1036] GR3D_FREQ 0% cpu@51.343C soc2@50.312C soc0@51.093C gpu@51.406C tj@52.156C soc1@52.156C VDD_IN 5704mW/5681mW VDD_CPU_GPU_CV 830mW/816mW VDD_SOC 1545mW/1545mW",51.343,51.406,51.093,52.156,50.312,52.156,1789215850324737645
0.83,5.665,1.545,2764,"09-12-2026 13:24:11 RAM 2764/7620MB (lfb 8x4MB) SWAP 417/3810MB (cached 0MB) CPU [6%@729,4%@729,5%@729,4%@1728,1%@1036,75%@1036] GR3D_FREQ 0% cpu@51.437C soc2@50.187C soc0@51.062C gpu@51.406C tj@52.25C soc1@52.25C VDD_IN 5665mW/5681mW VDD_CPU_GPU_CV 830mW/816mW VDD_SOC 1545mW/1545mW",51.437,51.406,51.062,52.25,50.187,52.25,1789215851332285544
0.83,5.665,1.545,2764,"09-12-2026 13:24:12 RAM 2764/7620MB (lfb 8x4MB) SWAP 417/3810MB (cached 0MB) CPU [6%@729,4%@729,4%@1728,4%@1728,0%@1190,75%@1190] GR3D_FREQ 0% cpu@51.593C soc2@50.25C soc0@51.187C gpu@51.437C tj@52.062C soc1@52.062C VDD_IN 5665mW/5681mW VDD_CPU_GPU_CV 830mW/816mW VDD_SOC 1545mW/1545mW",51.593,51.437,51.187,52.062,50.25,52.062,1789215852338169522
0.831,5.665,1.545,2765,"09-12-2026 13:24:13 RAM 2765/7620MB (lfb 8x4MB) SWAP 417/3810MB (cached 0MB) CPU [4%@729,3%@729,3%@729,3%@1728,0%@1190,75%@1190] GR3D_FREQ 0% cpu@51.375C soc2@50.312C soc0@51.062C gpu@51.5C tj@52.125C soc1@52.125C VDD_IN 5665mW/5681mW VDD_CPU_GPU_CV 831mW/816mW VDD_SOC 1545mW/1545mW",51.375,51.5,51.062,52.125,50.312,52.125,1789215853344095963
0.791,5.665,1.545,2765,"09-12-2026 13:24:14 RAM 2765/7620MB (lfb 8x4MB) SWAP 417/3810MB (cached 0MB) CPU [4%@729,5%@729,6%@729,3%@729,0%@1190,75%@1190] GR3D_FREQ 0% cpu@51.437C soc2@50.281C soc0@51.093C gpu@51.312C tj@52.093C soc1@52.093C VDD_IN 5665mW/5681mW VDD_CPU_GPU_CV 791mW/816mW VDD_SOC 1545mW/1545mW",51.437,51.312,51.093,52.093,50.281,52.093,1789215854350701381
0.791,5.665,1.545,2765,"09-12-2026 13:24:15 RAM 2765/7620MB (lfb 8x4MB) SWAP 417/3810MB (cached 0MB) CPU [6%@729,4%@729,4%@729,6%@1728,0%@1036,76%@1036] GR3D_FREQ 0% cpu@51.531C soc2@50.218C soc0@51.062C gpu@51.281C tj@52.281C soc1@52.281C VDD_IN 5665mW/5680mW VDD_CPU_GPU_CV 791mW/816mW VDD_SOC 1545mW/1545mW",51.531,51.281,51.062,52.281,50.218,52.281,1789215855357379436
0.792,5.665,1.545,2765,"09-12-2026 13:24:16 RAM 2765/7620MB (lfb 8x4MB) SWAP 417/3810MB (cached 0MB) CPU [3%@729,5%@729,4%@729,5%@1728,0%@1113,75%@1113] GR3D_FREQ 0% cpu@51.687C soc2@50.218C soc0@51.218C gpu@51.437C tj@52C soc1@52C VDD_IN 5665mW/5680mW VDD_CPU_GPU_CV 792mW/816mW VDD_SOC 1545mW/1545mW",51.687,51.437,51.218,52.0,50.218,52.0,1789215856363224953
0.791,5.665,1.545,2765,"09-12-2026 13:24:17 RAM 2765/7620MB (lfb 8x4MB) SWAP 417/3810MB (cached 0MB) CPU [5%@1728,5%@1728,5%@1728,3%@1728,1%@1190,75%@1190] GR3D_FREQ 0% cpu@51.468C soc2@50.25C soc0@51.062C gpu@51.437C tj@52.125C soc1@52.125C VDD_IN 5665mW/5680mW VDD_CPU_GPU_CV 791mW/815mW VDD_SOC 1545mW/1545mW",51.468,51.437,51.062,52.125,50.25,52.125,1789215857369703817
0.792,5.665,1.545,2765,"09-12-2026 13:24:18 RAM 2765/7620MB (lfb 8x4MB) SWAP 417/3810MB (cached 0MB) CPU [5%@1728,6%@1728,4%@1728,2%@1728,0%@1190,75%@1190] GR3D_FREQ 0% cpu@51.406C soc2@50.156C soc0@51.062C gpu@51.531C tj@52.156C soc1@52.156C VDD_IN 5665mW/5680mW VDD_CPU_GPU_CV 792mW/815mW VDD_SOC 1545mW/1545mW",51.406,51.531,51.062,52.156,50.156,52.156,1789215858376351343
0.792,5.665,1.545,2765,"09-12-2026 13:24:19 RAM 2765/7620MB (lfb 8x4MB) SWAP 417/3810MB (cached 0MB) CPU [3%@729,3%@729,5%@729,3%@729,37%@1190,42%@1190] GR3D_FREQ 0% cpu@51.593C soc2@50.187C soc0@51.031C gpu@51.25C tj@52.218C soc1@52.218C VDD_IN 5665mW/5680mW VDD_CPU_GPU_CV 792mW/815mW VDD_SOC 1545mW/1545mW",51.593,51.25,51.031,52.218,50.187,52.218,1789215859383567961
0.791,5.665,1.545,2765,"09-12-2026 13:24:20 RAM 2765/7620MB (lfb 8x4MB) SWAP 417/3810MB (cached 0MB) CPU [7%@729,3%@729,4%@729,4%@729,0%@1190,75%@1190] GR3D_FREQ 0% cpu@51.437C soc2@50.25C soc0@51.187C gpu@51.281C tj@52.156C soc1@52.156C VDD_IN 5665mW/5680mW VDD_CPU_GPU_CV 791mW/815mW VDD_SOC 1545mW/1545mW",51.437,51.281,51.187,52.156,50.25,52.156,1789215860389975558
0.791,5.665,1.545,2765,"09-12-2026 13:24:21 RAM 2765/7620MB (lfb 8x4MB) SWAP 417/3810MB (cached 0MB) CPU [6%@729,3%@729,6%@1728,3%@1728,0%@1190,75%@1190] GR3D_FREQ 0% cpu@51.656C soc2@50.25C soc0@51.031C gpu@51.281C tj@52.062C soc1@52.062C VDD_IN 5665mW/5680mW VDD_CPU_GPU_CV 791mW/815mW VDD_SOC 1545mW/1545mW",51.656,51.281,51.031,52.062,50.25,52.062,1789215861395400253
0.791,5.665,1.545,2765,"09-12-2026 13:24:22 RAM 2765/7620MB (lfb 8x4MB) SWAP 417/3810MB (cached 0MB) CPU [6%@1728,3%@1728,3%@1728,2%@1728,0%@1036,75%@1036] GR3D_FREQ 0% cpu@51.406C soc2@50.281C soc0@51.093C gpu@51.5C tj@52.156C soc1@52.156C VDD_IN 5665mW/5680mW VDD_CPU_GPU_CV 791mW/815mW VDD_SOC 1545mW/1545mW",51.406,51.5,51.093,52.156,50.281,52.156,1789215862402218226
0.791,5.665,1.545,2765,"09-12-2026 13:24:23 RAM 2765/7620MB (lfb 8x4MB) SWAP 417/3810MB (cached 0MB) CPU [6%@729,4%@729,4%@729,4%@729,0%@1190,75%@1190] GR3D_FREQ 0% cpu@51.437C soc2@50.25C soc0@51.093C gpu@51.562C tj@52.312C soc1@52.312C VDD_IN 5665mW/5680mW VDD_CPU_GPU_CV 791mW/815mW VDD_SOC 1545mW/1545mW",51.437,51.562,51.093,52.312,50.25,52.312,1789215863408458877
0.792,5.665,1.545,2765,"09-12-2026 13:24:24 RAM 2765/7620MB (lfb 8x4MB) SWAP 417/3810MB (cached 0MB) CPU [6%@729,4%@729,4%@729,2%@729,1%@1190,73%@1190] GR3D_FREQ 0% cpu@51.562C soc2@50.25C soc0@51.187C gpu@51.562C tj@52C soc1@52C VDD_IN 5665mW/5680mW VDD_CPU_GPU_CV 792mW/815mW VDD_SOC 1545mW/1545mW",51.562,51.562,51.187,52.0,50.25,52.0,1789215864415147663
0.792,5.665,1.545,2765,"09-12-2026 13:24:25 RAM 2765/7620MB (lfb 8x4MB) SWAP 417/3810MB (cached 0MB) CPU [8%@729,4%@1728,5%@1728,3%@1728,2%@1113,70%@1113] GR3D_FREQ 0% cpu@51.312C soc2@50.187C soc0@51.125C gpu@51.312C tj@52.156C soc1@52.156C VDD_IN 5665mW/5680mW VDD_CPU_GPU_CV 792mW/814mW VDD_SOC 1545mW/1545mW",51.312,51.312,51.125,52.156,50.187,52.156,1789215865421935161
0.791,5.665,1.545,2765,"09-12-2026 13:24:26 RAM 2765/7620MB (lfb 8x4MB) SWAP 417/3810MB (cached 0MB) CPU [5%@729,4%@729,4%@729,4%@729,3%@1036,72%@1036] GR3D_FREQ 0% cpu@51.343C soc2@50.25C soc0@51.062C gpu@51.281C tj@52.156C soc1@52.156C VDD_IN 5665mW/5680mW VDD_CPU_GPU_CV 791mW/814mW VDD_SOC 1545mW/1545mW",51.343,51.281,51.062,52.156,50.25,52.156,1789215866428271954
0.791,5.665,1.545,2765,"09-12-2026 13:24:27 RAM 2765/7620MB (lfb 8x4MB) SWAP 417/3810MB (cached 0MB) CPU [7%@729,3%@1728,4%@1728,2%@1728,2%@1036,72%@1036] GR3D_FREQ 0% cpu@51.437C soc2@50.218C soc0@51.187C gpu@51.562C tj@52.343C soc1@52.343C VDD_IN 5665mW/5679mW VDD_CPU_GPU_CV 791mW/814mW VDD_SOC 1545mW/1545mW",51.437,51.562,51.187,52.343,50.218,52.343,1789215867434960853
0.831,5.674,1.545,2765,"09-12-2026 13:24:28 RAM 2765/7620MB (lfb 8x4MB) SWAP 417/3810MB (cached 0MB) CPU [7%@729,4%@729,8%@729,3%@1728,1%@1190,71%@1190] GR3D_FREQ 0% cpu@51.687C soc2@50.375C soc0@51.125C gpu@51.656C tj@52.062C soc1@52.062C VDD_IN 5674mW/5679mW VDD_CPU_GPU_CV 831mW/814mW VDD_SOC 1545mW/1545mW",51.687,51.656,51.125,52.062,50.375,52.062,1789215868441312482
0.791,5.665,1.545,2765,"09-12-2026 13:24:29 RAM 2765/7620MB (lfb 8x4MB) SWAP 417/3810MB (cached 0MB) CPU [5%@729,2%@729,6%@729,4%@1728,1%@1190,70%@1190] GR3D_FREQ 0% cpu@51.437C soc2@50.25C soc0@50.968C gpu@51.406C tj@52.125C soc1@52.125C VDD_IN 5665mW/5679mW VDD_CPU_GPU_CV 791mW/814mW VDD_SOC 1545mW/1545mW",51.437,51.406,50.968,52.125,50.25,52.125,1789215869449335069
0.791,5.665,1.545,2765,"09-12-2026 13:24:30 RAM 2765/7620MB (lfb 8x4MB) SWAP 417/3810MB (cached 0MB) CPU [6%@729,3%@729,5%@729,5%@729,0%@1113,68%@1113] GR3D_FREQ 0% cpu@51.437C soc2@50.156C soc0@51.187C gpu@51.343C tj@52.218C soc1@52.218C VDD_IN 5665mW/5679mW VDD_CPU_GPU_CV 791mW/814mW VDD_SOC 1545mW/1545mW",51.437,51.343,51.187,52.218,50.156,52.218,1789215870456042125
0.831,5.665,1.545,2765,"09-12-2026 13:24:31 RAM 2765/7620MB (lfb 8x4MB) SWAP 417/3810MB (cached 0MB) CPU [7%@1728,4%@1728,3%@1728,2%@1728,0%@1190,67%@1190] GR3D_FREQ 0% cpu@51.687C soc2@50.156C soc0@51.218C gpu@51.593C tj@52C soc1@52C VDD_IN 5665mW/5679mW VDD_CPU_GPU_CV 831mW/814mW VDD_SOC 1545mW/1545mW",51.687,51.593,51.218,52.0,50.156,52.0,1789215871462430693
0.792,5.665,1.545,2765,"09-12-2026 13:24:32 RAM 2765/7620MB (lfb 8x4MB) SWAP 417/3810MB (cached 0MB) CPU [4%@729,4%@729,4%@729,3%@729,2%@1190,64%@1190] GR3D_FREQ 0% cpu@51.375C soc2@50.25C soc0@51.125C gpu@51.593C tj@52.062C soc1@52.062C VDD_IN 5665mW/5679mW VDD_CPU_GPU_CV 792mW/814mW VDD_SOC 1545mW/1545mW",51.375,51.593,51.125,52.062,50.25,52.062,1789215872468416135
0.792,5.665,1.545,2765,"09-12-2026 13:24:33 RAM 2765/7620MB (lfb 8x4MB) SWAP 417/3810MB (cached 0MB) CPU [5%@729,3%@729,3%@729,4%@729,1%@1190,65%@1190] GR3D_FREQ 0% cpu@51.406C soc2@50.281C soc0@51.062C gpu@51.656C tj@52.093C soc1@52.093C VDD_IN 5665mW/5679mW VDD_CPU_GPU_CV 792mW/814mW VDD_SOC 1545mW/1545mW",51.406,51.656,51.062,52.093,50.281,52.093,1789215873474195051
0.792,5.665,1.545,2765,"09-12-2026 13:24:34 RAM 2765/7620MB (lfb 8x4MB) SWAP 417/3810MB (cached 0MB) CPU [6%@729,6%@1728,4%@1728,5%@1728,1%@1113,66%@1113] GR3D_FREQ 0% cpu@51.468C soc2@50.312C soc0@51.062C gpu@51.406C tj@52.187C soc1@52.187C VDD_IN 5665mW/5679mW VDD_CPU_GPU_CV 792mW/814mW VDD_SOC 1545mW/1545mW",51.468,51.406,51.062,52.187,50.312,52.187,1789215874480992473
0.791,5.665,1.545,2765,"09-12-2026 13:24:35 RAM 2765/7620MB (lfb 8x4MB) SWAP 417/3810MB (cached 0MB) CPU [5%@1728,2%@1728,4%@1728,4%@1728,2%@1190,63%@1190] GR3D_FREQ 0% cpu@51.843C soc2@50.218C soc0@51.25C gpu@51.468C tj@52.062C soc1@52.062C VDD_IN 5665mW/5679mW VDD_CPU_GPU_CV 791mW/814mW VDD_SOC 1545mW/1545mW",51.843,51.468,51.25,52.062,50.218,52.062,1789215875488682229
0.83,5.665,1.545,2765,"09-12-2026 13:24:36 RAM 2765/7620MB (lfb 8x4MB) SWAP 417/3810MB (cached 0MB) CPU [4%@1728,5%@1728,2%@1728,3%@1728,1%@1113,62%@1113] GR3D_FREQ 0% cpu@51.625C soc2@50.218C soc0@51.062C gpu@51.406C tj@52.062C soc1@52.062C VDD_IN 5665mW/5679mW VDD_CPU_GPU_CV 830mW/814mW VDD_SOC 1545mW/1545mW",51.625,51.406,51.062,52.062,50.218,52.062,1789215876494515453
0.83,5.665,1.545,2765,"09-12-2026 13:24:37 RAM 2765/7620MB (lfb 8x4MB) SWAP 417/3810MB (cached 0MB) CPU [6%@729,6%@729,5%@1728,3%@1728,3%@1190,61%@1190] GR3D_FREQ 0% cpu@51.437C soc2@50.343C soc0@51.031C gpu@51.687C tj@52.187C soc1@52.187C VDD_IN 5665mW/5679mW VDD_CPU_GPU_CV 830mW/814mW VDD_SOC 1545mW/1545mW",51.437,51.687,51.031,52.187,50.343,52.187,1789215877500449303
0.792,5.665,1.545,2765,"09-12-2026 13:24:38 RAM 2765/7620MB (lfb 8x4MB) SWAP 417/3810MB (cached 0MB) CPU [8%@1728,5%@1728,3%@1728,4%@1728,2%@1036,62%@1036] GR3D_FREQ 0% cpu@51.375C soc2@50.187C soc0@51.156C gpu@51.218C tj@51.968C soc1@51.968C VDD_IN 5665mW/5679mW VDD_CPU_GPU_CV 792mW/814mW VDD_SOC 1545mW/1545mW",51.375,51.218,51.156,51.968,50.187,51.968,1789215878508004510
0.791,5.665,1.545,2765,"09-12-2026 13:24:39 RAM 2765/7620MB (lfb 8x4MB) SWAP 417/3810MB (cached 0MB) CPU [3%@1728,3%@1728,4%@1728,3%@1728,1%@1190,61%@1190] GR3D_FREQ 0% cpu@51.562C soc2@50.343C soc0@51.187C gpu@51.375C tj@52.031C soc1@52.031C VDD_IN 5665mW/5679mW VDD_CPU_GPU_CV 791mW/814mW VDD_SOC 1545mW/1545mW",51.562,51.375,51.187,52.031,50.343,52.031,1789215879514368689
0.792,5.665,1.545,2765,"09-12-2026 13:24:40 RAM 2765/7620MB (lfb 8x4MB) SWAP 417/3810MB (cached 0MB) CPU [5%@729,1%@729,5%@729,5%@729,0%@1113,62%@1113] GR3D_FREQ 0% cpu@51.718C soc2@50.25C soc0@51.156C gpu@51.468C tj@52.062C soc1@52.062C VDD_IN 5665mW/5679mW VDD_CPU_GPU_CV 792mW/814mW VDD_SOC 1545mW/1545mW",51.718,51.468,51.156,52.062,50.25,52.062,1789215880519893759
0.792,5.665,1.545,2765,"09-12-2026 13:24:41 RAM 2765/7620MB (lfb 8x4MB) SWAP 417/3810MB (cached 0MB) CPU [5%@1728,2%@1728,3%@1728,5%@1728,1%@1113,62%@1113] GR3D_FREQ 0% cpu@51.375C soc2@50.187C soc0@51.156C gpu@51.468C tj@52.156C soc1@52.156C VDD_IN 5665mW/5679mW VDD_CPU_GPU_CV 792mW/813mW VDD_SOC 1545mW/1545mW",51.375,51.468,51.156,52.156,50.187,52.156,1789215881526351257
0.831,5.665,1.545,2765,"09-12-2026 13:24:42 RAM 2765/7620MB (lfb 8x4MB) SWAP 417/3810MB (cached 0MB) CPU [6%@729,3%@729,4%@729,4%@1728,0%@1190,62%@1190] GR3D_FREQ 0% cpu@51.468C soc2@50.218C soc0@51.156C gpu@51.281C tj@52.062C soc1@52.062C VDD_IN 5665mW/5679mW VDD_CPU_GPU_CV 831mW/813mW VDD_SOC 1545mW/1545mW",51.468,51.281,51.156,52.062,50.218,52.062,1789215882532712108
0.792,5.665,1.545,2765,"09-12-2026 13:24:43 RAM 2765/7620MB (lfb 8x4MB) SWAP 417/3810MB (cached 0MB) CPU [4%@729,4%@729,4%@1728,3%@1728,0%@1036,62%@1036] GR3D_FREQ 0% cpu@51.562C soc2@50.312C soc0@51.218C gpu@51.375C tj@52.031C soc1@52.031C VDD_IN 5665mW/5678mW VDD_CPU_GPU_CV 792mW/813mW VDD_SOC 1545mW/1545mW",51.562,51.375,51.218,52.031,50.312,52.031,1789215883539750996
0.831,5.665,1.545,2765,"09-12-2026 13:24:44 RAM 2765/7620MB (lfb 8x4MB) SWAP 417/3810MB (cached 0MB) CPU [6%@729,12%@729,3%@729,22%@1728,1%@1190,61%@1190] GR3D_FREQ 0% cpu@51.375C soc2@50.343C soc0@51.062C gpu@51.468C tj@52.125C soc1@52.125C VDD_IN 5665mW/5678mW VDD_CPU_GPU_CV 831mW/813mW VDD_SOC 1545mW/1545mW",51.375,51.468,51.062,52.125,50.343,52.125,1789215884545949879
0.791,5.665,1.545,2765,"09-12-2026 13:24:45 RAM 2765/7620MB (lfb 8x4MB) SWAP 417/3810MB (cached 0MB) CPU [7%@729,9%@729,4%@729,21%@729,12%@1113,72%@1113] GR3D_FREQ 0% cpu@51.437C soc2@50.281C soc0@51.093C gpu@51.437C tj@52.156C soc1@52.156C VDD_IN 5665mW/5678mW VDD_CPU_GPU_CV 791mW/813mW VDD_SOC 1545mW/1545mW",51.437,51.437,51.093,52.156,50.281,52.156,1789215885552092241
0.791,5.665,1.545,2765,"09-12-2026 13:24:46 RAM 2765/7620MB (lfb 8x4MB) SWAP 417/3810MB (cached 0MB) CPU [5%@1728,5%@1728,4%@1728,4%@1728,14%@1113,74%@1113] GR3D_FREQ 0% cpu@51.593C soc2@50.218C soc0@51.218C gpu@51.5C tj@52.093C soc1@52.093C VDD_IN 5665mW/5678mW VDD_CPU_GPU_CV 791mW/813mW VDD_SOC 1545mW/1545mW",51.593,51.5,51.218,52.093,50.218,52.093,1789215886558630285
0.791,5.665,1.545,2766,"09-12-2026 13:24:47 RAM 2766/7620MB (lfb 8x4MB) SWAP 417/3810MB (cached 0MB) CPU [6%@1728,4%@1728,4%@1728,4%@1728,8%@1190,75%@1190] GR3D_FREQ 0% cpu@51.375C soc2@50.312C soc0@51.343C gpu@51.312C tj@52.125C soc1@52.125C VDD_IN 5665mW/5678mW VDD_CPU_GPU_CV 791mW/813mW VDD_SOC 1545mW/1545mW",51.375,51.312,51.343,52.125,50.312,52.125,1789215887564729807
0.83,5.665,1.545,2766,"09-12-2026 13:24:48 RAM 2766/7620MB (lfb 8x4MB) SWAP 417/3810MB (cached 0MB) CPU [5%@729,6%@729,3%@729,2%@729,0%@1190,74%@1190] GR3D_FREQ 0% cpu@51.375C soc2@50.187C soc0@51.093C gpu@51.312C tj@52.156C soc1@52.156C VDD_IN 5665mW/5678mW VDD_CPU_GPU_CV 830mW/813mW VDD_SOC 1545mW/1545mW",51.375,51.312,51.093,52.156,50.187,52.156,1789215888571466856
0.83,5.665,1.545,2766,"09-12-2026 13:24:49 RAM 2766/7620MB (lfb 8x4MB) SWAP 417/3810MB (cached 0MB) CPU [6%@729,3%@729,5%@729,4%@729,0%@1190,74%@1190] GR3D_FREQ 0% cpu@51.437C soc2@50.125C soc0@51.093C gpu@51.312C tj@52.187C soc1@52.187C VDD_IN 5665mW/5678mW VDD_CPU_GPU_CV 830mW/813mW VDD_SOC 1545mW/1545mW",51.437,51.312,51.093,52.187,50.125,52.187,1789215889577628206
0.791,5.665,1.545,2766,"09-12-2026 13:24:50 RAM 2766/7620MB (lfb 8x4MB) SWAP 417/3810MB (cached 0MB) CPU [4%@729,4%@729,4%@729,4%@729,0%@1190,75%@1190] GR3D_FREQ 0% cpu@51.687C soc2@50.281C soc0@51.187C gpu@51.406C tj@52.125C soc1@52.125C VDD_IN 5665mW/5678mW VDD_CPU_GPU_CV 791mW/813mW VDD_SOC 1545mW/1545mW",51.687,51.406,51.187,52.125,50.281,52.125,1789215890583791206
0.791,5.665,1.545,2766,"09-12-2026 13:24:51 RAM 2766/7620MB (lfb 8x4MB) SWAP 417/3810MB (cached 0MB) CPU [6%@729,3%@729,4%@729,4%@729,0%@1190,75%@1190] GR3D_FREQ 0% cpu@51.468C soc2@50.281C soc0@51.281C gpu@51.437C tj@52.125C soc1@52.125C VDD_IN 5665mW/5678mW VDD_CPU_GPU_CV 791mW/813mW VDD_SOC 1545mW/1545mW",51.468,51.437,51.281,52.125,50.281,52.125,1789215891590216708
0.792,5.665,1.545,2766,"09-12-2026 13:24:52 RAM 2766/7620MB (lfb 8x4MB) SWAP 417/3810MB (cached 0MB) CPU [5%@729,3%@729,4%@729,4%@1728,3%@1113,75%@1113] GR3D_FREQ 0% cpu@51.343C soc2@50.312C soc0@51.125C gpu@51.562C tj@52.125C soc1@52.125C VDD_IN 5665mW/5678mW VDD_CPU_GPU_CV 792mW/813mW VDD_SOC 1545mW/1545mW",51.343,51.562,51.125,52.125,50.312,52.125,1789215892596741616
0.83,5.665,1.545,2766,"09-12-2026 13:24:53 RAM 2766/7620MB (lfb 8x4MB) SWAP 417/3810MB (cached 0MB) CPU [4%@729,2%@729,7%@729,4%@729,0%@1190,75%@1190] GR3D_FREQ 0% cpu@51.375C soc2@50.25C soc0@51.062C gpu@51.312C tj@52.312C soc1@52.312C VDD_IN 5665mW/5678mW VDD_CPU_GPU_CV 830mW/813mW VDD_SOC 1545mW/1545mW",51.375,51.312,51.062,52.312,50.25,52.312,1789215893604500214
0.83,5.665,1.545,2766,"09-12-2026 13:24:54 RAM 2766/7620MB (lfb 8x4MB) SWAP 417/3810MB (cached 0MB) CPU [5%@729,3%@1728,4%@1728,4%@1728,1%@1190,75%@1190] GR3D_FREQ 0% cpu@51.5C soc2@50.218C soc0@51.187C gpu@51.312C tj@52.031C soc1@52.125C VDD_IN 5665mW/5678mW VDD_CPU_GPU_CV 830mW/813mW VDD_SOC 1545mW/1545mW",51.5,51.312,51.187,52.125,50.218,52.031,1789215894612251309
0.791,5.665,1.545,2766,"09-12-2026 13:24:55 RAM 2766/7620MB (lfb 8x4MB) SWAP 417/3810MB (cached 0MB) CPU [6%@729,4%@729,3%@729,3%@1728,0%@1190,75%@1190] GR3D_FREQ 0% cpu@51.718C soc2@50.25C soc0@51C gpu@51.531C tj@52.125C soc1@52.125C VDD_IN 5665mW/5678mW VDD_CPU_GPU_CV 791mW/813mW VDD_SOC 1545mW/1545mW",51.718,51.531,51.0,52.125,50.25,52.125,1789215895617471560
0.792,5.665,1.545,2766,"09-12-2026 13:24:56 RAM 2766/7620MB (lfb 8x4MB) SWAP 417/3810MB (cached 0MB) CPU [7%@1728,4%@1728,6%@1728,3%@1728,0%@1113,75%@1113] GR3D_FREQ 0% cpu@51.375C soc2@50.281C soc0@51.156C gpu@51.5C tj@52.156C soc1@52.156C VDD_IN 5665mW/5678mW VDD_CPU_GPU_CV 792mW/813mW VDD_SOC 1545mW/1545mW",51.375,51.5,51.156,52.156,50.281,52.156,1789215896625383161
0.791,5.665,1.545,2766,"09-12-2026 13:24:57 RAM 2766/7620MB (lfb 8x4MB) SWAP 417/3810MB (cached 0MB) CPU [6%@1728,3%@1728,3%@1728,1%@1728,0%@1113,75%@1113] GR3D_FREQ 0% cpu@51.437C soc2@50.312C soc0@51.125C gpu@51.406C tj@52.312C soc1@52.312C VDD_IN 5665mW/5678mW VDD_CPU_GPU_CV 791mW/813mW VDD_SOC 1545mW/1545mW",51.437,51.406,51.125,52.312,50.312,52.312,1789215897630503034
0.791,5.665,1.545,2766,"09-12-2026 13:24:58 RAM 2766/7620MB (lfb 8x4MB) SWAP 417/3810MB (cached 0MB) CPU [7%@729,3%@1728,4%@1728,4%@1728,0%@1190,75%@1190] GR3D_FREQ 0% cpu@51.562C soc2@50.281C soc0@51.25C gpu@51.437C tj@52.156C soc1@52.156C VDD_IN 5665mW/5678mW VDD_CPU_GPU_CV 791mW/813mW VDD_SOC 1545mW/1545mW",51.562,51.437,51.25,52.156,50.281,52.156,1789215898637858118
0.83,5.665,1.545,2766,"09-12-2026 13:24:59 RAM 2766/7620MB (lfb 8x4MB) SWAP 417/3810MB (cached 0MB) CPU [4%@1728,3%@1728,6%@1728,3%@1728,0%@1190,75%@1190] GR3D_FREQ 0% cpu@51.437C soc2@50.406C soc0@51.093C gpu@51.343C tj@52.093C soc1@52.093C VDD_IN 5665mW/5678mW VDD_CPU_GPU_CV 830mW/813mW VDD_SOC 1545mW/1545mW",51.437,51.343,51.093,52.093,50.406,52.093,1789215899643873759
0.83,5.665,1.545,2766,"09-12-2026 13:25:00 RAM 2766/7620MB (lfb 8x4MB) SWAP 417/3810MB (cached 0MB) CPU [6%@729,5%@729,4%@729,3%@1728,0%@1190,75%@1190] GR3D_FREQ 0% cpu@51.5C soc2@50.187C soc0@51.062C gpu@51.531C tj@52.156C soc1@52.156C VDD_IN 5665mW/5677mW VDD_CPU_GPU_CV 830mW/813mW VDD_SOC 1545mW/1545mW",51.5,51.531,51.062,52.156,50.187,52.156,1789215900650126460
0.792,5.665,1.545,2766,"09-12-2026 13:25:01 RAM 2766/7620MB (lfb 8x4MB) SWAP 417/3810MB (cached 0MB) CPU [5%@1728,2%@1728,5%@1728,4%@1728,1%@1113,75%@1113] GR3D_FREQ 0% cpu@51.468C soc2@50.125C soc0@51.218C gpu@51.625C tj@52.062C soc1@52.062C VDD_IN 5665mW/5677mW VDD_CPU_GPU_CV 792mW/813mW VDD_SOC 1545mW/1545mW",51.468,51.625,51.218,52.062,50.125,52.062,1789215901656720602
0.791,5.665,1.545,2766,"09-12-2026 13:25:02 RAM 2766/7620MB (lfb 8x4MB) SWAP 417/3810MB (cached 0MB) CPU [6%@729,4%@1728,4%@1728,4%@1728,0%@1113,75%@1113] GR3D_FREQ 0% cpu@51.812C soc2@50.25C soc0@51.25C gpu@51.625C tj@52.093C soc1@52.093C VDD_IN 5665mW/5677mW VDD_CPU_GPU_CV 791mW/813mW VDD_SOC 1545mW/1545mW",51.812,51.625,51.25,52.093,50.25,52.093,1789215902662938264
0.83,5.665,1.545,2766,"09-12-2026 13:25:03 RAM 2766/7620MB (lfb 8x4MB) SWAP 417/3810MB (cached 0MB) CPU [5%@1728,3%@1728,6%@1728,3%@1728,0%@1190,75%@1190] GR3D_FREQ 0% cpu@51.531C soc2@50.25C soc0@51.093C gpu@51.406C tj@52.125C soc1@52.093C VDD_IN 5665mW/5677mW VDD_CPU_GPU_CV 830mW/813mW VDD_SOC 1545mW/1545mW",51.531,51.406,51.093,52.093,50.25,52.125,1789215903668830836
0.791,5.665,1.545,2766,"09-12-2026 13:25:04 RAM 2766/7620MB (lfb 8x4MB) SWAP 417/3810MB (cached 0MB) CPU [5%@729,2%@729,4%@729,2%@729,0%@1113,75%@1113] GR3D_FREQ 0% cpu@51.468C soc2@50.156C soc0@51.125C gpu@51.406C tj@52.156C soc1@52.156C VDD_IN 5665mW/5677mW VDD_CPU_GPU_CV 791mW/813mW VDD_SOC 1545mW/1545mW",51.468,51.406,51.125,52.156,50.156,52.156,1789215904675338146
0.83,5.665,1.545,2766,"09-12-2026 13:25:05 RAM 2766/7620MB (lfb 8x4MB) SWAP 417/3810MB (cached 0MB) CPU [5%@729,5%@1728,7%@1728,3%@1728,0%@1190,75%@1190] GR3D_FREQ 0% cpu@51.593C soc2@50.218C soc0@51.187C gpu@51.593C tj@52.062C soc1@52.062C VDD_IN 5665mW/5677mW VDD_CPU_GPU_CV 830mW/813mW VDD_SOC 1545mW/1545mW",51.593,51.593,51.187,52.062,50.218,52.062,1789215905682949422
0.83,5.704,1.545,2766,"09-12-2026 13:25:06 RAM 2766/7620MB (lfb 8x4MB) SWAP 417/3810MB (cached 0MB) CPU [6%@729,3%@1728,5%@1728,4%@1728,1%@1113,75%@1113] GR3D_FREQ 0% cpu@51.5C soc2@50.25C soc0@50.968C gpu@51.625C tj@52.093C soc1@52.093C VDD_IN 5704mW/5677mW VDD_CPU_GPU_CV 830mW/813mW VDD_SOC 1545mW/1545mW",51.5,51.625,50.968,52.093,50.25,52.093,1789215906688467654
0.83,5.704,1.545,2766,"09-12-2026 13:25:07 RAM 2766/7620MB (lfb 8x4MB) SWAP 417/3810MB (cached 0MB) CPU [9%@729,3%@1728,5%@1728,4%@1728,0%@1113,75%@1113] GR3D_FREQ 0% cpu@51.437C soc2@50.218C soc0@51.062C gpu@51.593C tj@52.093C soc1@52.093C VDD_IN 5704mW/5677mW VDD_CPU_GPU_CV 830mW/813mW VDD_SOC 1545mW/1545mW",51.437,51.593,51.062,52.093,50.218,52.093,1789215907695126265
0.83,5.665,1.545,2764,"09-12-2026 13:25:08 RAM 2764/7620MB (lfb 8x4MB) SWAP 417/3810MB (cached 0MB) CPU [4%@729,3%@729,4%@729,4%@729,0%@1113,75%@1113] GR3D_FREQ 0% cpu@51.468C soc2@50.281C soc0@51.093C gpu@51.406C tj@52.156C soc1@52.281C VDD_IN 5665mW/5677mW VDD_CPU_GPU_CV 830mW/813mW VDD_SOC 1545mW/1545mW",51.468,51.406,51.093,52.281,50.281,52.156,1789215908702052366
0.83,5.704,1.545,2764,"09-12-2026 13:25:09 RAM 2764/7620MB (lfb 8x4MB) SWAP 417/3810MB (cached 0MB) CPU [6%@1728,4%@1728,4%@1728,3%@1728,1%@1190,75%@1190] GR3D_FREQ 0% cpu@51.437C soc2@50.281C soc0@51.187C gpu@51.406C tj@52C soc1@52C VDD_IN 5704mW/5677mW VDD_CPU_GPU_CV 830mW/813mW VDD_SOC 1545mW/1545mW",51.437,51.406,51.187,52.0,50.281,52.0,1789215909708060858
0.83,5.704,1.545,2764,"09-12-2026 13:25:10 RAM 2764/7620MB (lfb 8x4MB) SWAP 417/3810MB (cached 0MB) CPU [4%@1728,4%@1728,5%@1728,4%@1728,0%@1190,75%@1190] GR3D_FREQ 0% cpu@51.625C soc2@50.281C soc0@51.031C gpu@51.406C tj@52.062C soc1@52.062C VDD_IN 5704mW/5678mW VDD_CPU_GPU_CV 830mW/813mW VDD_SOC 1545mW/1545mW",51.625,51.406,51.031,52.062,50.281,52.062,1789215910714294569
0.83,5.704,1.545,2764,"09-12-2026 13:25:11 RAM 2764/7620MB (lfb 8x4MB) SWAP 417/3810MB (cached 0MB) CPU [6%@729,3%@729,4%@729,3%@729,0%@1190,75%@1190] GR3D_FREQ 0% cpu@51.437C soc2@50.25C soc0@51.156C gpu@51.281C tj@52.093C soc1@52.093C VDD_IN 5704mW/5678mW VDD_CPU_GPU_CV 830mW/813mW VDD_SOC 1545mW/1545mW",51.437,51.281,51.156,52.093,50.25,52.093,1789215911720939122
0.83,5.665,1.545,2764,"09-12-2026 13:25:12 RAM 2764/7620MB (lfb 8x4MB) SWAP 417/3810MB (cached 0MB) CPU [7%@729,5%@729,3%@729,3%@729,0%@1190,74%@1190] GR3D_FREQ 0% cpu@51.406C soc2@50.156C soc0@51.125C gpu@51.375C tj@52.25C soc1@52.25C VDD_IN 5665mW/5678mW VDD_CPU_GPU_CV 830mW/813mW VDD_SOC 1545mW/1545mW",51.406,51.375,51.125,52.25,50.156,52.25,1789215912727244121
0.83,5.704,1.545,2764,"09-12-2026 13:25:13 RAM 2764/7620MB (lfb 8x4MB) SWAP 417/3810MB (cached 0MB) CPU [6%@729,3%@729,4%@729,4%@729,0%@1113,75%@1113] GR3D_FREQ 0% cpu@51.531C soc2@50.25C soc0@51.187C gpu@51.406C tj@52.093C soc1@52.062C VDD_IN 5704mW/5678mW VDD_CPU_GPU_CV 830mW/813mW VDD_SOC 1545mW/1545mW",51.531,51.406,51.187,52.062,50.25,52.093,1789215913734669465
0.83,5.665,1.545,2764,"09-12-2026 13:25:14 RAM 2764/7620MB (lfb 8x4MB) SWAP 417/3810MB (cached 0MB) CPU [4%@729,6%@1728,3%@1728,4%@1728,0%@1190,75%@1190] GR3D_FREQ 0% cpu@51.406C soc2@50.25C soc0@51.062C gpu@51.468C tj@52.031C soc1@52.031C VDD_IN 5665mW/5678mW VDD_CPU_GPU_CV 830mW/813mW VDD_SOC 1545mW/1545mW",51.406,51.468,51.062,52.031,50.25,52.031,1789215914740202075
0.83,5.665,1.545,2764,"09-12-2026 13:25:15 RAM 2764/7620MB (lfb 8x4MB) SWAP 417/3810MB (cached 0MB) CPU [5%@729,4%@729,4%@729,3%@729,0%@1190,75%@1190] GR3D_FREQ 0% cpu@51.406C soc2@50.281C soc0@51C gpu@51.375C tj@52.156C soc1@52.156C VDD_IN 5665mW/5678mW VDD_CPU_GPU_CV 830mW/814mW VDD_SOC 1545mW/1545mW",51.406,51.375,51.0,52.156,50.281,52.156,1789215915746927189
0.83,5.665,1.545,2764,"09-12-2026 13:25:16 RAM 2764/7620MB (lfb 8x4MB) SWAP 417/3810MB (cached 0MB) CPU [5%@729,3%@729,3%@1728,6%@1728,0%@1190,75%@1190] GR3D_FREQ 0% cpu@51.468C soc2@50.25C soc0@51.156C gpu@51.281C tj@52.25C soc1@52.25C VDD_IN 5665mW/5678mW VDD_CPU_GPU_CV 830mW/814mW VDD_SOC 1545mW/1545mW",51.468,51.281,51.156,52.25,50.25,52.25,1789215916753148241
0.831,5.665,1.545,2764,"09-12-2026 13:25:17 RAM 2764/7620MB (lfb 8x4MB) SWAP 417/3810MB (cached 0MB) CPU [6%@729,3%@729,4%@729,4%@729,0%@1190,74%@1190] GR3D_FREQ 0% cpu@51.656C soc2@50.25C soc0@51.156C gpu@51.343C tj@52.031C soc1@52.031C VDD_IN 5665mW/5678mW VDD_CPU_GPU_CV 831mW/814mW VDD_SOC 1545mW/1545mW",51.656,51.343,51.156,52.031,50.25,52.031,1789215917759631341
0.831,5.665,1.545,2764,"09-12-2026 13:25:18 RAM 2764/7620MB (lfb 8x4MB) SWAP 417/3810MB (cached 0MB) CPU [6%@729,4%@1728,2%@1728,2%@1728,0%@1113,75%@1113] GR3D_FREQ 0% cpu@51.468C soc2@50.218C soc0@50.968C gpu@51.281C tj@52C soc1@52C VDD_IN 5665mW/5677mW VDD_CPU_GPU_CV 831mW/814mW VDD_SOC 1545mW/1545mW",51.468,51.281,50.968,52.0,50.218,52.0,1789215918766843764
0.83,5.665,1.545,2764,"09-12-2026 13:25:19 RAM 2764/7620MB (lfb 8x4MB) SWAP 417/3810MB (cached 0MB) CPU [5%@1728,4%@1728,4%@1728,3%@1728,1%@1190,75%@1190] GR3D_FREQ 0% cpu@51.437C soc2@50.343C soc0@51.125C gpu@51.468C tj@52.156C soc1@52.156C VDD_IN 5665mW/5677mW VDD_CPU_GPU_CV 830mW/814mW VDD_SOC 1545mW/1545mW",51.437,51.468,51.125,52.156,50.343,52.156,1789215919772521612
0.831,5.665,1.545,2764,"09-12-2026 13:25:20 RAM 2764/7620MB (lfb 8x4MB) SWAP 417/3810MB (cached 0MB) CPU [4%@729,3%@729,6%@729,4%@729,1%@1190,75%@1190] GR3D_FREQ 0% cpu@51.5C soc2@50.25C soc0@51.156C gpu@51.531C tj@52.312C soc1@52.312C VDD_IN 5665mW/5677mW VDD_CPU_GPU_CV 831mW/814mW VDD_SOC 1545mW/1545mW",51.5,51.531,51.156,52.312,50.25,52.312,1789215920778996812
0.831,5.665,1.545,2764,"09-12-2026 13:25:21 RAM 2764/7620MB (lfb 8x4MB) SWAP 417/3810MB (cached 0MB) CPU [5%@729,7%@729,3%@729,3%@729,0%@1190,74%@1190] GR3D_FREQ 0% cpu@51.406C soc2@50.281C soc0@51.187C gpu@51.375C tj@52C soc1@52C VDD_IN 5665mW/5677mW VDD_CPU_GPU_CV 831mW/814mW VDD_SOC 1545mW/1545mW",51.406,51.375,51.187,52.0,50.281,52.0,1789215921786900919
0.791,5.665,1.545,2764,"09-12-2026 13:25:22 RAM 2764/7620MB (lfb 8x4MB) SWAP 417/3810MB (cached 0MB) CPU [5%@729,5%@1728,6%@1728,4%@1728,0%@1113,75%@1113] GR3D_FREQ 0% cpu@51.562C soc2@50.25C soc0@51.062C gpu@51.375C tj@52.156C soc1@52.156C VDD_IN 5665mW/5677mW VDD_CPU_GPU_CV 791mW/814mW VDD_SOC 1545mW/1545mW",51.562,51.375,51.062,52.156,50.25,52.156,1789215922792513811
0.83,5.665,1.545,2764,"09-12-2026 13:25:23 RAM 2764/7620MB (lfb 8x4MB) SWAP 417/3810MB (cached 0MB) CPU [5%@729,3%@1728,6%@1728,3%@1728,0%@1113,75%@1113] GR3D_FREQ 0% cpu@51.468C soc2@50.281C soc0@51.125C gpu@51.312C tj@52.218C soc1@52.218C VDD_IN 5665mW/5677mW VDD_CPU_GPU_CV 830mW/814mW VDD_SOC 1545mW/1545mW",51.468,51.312,51.125,52.218,50.281,52.218,1789215923798796413
0.83,5.665,1.545,2764,"09-12-2026 13:25:24 RAM 2764/7620MB (lfb 8x4MB) SWAP 417/3810MB (cached 0MB) CPU [7%@729,4%@729,3%@1728,3%@1728,0%@1190,75%@1190] GR3D_FREQ 0% cpu@51.437C soc2@50.218C soc0@51.093C gpu@51.531C tj@52.25C soc1@52.25C VDD_IN 5665mW/5677mW VDD_CPU_GPU_CV 830mW/814mW VDD_SOC 1545mW/1545mW",51.437,51.531,51.093,52.25,50.218,52.25,1789215924805133967
0.831,5.665,1.545,2764,"09-12-2026 13:25:25 RAM 2764/7620MB (lfb 8x4MB) SWAP 417/3810MB (cached 0MB) CPU [3%@729,4%@729,6%@729,2%@1728,0%@1190,75%@1190] GR3D_FREQ 0% cpu@51.562C soc2@50.25C soc0@51.25C gpu@51.5C tj@52.062C soc1@52.062C VDD_IN 5665mW/5677mW VDD_CPU_GPU_CV 831mW/814mW VDD_SOC 1545mW/1545mW",51.562,51.5,51.25,52.062,50.25,52.062,1789215925812756018
0.83,5.665,1.545,2764,"09-12-2026 13:25:26 RAM 2764/7620MB (lfb 8x4MB) SWAP 417/3810MB (cached 0MB) CPU [4%@729,3%@729,6%@729,5%@729,0%@1190,75%@1190] GR3D_FREQ 0% cpu@51.406C soc2@50.218C soc0@51.062C gpu@51.375C tj@52.125C soc1@52.125C VDD_IN 5665mW/5677mW VDD_CPU_GPU_CV 830mW/814mW VDD_SOC 1545mW/1545mW",51.406,51.375,51.062,52.125,50.218,52.125,1789215926818244255
0.83,5.665,1.545,2764,"09-12-2026 13:25:27 RAM 2764/7620MB (lfb 8x4MB) SWAP 417/3810MB (cached 0MB) CPU [6%@1728,3%@1728,3%@1728,6%@1728,0%@1190,75%@1190] GR3D_FREQ 0% cpu@51.375C soc2@50.218C soc0@51.125C gpu@51.343C tj@52.218C soc1@52.218C VDD_IN 5665mW/5677mW VDD_CPU_GPU_CV 830mW/814mW VDD_SOC 1545mW/1545mW",51.375,51.343,51.125,52.218,50.218,52.218,1789215927824556082
0.83,5.665,1.545,2764,"09-12-2026 13:25:28 RAM 2764/7620MB (lfb 8x4MB) SWAP 417/3810MB (cached 0MB) CPU [6%@729,7%@729,6%@729,4%@729,0%@1190,75%@1190] GR3D_FREQ 0% cpu@51.531C soc2@50.187C soc0@51.156C gpu@51.375C tj@52.375C soc1@52.375C VDD_IN 5665mW/5677mW VDD_CPU_GPU_CV 830mW/814mW VDD_SOC 1545mW/1545mW",51.531,51.375,51.156,52.375,50.187,52.375,1789215928831181600
0.792,5.665,1.545,2764,"09-12-2026 13:25:29 RAM 2764/7620MB (lfb 8x4MB) SWAP 417/3810MB (cached 0MB) CPU [5%@729,1%@729,4%@729,4%@1728,1%@1036,75%@1036] GR3D_FREQ 0% cpu@51.781C soc2@50.343C soc0@51.125C gpu@51.531C tj@52.062C soc1@52.062C VDD_IN 5665mW/5677mW VDD_CPU_GPU_CV 792mW/814mW VDD_SOC 1545mW/1545mW",51.781,51.531,51.125,52.062,50.343,52.062,1789215929838518649
0.792,5.665,1.545,2764,"09-12-2026 13:25:30 RAM 2764/7620MB (lfb 8x4MB) SWAP 417/3810MB (cached 0MB) CPU [5%@729,5%@729,5%@729,2%@729,0%@1190,75%@1190] GR3D_FREQ 0% cpu@51.312C soc2@50.312C soc0@51.062C gpu@51.562C tj@52.062C soc1@52.062C VDD_IN 5665mW/5677mW VDD_CPU_GPU_CV 792mW/814mW VDD_SOC 1545mW/1545mW",51.312,51.562,51.062,52.062,50.312,52.062,1789215930844034445
0.792,5.665,1.545,2764,"09-12-2026 13:25:31 RAM 2764/7620MB (lfb 8x4MB) SWAP 417/3810MB (cached 0MB) CPU [5%@1728,3%@1728,5%@1728,4%@1728,0%@1190,75%@1190] GR3D_FREQ 0% cpu@51.406C soc2@50.156C soc0@51.093C gpu@51.593C tj@52.25C soc1@52.25C VDD_IN 5665mW/5677mW VDD_CPU_GPU_CV 792mW/814mW VDD_SOC 1545mW/1545mW",51.406,51.593,51.093,52.25,50.156,52.25,1789215931850334407
0.791,5.665,1.545,2764,"09-12-2026 13:25:32 RAM 2764/7620MB (lfb 8x4MB) SWAP 417/3810MB (cached 0MB) CPU [6%@729,2%@729,6%@729,5%@729,0%@1190,74%@1190] GR3D_FREQ 0% cpu@51.625C soc2@50.281C soc0@51.218C gpu@51.375C tj@51.968C soc1@51.968C VDD_IN 5665mW/5677mW VDD_CPU_GPU_CV 791mW/814mW VDD_SOC 1545mW/1545mW",51.625,51.375,51.218,51.968,50.281,51.968,1789215932856680105
0.792,5.665,1.545,2764,"09-12-2026 13:25:33 RAM 2764/7620MB (lfb 8x4MB) SWAP 417/3810MB (cached 0MB) CPU [3%@1728,6%@1728,3%@1728,4%@1728,1%@1190,76%@1190] GR3D_FREQ 0% cpu@51.406C soc2@50.343C soc0@51.187C gpu@51.375C tj@52.156C soc1@52.156C VDD_IN 5665mW/5677mW VDD_CPU_GPU_CV 792mW/814mW VDD_SOC 1545mW/1545mW",51.406,51.375,51.187,52.156,50.343,52.156,1789215933864476916
0.831,5.665,1.545,2764,"09-12-2026 13:25:34 RAM 2764/7620MB (lfb 8x4MB) SWAP 417/3810MB (cached 0MB) CPU [6%@729,4%@729,4%@1728,2%@1728,0%@1036,75%@1036] GR3D_FREQ 0% cpu@51.437C soc2@50.25C soc0@51.093C gpu@51.562C tj@52.125C soc1@52.125C VDD_IN 5665mW/5677mW VDD_CPU_GPU_CV 831mW/814mW VDD_SOC 1545mW/1545mW",51.437,51.562,51.093,52.125,50.25,52.125,1789215934870145382
0.83,5.665,1.545,2764,"09-12-2026 13:25:35 RAM 2764/7620MB (lfb 8x4MB) SWAP 417/3810MB (cached 0MB) CPU [5%@729,3%@729,5%@729,5%@729,0%@1113,76%@1113] GR3D_FREQ 0% cpu@51.437C soc2@50.218C soc0@51.093C gpu@51.625C tj@52.218C soc1@52.218C VDD_IN 5665mW/5677mW VDD_CPU_GPU_CV 830mW/814mW VDD_SOC 1545mW/1545mW",51.437,51.625,51.093,52.218,50.218,52.218,1789215935876438982
0.83,5.665,1.545,2764,"09-12-2026 13:25:36 RAM 2764/7620MB (lfb 8x4MB) SWAP 417/3810MB (cached 0MB) CPU [5%@729,4%@729,4%@729,1%@1728,0%@1190,75%@1190] GR3D_FREQ 0% cpu@51.812C soc2@50.156C soc0@51.125C gpu@51.625C tj@52.031C soc1@52.031C VDD_IN 5665mW/5677mW VDD_CPU_GPU_CV 830mW/814mW VDD_SOC 1545mW/1545mW",51.812,51.625,51.125,52.031,50.156,52.031,1789215936884136656
0.791,5.665,1.545,2764,"09-12-2026 13:25:37 RAM 2764/7620MB (lfb 8x4MB) SWAP 417/3810MB (cached 0MB) CPU [5%@729,3%@729,1%@729,5%@1728,0%@1190,75%@1190] GR3D_FREQ 0% cpu@51.5C soc2@50.187C soc0@51.093C gpu@51.437C tj@52.093C soc1@52.093C VDD_IN 5665mW/5677mW VDD_CPU_GPU_CV 791mW/814mW VDD_SOC 1545mW/1545mW",51.5,51.437,51.093,52.093,50.187,52.093,1789215937889584392
0.792,5.674,1.545,2764,"09-12-2026 13:25:38 RAM 2764/7620MB (lfb 8x4MB) SWAP 417/3810MB (cached 0MB) CPU [5%@729,4%@729,5%@729,1%@729,1%@1190,76%@1190] GR3D_FREQ 0% cpu@51.437C soc2@50.406C soc0@51.031C gpu@51.406C tj@52.156C soc1@52.156C VDD_IN 5674mW/5677mW VDD_CPU_GPU_CV 792mW/814mW VDD_SOC 1545mW/1545mW",51.437,51.406,51.031,52.156,50.406,52.156,1789215938896134646
0.792,5.665,1.545,2764,"09-12-2026 13:25:39 RAM 2764/7620MB (lfb 8x4MB) SWAP 417/3810MB (cached 0MB) CPU [5%@729,2%@729,5%@729,3%@729,0%@1113,75%@1113] GR3D_FREQ 0% cpu@51.406C soc2@50.25C soc0@51.125C gpu@51.687C tj@52.187C soc1@52.187C VDD_IN 5665mW/5677mW VDD_CPU_GPU_CV 792mW/814mW VDD_SOC 1545mW/1545mW",51.406,51.687,51.125,52.187,50.25,52.187,1789215939902345149
0.83,5.665,1.545,2764,"09-12-2026 13:25:40 RAM 2764/7620MB (lfb 8x4MB) SWAP 417/3810MB (cached 0MB) CPU [5%@729,3%@729,4%@729,2%@1728,0%@1190,75%@1190] GR3D_FREQ 0% cpu@51.5C soc2@50.187C soc0@51.218C gpu@51.656C tj@51.968C soc1@51.968C VDD_IN 5665mW/5677mW VDD_CPU_GPU_CV 830mW/814mW VDD_SOC 1545mW/1545mW",51.5,51.656,51.218,51.968,50.187,51.968,1789215940908874205
0.792,5.665,1.545,2764,"09-12-2026 13:25:41 RAM 2764/7620MB (lfb 8x4MB) SWAP 417/3810MB (cached 0MB) CPU [5%@729,5%@729,5%@729,4%@1728,0%@1190,75%@1190] GR3D_FREQ 0% cpu@51.812C soc2@50.25C soc0@51.062C gpu@51.25C tj@52.062C soc1@52.062C VDD_IN 5665mW/5676mW VDD_CPU_GPU_CV 792mW/814mW VDD_SOC 1545mW/1545mW",51.812,51.25,51.062,52.062,50.25,52.062,1789215941916641999
0.791,5.674,1.545,2764,"09-12-2026 13:25:42 RAM 2764/7620MB (lfb 8x4MB) SWAP 417/3810MB (cached 0MB) CPU [7%@729,1%@729,6%@729,5%@729,0%@1190,76%@1190] GR3D_FREQ 0% cpu@51.343C soc2@50.25C soc0@51.125C gpu@51.437C tj@52.125C soc1@52.125C VDD_IN 5674mW/5676mW VDD_CPU_GPU_CV 791mW/814mW VDD_SOC 1545mW/1545mW",51.343,51.437,51.125,52.125,50.25,52.125,1789215942922425281
0.83,5.665,1.545,2763,"09-12-2026 13:25:43 RAM 2763/7620MB (lfb 8x4MB) SWAP 417/3810MB (cached 0MB) CPU [4%@729,3%@729,3%@729,3%@1728,0%@1190,75%@1190] GR3D_FREQ 0% cpu@51.437C soc2@50.187C soc0@51.125C gpu@51.406C tj@52.031C soc1@52.031C VDD_IN 5665mW/5676mW VDD_CPU_GPU_CV 830mW/814mW VDD_SOC 1545mW/1545mW",51.437,51.406,51.125,52.031,50.187,52.031,1789215943928635144
0.831,5.665,1.545,2763,"09-12-2026 13:25:44 RAM 2763/7620MB (lfb 8x4MB) SWAP 417/3810MB (cached 0MB) CPU [6%@729,4%@1728,2%@1728,5%@1728,1%@1190,75%@1190] GR3D_FREQ 0% cpu@51.625C soc2@50.156C soc0@51.218C gpu@51.312C tj@52.031C soc1@52.031C VDD_IN 5665mW/5676mW VDD_CPU_GPU_CV 831mW/814mW VDD_SOC 1545mW/1545mW",51.625,51.312,51.218,52.031,50.156,52.031,1789215944935039310
0.831,5.674,1.545,2763,"09-12-2026 13:25:45 RAM 2763/7620MB (lfb 8x4MB) SWAP 417/3810MB (cached 0MB) CPU [4%@729,5%@729,4%@729,3%@1728,0%@1036,75%@1036] GR3D_FREQ 0% cpu@51.375C soc2@50.312C soc0@51.156C gpu@51.218C tj@52.125C soc1@52.125C VDD_IN 5674mW/5676mW VDD_CPU_GPU_CV 831mW/814mW VDD_SOC 1545mW/1545mW",51.375,51.218,51.156,52.125,50.312,52.125,1789215945942227641
0.831,5.665,1.545,2763,"09-12-2026 13:25:46 RAM 2763/7620MB (lfb 8x4MB) SWAP 417/3810MB (cached 0MB) CPU [6%@729,3%@729,6%@729,2%@729,1%@1190,75%@1190] GR3D_FREQ 0% cpu@51.437C soc2@50.218C soc0@51.031C gpu@51.281C tj@52.218C soc1@52.218C VDD_IN 5665mW/5676mW VDD_CPU_GPU_CV 831mW/814mW VDD_SOC 1545mW/1545mW",51.437,51.281,51.031,52.218,50.218,52.218,1789215946948097351
0.83,5.674,1.545,2763,"09-12-2026 13:25:47 RAM 2763/7620MB (lfb 8x4MB) SWAP 417/3810MB (cached 0MB) CPU [6%@1728,3%@1728,3%@1728,4%@1728,0%@1190,75%@1190] GR3D_FREQ 0% cpu@51.531C soc2@50.187C soc0@51.125C gpu@51.437C tj@52.031C soc1@52.031C VDD_IN 5674mW/5676mW VDD_CPU_GPU_CV 830mW/814mW VDD_SOC 1545mW/1545mW",51.531,51.437,51.125,52.031,50.187,52.031,1789215947955276449
0.831,5.665,1.545,2763,"09-12-2026 13:25:48 RAM 2763/7620MB (lfb 8x4MB) SWAP 417/3810MB (cached 0MB) CPU [6%@729,4%@729,4%@729,1%@1728,1%@1190,75%@1190] GR3D_FREQ 0% cpu@51.375C soc2@50.218C soc0@51.281C gpu@51.406C tj@52.031C soc1@52.031C VDD_IN 5665mW/5676mW VDD_CPU_GPU_CV 831mW/814mW VDD_SOC 1545mW/1545mW",51.375,51.406,51.281,52.031,50.218,52.031,1789215948961174716
0.831,5.665,1.545,2763,"09-12-2026 13:25:49 RAM 2763/7620MB (lfb 8x4MB) SWAP 417/3810MB (cached 0MB) CPU [6%@729,4%@729,5%@729,4%@729,0%@1190,75%@1190] GR3D_FREQ 0% cpu@51.406C soc2@50.25C soc0@51.031C gpu@51.343C tj@52.187C soc1@52.187C VDD_IN 5665mW/5676mW VDD_CPU_GPU_CV 831mW/814mW VDD_SOC 1545mW/1545mW",51.406,51.343,51.031,52.187,50.25,52.187,1789215949968555196
0.831,5.665,1.545,2763,"09-12-2026 13:25:50 RAM 2763/7620MB (lfb 8x4MB) SWAP 417/3810MB (cached 0MB) CPU [6%@729,4%@729,1%@729,2%@729,0%@1190,75%@1190] GR3D_FREQ 0% cpu@51.437C soc2@50.218C soc0@51.125C gpu@51.375C tj@52.156C soc1@52.156C VDD_IN 5665mW/5676mW VDD_CPU_GPU_CV 831mW/814mW VDD_SOC 1545mW/1545mW",51.437,51.375,51.125,52.156,50.218,52.156,1789215950974332491
0.831,5.665,1.545,2763,"09-12-2026 13:25:51 RAM 2763/7620MB (lfb 8x4MB) SWAP 417/3810MB (cached 0MB) CPU [5%@729,3%@729,5%@729,3%@729,0%@1190,76%@1190] GR3D_FREQ 0% cpu@51.718C soc2@50.187C soc0@51.25C gpu@51.25C tj@52C soc1@52C VDD_IN 5665mW/5676mW VDD_CPU_GPU_CV 831mW/814mW VDD_SOC 1545mW/1545mW",51.718,51.25,51.25,52.0,50.187,52.0,1789215951981677147
0.792,5.665,1.545,2763,"09-12-2026 13:25:52 RAM 2763/7620MB (lfb 8x4MB) SWAP 417/3810MB (cached 0MB) CPU [5%@729,4%@729,1%@729,4%@729,0%@1190,75%@1190] GR3D_FREQ 0% cpu@51.468C soc2@50.187C soc0@51C gpu@51.5C tj@52.062C soc1@52.062C VDD_IN 5665mW/5676mW VDD_CPU_GPU_CV 792mW/814mW VDD_SOC 1545mW/1545mW",51.468,51.5,51.0,52.062,50.187,52.062,1789215952987744971
0.792,5.674,1.545,2763,"09-12-2026 13:25:53 RAM 2763/7620MB (lfb 8x4MB) SWAP 417/3810MB (cached 0MB) CPU [6%@729,3%@729,5%@729,4%@729,0%@1190,72%@1190] GR3D_FREQ 0% cpu@51.437C soc2@50.25C soc0@51.062C gpu@51.562C tj@52.156C soc1@52.156C VDD_IN 5674mW/5676mW VDD_CPU_GPU_CV 792mW/814mW VDD_SOC 1545mW/1545mW",51.437,51.562,51.062,52.156,50.25,52.156,1789215953994846611
0.791,5.665,1.545,2763,"09-12-2026 13:25:54 RAM 2763/7620MB (lfb 8x4MB) SWAP 417/3810MB (cached 0MB) CPU [5%@729,4%@729,4%@1728,3%@1728,3%@1113,72%@1113] GR3D_FREQ 0% cpu@51.593C soc2@50.281C soc0@51.093C gpu@51.281C tj@52.156C soc1@52.156C VDD_IN 5665mW/5676mW VDD_CPU_GPU_CV 791mW/814mW VDD_SOC 1545mW/1545mW",51.593,51.281,51.093,52.156,50.281,52.156,1789215955000663228
0.792,5.665,1.545,2763,"09-12-2026 13:25:56 RAM 2763/7620MB (lfb 8x4MB) SWAP 417/3810MB (cached 0MB) CPU [6%@729,4%@729,3%@729,4%@729,1%@1113,72%@1113] GR3D_FREQ 0% cpu@51.437C soc2@50.281C soc0@51.125C gpu@51.218C tj@52C soc1@52C VDD_IN 5665mW/5676mW VDD_CPU_GPU_CV 792mW/814mW VDD_SOC 1545mW/1545mW",51.437,51.218,51.125,52.0,50.281,52.0,1789215956006911288
0.831,5.665,1.545,2763,"09-12-2026 13:25:57 RAM 2763/7620MB (lfb 8x4MB) SWAP 417/3810MB (cached 0MB) CPU [6%@729,4%@729,4%@729,3%@729,1%@1190,72%@1190] GR3D_FREQ 0% cpu@51.687C soc2@50.25C soc0@50.968C gpu@51.375C tj@52.125C soc1@52.125C VDD_IN 5665mW/5676mW VDD_CPU_GPU_CV 831mW/814mW VDD_SOC 1545mW/1545mW",51.687,51.375,50.968,52.125,50.25,52.125,1789215957013202680
0.792,5.665,1.545,2763,"09-12-2026 13:25:58 RAM 2763/7620MB (lfb 8x4MB) SWAP 417/3810MB (cached 0MB) CPU [6%@729,5%@729,3%@729,3%@729,1%@1190,70%@1190] GR3D_FREQ 0% cpu@51.375C soc2@50.375C soc0@51.031C gpu@51.531C tj@52.125C soc1@52.125C VDD_IN 5665mW/5676mW VDD_CPU_GPU_CV 792mW/814mW VDD_SOC 1545mW/1545mW",51.375,51.531,51.031,52.125,50.375,52.125,1789215958021144597
0.831,5.665,1.545,2763,"09-12-2026 13:25:59 RAM 2763/7620MB (lfb 8x4MB) SWAP 417/3810MB (cached 0MB) CPU [7%@1728,3%@1728,2%@1728,5%@1728,0%@1190,70%@1190] GR3D_FREQ 0% cpu@51.437C soc2@50.156C soc0@51.125C gpu@51.468C tj@52.218C soc1@52.218C VDD_IN 5665mW/5676mW VDD_CPU_GPU_CV 831mW/814mW VDD_SOC 1545mW/1545mW",51.437,51.468,51.125,52.218,50.156,52.218,1789215959026360213
0.83,5.704,1.545,2763,"09-12-2026 13:26:00 RAM 2763/7620MB (lfb 8x4MB) SWAP 417/3810MB (cached 0MB) CPU [9%@1728,6%@1728,4%@1728,4%@1728,5%@1113,69%@1113] GR3D_FREQ 6% cpu@51.531C soc2@50.25C soc0@51.218C gpu@51.343C tj@51.968C soc1@51.968C VDD_IN 5704mW/5676mW VDD_CPU_GPU_CV 830mW/814mW VDD_SOC 1545mW/1545mW",51.531,51.343,51.218,51.968,50.25,51.968,1789215960032631085
0.831,5.665,1.545,2763,"09-12-2026 13:26:01 RAM 2763/7620MB (lfb 8x4MB) SWAP 417/3810MB (cached 0MB) CPU [6%@729,4%@729,5%@729,2%@729,0%@1190,75%@1190] GR3D_FREQ 0% cpu@51.25C soc2@50.218C soc0@51C gpu@51.312C tj@52.093C soc1@52.093C VDD_IN 5665mW/5676mW VDD_CPU_GPU_CV 831mW/814mW VDD_SOC 1545mW/1545mW",51.25,51.312,51.0,52.093,50.218,52.093,1789215961039168709
0.83,5.704,1.545,2763,"09-12-2026 13:26:02 RAM 2763/7620MB (lfb 8x4MB) SWAP 417/3810MB (cached 0MB) CPU [5%@1728,3%@1728,5%@1728,2%@1728,0%@1190,75%@1190] GR3D_FREQ 0% cpu@51.343C soc2@50.281C soc0@51.031C gpu@51.5C tj@52.218C soc1@52.218C VDD_IN 5704mW/5676mW VDD_CPU_GPU_CV 830mW/814mW VDD_SOC 1545mW/1545mW",51.343,51.5,51.031,52.218,50.281,52.218,1789215962046467476
0.831,5.704,1.545,2763,"09-12-2026 13:26:03 RAM 2763/7620MB (lfb 8x4MB) SWAP 417/3810MB (cached 0MB) CPU [10%@729,5%@729,6%@729,4%@729,4%@1190,76%@1190] GR3D_FREQ 0% cpu@51.437C soc2@50.187C soc0@51.156C gpu@51.5C tj@52.062C soc1@52.062C VDD_IN 5704mW/5676mW VDD_CPU_GPU_CV 831mW/814mW VDD_SOC 1545mW/1545mW",51.437,51.5,51.156,52.062,50.187,52.062,1789215963052778915
0.83,5.704,1.545,2763,"09-12-2026 13:26:04 RAM 2763/7620MB (lfb 8x4MB) SWAP 417/3810MB (cached 0MB) CPU [6%@729,4%@729,5%@1728,5%@1728,1%@1190,74%@1190] GR3D_FREQ 0% cpu@51.625C soc2@50.281C soc0@51C gpu@51.375C tj@52.062C soc1@52.062C VDD_IN 5704mW/5676mW VDD_CPU_GPU_CV 830mW/814mW VDD_SOC 1545mW/1545mW",51.625,51.375,51.0,52.062,50.281,52.062,1789215964058399409
0.831,5.674,1.545,2763,"09-12-2026 13:26:05 RAM 2763/7620MB (lfb 8x4MB) SWAP 417/3810MB (cached 0MB) CPU [8%@729,5%@729,3%@1728,4%@1728,3%@1190,65%@1190] GR3D_FREQ 0% cpu@51.437C soc2@50.156C soc0@51.125C gpu@51.375C tj@52.156C soc1@52.187C VDD_IN 5674mW/5676mW VDD_CPU_GPU_CV 831mW/814mW VDD_SOC 1545mW/1545mW",51.437,51.375,51.125,52.187,50.156,52.156,1789215965065957792
0.831,5.665,1.545,2763,"09-12-2026 13:26:06 RAM 2763/7620MB (lfb 8x4MB) SWAP 417/3810MB (cached 0MB) CPU [5%@729,2%@729,4%@729,4%@1728,0%@1190,75%@1190] GR3D_FREQ 0% cpu@51.75C soc2@50.187C soc0@51.125C gpu@51.531C tj@52C soc1@52.062C VDD_IN 5665mW/5676mW VDD_CPU_GPU_CV 831mW/814mW VDD_SOC 1545mW/1545mW",51.75,51.531,51.125,52.062,50.187,52.0,1789215966071720555
0.83,5.713,1.545,2763,"09-12-2026 13:26:07 RAM 2763/7620MB (lfb 8x4MB) SWAP 417/3810MB (cached 0MB) CPU [6%@729,4%@729,4%@729,5%@729,1%@1190,75%@1190] GR3D_FREQ 0% cpu@51.5C soc2@50.187C soc0@51C gpu@51.468C tj@52.125C soc1@52.125C VDD_IN 5713mW/5676mW VDD_CPU_GPU_CV 830mW/814mW VDD_SOC 1545mW/1545mW",51.5,51.468,51.0,52.125,50.187,52.125,1789215967078034650
0.83,5.665,1.545,2763,"09-12-2026 13:26:08 RAM 2763/7620MB (lfb 8x4MB) SWAP 417/3810MB (cached 0MB) CPU [7%@729,4%@729,4%@729,0%@729,1%@1190,75%@1190] GR3D_FREQ 0% cpu@51.437C soc2@50.343C soc0@51.062C gpu@51.375C tj@52.062C soc1@52.093C VDD_IN 5665mW/5676mW VDD_CPU_GPU_CV 830mW/814mW VDD_SOC 1545mW/1545mW",51.437,51.375,51.062,52.093,50.343,52.062,1789215968083840599
